dataset_id,particle_id,shape_label,match_valid,match_distance_px,area_px,perimeter_px,equiv_diam_px,solidity,eccentricity,extent,major_axis_px,minor_axis_px,circularity,aspect_ratio,mip_mean,mip_std,mip_max,mip_median,mip_contrast,mip_energy,mip_skewness,mip_entropy,mip_gradient,mip_iqr
0013,5,irregular,1,0.803004706464793,192,50.49,15.6352803808934,0.914285714285714,0.33109582465117,0.627450980392157,16.379097517043,15.4552695058811,0.946455831271822,1.0597743061556,1.65838453932473,0.392429354045206,3.37783861160278,1.50841867923737,0.465060248439176,2.90413054703691,2.0162248866849,3.38144503430122,0.0943755512795049,0.174230098724365
0013,19,irregular,1,0.607675164149322,1174,146.475,38.6624265342862,0.863870493009566,0.520801267119357,0.620507399577167,42.5814287459503,36.3508267463096,0.687623875240428,1.1714019338026,1.91425687377913,0.498479403035414,4.08386135101318,1.72041583061218,0.510648738385904,3.91281750077782,1.91837233296102,3.57052489914725,0.0877872627413378,0.295241832733154
0013,18,circular,1,9.68321522420489,72,61.548,9.57461472963438,0.464516129032258,0.942791462703037,0.327272727272727,22.7228748463072,7.57542131513329,0.238844073904365,2.99955261906213,1.61451267637904,0.197652646800047,2.56022596359253,1.59453898668289,0.388986307704372,2.64568674576234,0.667465974272884,4.09264996016594,0.140194393146795,0.249107956886292
0013,15,circular,1,0.289293086565131,1168,151.553,38.5635033192093,0.843321299638989,0.261645999655404,0.603305785123967,39.6279607009288,38.2474774481733,0.639033508410497,1.0360934457606,1.8778937059839,0.517570155390893,4.00801229476929,1.69291853904724,0.529848805137074,3.79431725880534,1.72070032823394,3.77778582949948,0.0893407734524056,0.325513243675232
0013,13,irregular,1,2.76747346172016,533,93.851,26.0506559868239,0.87953795379538,0.658328225148672,0.636798088410992,30.4910624715044,22.9515677348352,0.760430038636083,1.32849584933695,1.86070930834548,0.43745068121544,3.84160447120667,1.697594165802,0.470001101164945,3.65353400652084,1.89221062359734,3.67344729157873,0.0939802782246284,0.325207591056824
0013,NaN,unmatched,0,NaN,19,17.616,4.91849075936593,0.791666666666667,0.850908714735248,0.395833333333333,7.66673387233583,4.02743943092187,0.769394117835631,1.90362487228788,1.66327500277823,0.192357153791055,2.25988745689392,1.6488556265831,0.346140668511908,2.80343418355485,0.09363124519332,4.39863803339874,0.14039840865044,0.248458743095398
0013,NaN,unmatched,0,NaN,8,11.231,3.19153824321146,0.8,0.899263771717399,0.4,6.03688873066747,2.64057590692007,0.797008579654942,2.28620154976299,1.6827185400327,0.189079192228968,2.43137335777283,1.6668564081192,0.34347375564827,2.86723304100219,0.267334132153106,4.23075956743218,0.143199305059118,0.233974099159241
0013,NaN,unmatched,0,NaN,39,33.354,7.04672563994593,0.619047619047619,0.955736791812849,0.333333333333333,15.4429460026949,4.54367019164521,0.440533178082231,3.39878233923999,1.63822463425723,0.194094473149847,2.43137335777283,1.63347566127777,0.400429854907833,2.72141325141888,0.147936566325123,4.1253579701206,0.13473249048402,0.22757351398468
0013,NaN,unmatched,0,NaN,17,23.984,4.65242649168128,0.515151515151515,0.933945978348679,0.242857142857143,11.8038744019768,4.21887231248965,0.371377470953413,2.79787429617919,1.65673610796163,0.178864215141017,2.35933423042297,1.64204001426697,0.320244555229385,2.77672744208253,0.560128956299193,4.25280095395741,0.133245237983227,0.23669970035553
0013,NaN,unmatched,0,NaN,39,35.05,7.04672563994593,0.609375,0.878528953154087,0.272727272727273,13.2931700316293,6.35000245932235,0.398931588629252,2.09341179263857,1.62059555363678,0.214981374912937,2.38801884651184,1.63877618312836,0.408604049100781,2.6725017621269,-0.0208205835787599,4.29578361222667,0.137382618745523,0.263689398765564
0013,1,irregular,1,0.780274334650652,710,113.509,30.0665940332783,0.888610763454318,0.874850676262166,0.593645484949833,43.6039831473511,21.1214514169226,0.692480610313976,2.06444066208516,1.66639986311396,0.299805215531318,3.14176058769226,1.55854135751724,0.419751598668434,2.86675294538615,1.86436946981937,3.55347773919988,0.0873068984862972,0.196674346923828
0013,14,irregular,1,1.55864552789594,236,97.697,17.3344896826384,0.595959595959596,0.73354315201342,0.416225749559083,23.8057931188372,16.1794377924596,0.310712990610809,1.47136095976906,1.70740045174825,0.182115166988167,2.4790780544281,1.67830383777618,0.304356353478452,2.94836502550234,0.910968558846104,4.22656503622051,0.10444139629334,0.234127402305603
0013,14,irregular,1,12.9259972212627,11,13.216,3.74241031850956,0.785714285714286,0.897680364984566,0.366666666666667,6.99724748190809,3.08331756978739,0.791411741488409,2.26938916395517,1.73555399216138,0.19881244314725,2.46571326255798,1.707903444767,0.301901900496873,3.05161323743049,0.811588151134139,4.37325253493252,0.121094156105155,0.25767993927002
0013,8,irregular,1,2.2856824152919,146,99.401,13.6342573516614,0.477124183006536,0.76514493564378,0.280769230769231,24.0958915178223,15.5143344537439,0.185686877295923,1.55313729955122,1.6446724453698,0.165844238380895,2.55601835250854,1.61578071117401,0.328723105151785,2.73243681596749,0.99488563590669,3.95880776806537,0.100568943306552,0.213633060455322
0013,NaN,unmatched,0,NaN,10,10.214,3.56824823230554,1,0.89164853508037,0.5,5.66476021633881,2.56459711417832,1.20453148657108,2.20883045723686,1.9415821715196,0.257513615870777,3.44171619415283,1.90602391958237,0.368292380709932,3.83594406901766,2.26044976933509,3.643817802599,0.0901806930862918,0.221041083335876
0013,9,circular,1,10.8098651005351,1100,187.753,37.4241031850956,0.742240215924426,0.803755890987302,0.415721844293273,54.9527478189375,32.694643713213,0.39212883492429,1.68078748008284,1.97657337184161,0.557979306277356,4.17194700241089,1.81575906276703,0.57154600863095,4.21814598548123,1.6376047915295,3.95128799403645,0.0865244963539282,0.401658654212952
0013,9,circular,1,12.1556332391356,1215,182.568,39.3317435013148,0.763190954773869,0.751455900910324,0.50625,50.7578088248361,33.4891556084062,0.458075248658577,1.51564910797856,2.00379539649721,0.578563439516584,4.17194700241089,1.84293043613434,0.561624324851405,4.34988741417049,1.50018977475259,4.07491569461838,0.0881605246545201,0.438031792640686
0013,NaN,unmatched,0,NaN,8955,570.559,106.779492989541,0.747995322418978,0.915171054875723,0.448198198198198,184.164054808732,74.2302095087209,0.345680063883115,2.48098524883047,1.76520872928357,0.688538975192833,5.20859718322754,1.5232013463974,0.670919218044524,3.59004003356829,2.37099082758812,3.42252180058526,0.0727206255591327,0.45300030708313
0013,NaN,unmatched,0,NaN,185,68.288,15.3476159639211,0.717054263565892,0.505505746594668,0.44047619047619,17.9681746280752,15.5033586148673,0.49853173066906,1.1589859381079,1.82262547670341,0.160393802259694,2.6524806022644,1.80083572864532,0.286566191827109,3.34767411344153,0.697947853230083,4.07763742866471,0.0772196723124026,0.216331362724304
0013,3,irregular,1,2.42811575154953,1045,135.533,36.4765037284036,0.886344359626802,0.678867824905263,0.592403628117914,43.1936102749778,31.7153617140137,0.714884780920741,1.36191447742159,1.921402082054,0.45792262158625,4.11083793640137,1.77891510725021,0.532076276270286,3.90144079516146,1.92043987648011,3.6866278431634,0.0838446707888672,0.315063834190369
0013,11,irregular,1,0.969400184821014,1022,148.948,36.0728542635503,0.843234323432343,0.621496504029802,0.642363293526084,41.7960307808823,32.7437183677755,0.578883815421693,1.27645951236911,1.59348190618598,0.231459076712904,2.92880058288574,1.50834035873413,0.397117464573931,2.59274753720558,1.37090194793195,3.73787573352545,0.102583002990793,0.279160737991333
0013,10,circular,1,0.774283215308837,1307,160.484,40.7936770219216,0.870752831445703,0.278388629678785,0.691534391534392,42.1838949631476,40.5163030083719,0.6377081549596,1.04115854189439,1.78957707740163,0.46859341385949,3.6924831867218,1.68320125341415,0.534097468360794,3.4221293312241,1.34715176210056,4.21454627395454,0.0787996848797978,0.491017460823059
0013,2,circular,1,0.758462174938015,3815,292.074,69.6951136247344,0.878020713463751,0.232906020226593,0.669298245614035,71.1503125352023,69.1936253762479,0.56197708780455,1.02827843097272,1.75141131003753,0.439159155458276,3.65557789802551,1.58267229795456,0.509401169306595,3.26029118757165,1.36766590302491,3.96796896756664,0.0733693841485647,0.476850271224976
0013,12,circular,1,0.707292203778822,654,121.499,28.8565185401288,0.814445828144458,0.460576927389219,0.619318181818182,31.8328229705634,28.2554436825045,0.55672689907505,1.12660849810948,1.58000589925458,0.238947361698667,2.65698957443237,1.51063162088394,0.38655263585012,2.55349779840876,1.09198182286718,4.12344574023642,0.111510623989654,0.318407297134399
0015,5,irregular,1,0.797569957547725,192,50.49,15.6352803808934,0.914285714285714,0.33109582465117,0.627450980392157,16.379097517043,15.4552695058811,0.946455831271822,1.0597743061556,1.65745745020605,0.391301790019403,3.37555742263794,1.50756680965424,0.464451660852255,2.90017338749082,2.01723504040471,3.39805841831635,0.0940069934824116,0.173023223876953
0015,19,irregular,1,0.490121089840039,1179,152.471,38.7446696107059,0.852494577006508,0.513814061826444,0.608987603305785,42.6205830928007,36.5642653001832,0.63730770889713,1.16563488266198,1.9099121209946,0.497209094760727,4.06536293029785,1.71779680252075,0.510219892074439,3.89493839312784,1.93221946536967,3.570726689199,0.087162002557623,0.292337417602539
0015,18,circular,1,9.6836453756412,72,61.548,9.57461472963438,0.464516129032258,0.942791462703037,0.327272727272727,22.7228748463072,7.57542131513329,0.238844073904365,2.99955261906213,1.61459923642022,0.197634294082758,2.56121253967285,1.59433776140213,0.388873110408454,2.64595900899064,0.667483010124215,4.0922313309714,0.140156323509221,0.24867057800293
0015,15,circular,1,0.24183050264185,1161,146.963,38.4477712154752,0.856826568265683,0.290177686319227,0.628246753246753,39.6164967413629,37.9119092005539,0.67550110877742,1.04496179635248,1.88901562751357,0.519818879386018,4.00572490692139,1.70213198661804,0.527839694588981,3.83854366218533,1.69490912659565,3.78059514789531,0.0905735877228638,0.328966856002808
0015,13,irregular,1,2.78345995221147,533,93.851,26.0506559868239,0.87953795379538,0.658328225148672,0.636798088410992,30.4910624715044,22.9515677348352,0.760430038636083,1.32849584933695,1.86219773483786,0.43914026514786,3.87533569335938,1.69851243495941,0.472902371195576,3.66055582595878,1.89854113309271,3.65885855043787,0.0943972898515771,0.324233174324036
0015,NaN,unmatched,0,NaN,19,17.616,4.91849075936593,0.791666666666667,0.850908714735248,0.395833333333333,7.66673387233583,4.02743943092187,0.769394117835631,1.90362487228788,1.66340396184843,0.192472559525795,2.26096534729004,1.64934068918228,0.346361215067381,2.8039075395319,0.093092230718657,4.39944280634611,0.140422656804101,0.247637987136841
0015,NaN,unmatched,0,NaN,8,11.231,3.19153824321146,0.8,0.899263771717399,0.4,6.03688873066747,2.64057590692007,0.797008579654942,2.28620154976299,1.68271930774053,0.18909686407298,2.43056583404541,1.66545593738556,0.343593127353929,2.86724229660499,0.26811764470248,4.2323054218103,0.143139618390793,0.232519507408142
0015,NaN,unmatched,0,NaN,8,11.231,3.19153824321146,0.8,0.899263771717399,0.4,6.03688873066747,2.64057590692007,0.797008579654942,2.28620154976299,1.64915682892005,0.18914184645458,2.26096534729004,1.64916032552719,0.346361215067381,2.75543326005707,0.0294777705075542,4.35711572400822,0.137285716678962,0.233011603355408
0015,NaN,unmatched,0,NaN,39,33.354,7.04672563994593,0.619047619047619,0.955736791812849,0.333333333333333,15.4429460026949,4.54367019164521,0.440533178082231,3.39878233923999,1.63836609569837,0.194112546080243,2.43056583404541,1.63412487506866,0.40028644349238,2.72188377137271,0.150508703766005,4.12692037028906,0.134800718505089,0.228367805480957
0015,NaN,unmatched,0,NaN,17,23.984,4.65242649168128,0.515151515151515,0.933945978348679,0.242857142857143,11.8038744019768,4.21887231248965,0.371377470953413,2.79787429617919,1.65690959839173,0.178855041386643,2.35962200164795,1.64042550325394,0.320171949648177,2.77729905032413,0.561834524424829,4.25681575784795,0.133196186945653,0.237505674362183
0015,NaN,unmatched,0,NaN,39,35.05,7.04672563994593,0.609375,0.878528953154087,0.272727272727273,13.2931700316293,6.35000245932235,0.398931588629252,2.09341179263857,1.62064981507183,0.214936670124141,2.38943219184875,1.63806140422821,0.408324639043217,2.67265843614383,-0.0195488761300267,4.29731302000677,0.137369496334982,0.262142419815063
0015,1,irregular,1,0.813095285796263,726,115.957,30.4034851534775,0.883211678832117,0.860455196885274,0.584541062801932,43.2511412664026,22.0375856513903,0.678504204028677,1.96260797124453,1.66863704289569,0.300680306187192,3.12887763977051,1.56116092205048,0.416923042788365,2.8747397010905,1.88578545941394,3.58178656335024,0.0876733372411568,0.196158528327942
0015,14,irregular,1,1.56740753195661,239,97.143,17.444318593505,0.603535353535353,0.734351743703477,0.421516754850088,23.854985349168,16.1920273823881,0.318261966756417,1.47325500295996,1.7078012489691,0.182127598002508,2.48242020606995,1.67946565151215,0.305416150705996,2.94973835440996,0.92154467135709,4.22258125418995,0.104464775811438,0.23359477519989
0015,14,irregular,1,12.9224243495243,11,13.216,3.74241031850956,0.785714285714286,0.897680364984566,0.366666666666667,6.99724748190809,3.08331756978739,0.791411741488409,2.26938916395517,1.73667049866456,0.198571575584196,2.48242020606995,1.7056565284729,0.305416150705996,3.05539442899161,0.832694723012672,4.33252134791919,0.121152165638697,0.256449103355408
0015,8,irregular,1,2.78155204969472,133,94.629,13.0131033750515,0.494423791821561,0.831493714767534,0.300904977375566,25.1966287636506,13.9975879808769,0.186643557481523,1.800069326092,1.64812759205822,0.16775401560597,2.54258298873901,1.61445099115372,0.326553720456497,2.74444943513723,1.00056014721106,3.96350348113155,0.102814705395672,0.216394066810608
0015,NaN,unmatched,0,NaN,10,10.214,3.56824823230554,1,0.89164853508037,0.5,5.66476021633881,2.56459711417832,1.20453148657108,2.20883045723686,1.94161463538806,0.257562137507129,3.43954062461853,1.90550893545151,0.367851651524576,3.83609508327254,2.2585840898434,3.65074393558866,0.0901521410392929,0.219832897186279
0015,9,circular,1,10.7985665227938,1097,188.216,37.3730354744497,0.740215924426451,0.802402047622243,0.4145880574452,54.8572339861889,32.7379108551449,0.389137794060002,1.67564858456959,1.97663109123835,0.557949047248615,4.1727089881897,1.81545752286911,0.571331423982152,4.21834039918612,1.63773569230462,3.9519846876899,0.0865199321229435,0.401277899742126
0015,9,circular,1,12.0877702376299,1200,187.34,39.0882009522336,0.753768844221106,0.752567899934075,0.5,50.6459907843009,33.3511273460777,0.429665099200184,1.51856908040193,2.00380277682497,0.578570826268377,4.1727089881897,1.84350901842117,0.562196501510527,4.34992553789274,1.50008747376241,4.03527048572923,0.0881578307737066,0.437596678733826
0015,NaN,unmatched,0,NaN,8954,570.741,106.773530819013,0.747911794186435,0.915180170496916,0.448148148148148,184.174327947867,74.2305382388187,0.345421058270448,2.48111265683311,1.7650823821124,0.688501544638032,5.20794153213501,1.52299588918686,0.670476798117636,3.58954244872432,2.37168068750273,3.42231576134841,0.0726747185371175,0.45277726650238
0015,NaN,unmatched,0,NaN,182,69.14,15.2226672151039,0.705426356589147,0.526407121018882,0.433333333333333,18.092271317604,15.3826396146792,0.478434513692996,1.17614868259276,1.82213705211151,0.160276510920798,2.65702271461487,1.79996997117996,0.288193724004188,3.34585633287449,0.699445396823321,4.00621219882097,0.0771729750344578,0.216188192367554
0015,3,irregular,1,2.45624793737618,1046,135.351,36.4939524276692,0.887192536047498,0.678458084029562,0.59297052154195,43.2024954624094,31.7382430007442,0.717494557331928,1.36121257441366,1.92055563102942,0.457317447327348,4.12073612213135,1.778235912323,0.532517864103358,3.89763498753519,1.92086943167728,3.6705074682003,0.0835639737043246,0.31706690788269
0015,11,irregular,1,1.06424859279711,1092,142.861,37.2877672011988,0.88135593220339,0.586431595142416,0.686360779384035,42.0255814683641,34.0406686965074,0.672365050630243,1.23456979776299,1.59585376294915,0.232947673209621,2.90920042991638,1.50953543186188,0.394622693294829,2.60100336525612,1.3683286665111,3.77959014673714,0.103203877469394,0.282169580459595
0015,10,circular,1,0.788808120321961,1307,160.484,40.7936770219216,0.870752831445703,0.277676159312011,0.691534391534392,42.1794054469803,40.5206892398565,0.6377081549596,1.04093504425123,1.78954762583729,0.468554586267564,3.69007706642151,1.68319690227509,0.533937639532849,3.42198753926299,1.34708091407153,4.21431511606904,0.0787835522691483,0.491235971450806
0015,2,circular,1,0.757946397005099,3815,292.074,69.6951136247344,0.878020713463751,0.232906020226593,0.669298245614035,71.1503125352023,69.1936253762479,0.56197708780455,1.02827843097272,1.75145950398455,0.439159099714422,3.6535701751709,1.58276349306107,0.509327611930174,3.26045995578407,1.36759403904856,3.96917659229857,0.0733772455496183,0.476799011230469
0015,12,circular,1,0.707999614812747,654,121.499,28.8565185401288,0.814445828144458,0.460576927389219,0.619318181818182,31.8328229705634,28.2554436825045,0.55672689907505,1.12660849810948,1.57996161380475,0.238891595123306,2.65882754325867,1.51073372364044,0.386815687268143,2.55333121817088,1.09272642779757,4.1226663836644,0.111466940445266,0.317467212677002
0016,NaN,unmatched,0,NaN,11,12.455,3.74241031850956,0.733333333333333,0.632657257973565,0.44,5.22406492801918,4.04568261628328,0.891076695101649,1.2912690943657,1.66094906692505,0.201242347383313,2.47771763801575,1.64945709705353,0.390097387934586,2.79918548772772,0.358669918894662,4.1737028054456,0.141000107911598,0.239831686019897
0016,NaN,unmatched,0,NaN,13,16.764,4.06842894512822,0.65,0.536919918366857,0.361111111111111,6.00592570660911,5.06679841224038,0.581296772968517,1.18534925172866,1.66266754569387,0.201468720235428,2.54822397232056,1.63948041200638,0.411835819665756,2.80499296888306,0.427570225754986,4.04684433019858,0.156549563963916,0.228240251541138
0016,NaN,unmatched,0,NaN,72,49.936,9.57461472963438,0.5625,0.942285432296691,0.378947368421053,20.058202278767,6.71569952495645,0.362839748974274,2.98676291341325,1.63277125572547,0.196074775920326,2.54822397232056,1.61609047651291,0.411835819665756,2.70435443202958,0.452548594049142,4.0116204529585,0.144329150341786,0.222307205200195
0016,NaN,unmatched,0,NaN,22,26.134,5.29256742840123,0.511627906976744,0.961307255592038,0.333333333333333,13.5672330017075,3.73747992241973,0.404781608007035,3.63004839713596,1.68545359077288,0.204453237904531,2.60352635383606,1.67785292863846,0.410888219311585,2.88250307069902,0.424316960388841,4.06538883972609,0.148513048424694,0.237090945243835
0016,14,irregular,1,1.72450299981267,341,88.384,20.8368588024849,0.787528868360277,0.855296832370086,0.541269841269841,30.4644891481307,15.7848195174783,0.548550907520659,1.92998653639327,1.5482743771969,0.253007195390514,2.83148503303528,1.46331411600113,0.406442402783418,2.46113984535325,1.53767097829855,3.82347127105348,0.103158180666411,0.248556017875671
0016,NaN,unmatched,0,NaN,104,62.193,11.5072547835032,0.517412935323383,0.86637885710985,0.382352941176471,20.4386680130307,10.2068112459144,0.337878214577645,2.00245380467987,1.64646996069957,0.215074680237239,2.60352635383606,1.6287385225296,0.410888219311585,2.75708572199905,0.506392476649242,4.15436317134414,0.145543408931037,0.2607262134552
0016,NaN,unmatched,0,NaN,134,79.056,13.0619332028039,0.483754512635379,0.933101992453977,0.297777777777778,27.7645507196691,9.98446102477522,0.269429403306052,2.78077611307959,1.6257720911712,0.201847234195174,2.57828164100647,1.60264182090759,0.415779006132445,2.68385337247349,0.637302133717682,4.02552216570074,0.136064266409999,0.241374492645264
0016,20,circular,1,13.256786267223,10,16.582,3.56824823230554,0.526315789473684,0.942310748509842,0.238095238095238,9.33500558033401,3.12479399029753,0.45702088019608,2.98739872430604,1.5879721880978,0.244835087346665,2.53837180137634,1.54547923803329,0.387680024149199,2.58151449954138,0.567522722492787,4.35868533821303,0.124343529700907,0.378456950187683
0016,20,circular,1,5.50667034808051,165,60.795,14.4942928382623,0.726872246696035,0.619324924652777,0.647058823529412,17.3335082665618,13.6091403643911,0.56099382725702,1.27366665362021,1.61939470473404,0.260958906179054,2.90956687927246,1.60530948638916,0.450372813882572,2.69048617390915,0.466442215659755,4.15149954994557,0.148032025283969,0.388266086578369
0016,20,circular,1,12.0306421972448,15,11.81,4.37019372236832,1,0.729540154534868,0.625,5.50494790951552,3.76504296303784,1.35145418616801,1.46212087446509,1.60619155604106,0.261783616745316,2.59279918670654,1.57526922225952,0.403259022675142,2.64827215191501,0.542652413713913,4.39723452790539,0.14045151822669,0.369858741760254
0016,NaN,unmatched,0,NaN,13,16.309,4.06842894512822,0.65,0.952057509890477,0.30952380952381,8.98331965932233,2.74816909626529,0.614184074035294,3.26883803166642,1.56362677826161,0.214525950361913,2.24840354919434,1.55746752023697,0.360202309166496,2.49088452754929,0.236128264808833,4.50278916161458,0.112599792295012,0.313634276390076
0016,15,circular,1,0.983538569737271,12,19.303,3.90882009522336,0.48,0.834524253071471,0.3,8.61135145466837,4.74460670560243,0.404707719874303,1.81497687563862,1.41520602149623,0.216962515130308,2.63608646392822,1.37204223871231,0.467580713353423,2.04981356948946,1.07891913450913,3.92141122033127,0.178659046170339,0.284114599227905
0016,NaN,unmatched,0,NaN,17,19.005,4.65242649168128,0.62962962962963,0.927336925889686,0.425,9.62122286496031,3.60052623272568,0.591456811256363,2.67217130027041,1.56413626790047,0.21983477587296,2.25769019126892,1.57214677333832,0.40489754489253,2.49478055420374,-0.03996941812058,4.39903895920498,0.11878625401429,0.312419056892395
0016,NaN,unmatched,0,NaN,8110,491.702,101.61679343397,0.826033815441027,0.837591582473551,0.600740740740741,141.125135797507,77.0962291090989,0.421528330708082,1.83050633511272,1.79438688909348,0.6296074291767,5.33757495880127,1.59875845909119,0.658140550359658,3.61622049631431,2.91388658681673,3.29403447718943,0.0858644521076413,0.355498790740967
0016,3,irregular,1,14.1975879779041,2584,247.822,57.3589660262078,0.869448183041723,0.796610635820483,0.527777777777778,75.9899626523609,45.935382130645,0.528716249608218,1.65427953633296,1.88712817012302,0.656653618758579,4.44015645980835,1.66047298908234,0.629260748509128,3.9924177274109,1.56089435351532,4.03330780399338,0.0838022561132057,0.625032544136047
0016,NaN,unmatched,0,NaN,1736,194.33,47.0142940993507,0.906527415143603,0.903333372510622,0.459259259259259,74.666014974144,32.0271790601523,0.577670092454474,2.33133286056536,2.00654312065982,0.695646046085974,4.44015645980835,1.81186747550964,0.60179561346016,4.51009683287574,1.25887860547825,4.24895283325911,0.0890316836060105,0.720456719398499
0016,16,circular,1,1.12877302292751,3375,242.574,65.5529058355247,0.90555406493158,0.24162258194122,0.709033613445378,66.7381509674602,64.7607198774587,0.720767410507841,1.03053442107721,1.77354746893293,0.657395730978105,4.57780122756958,1.47049242258072,0.585176752311225,3.57761025191615,1.79517138334695,3.55870625302806,0.0742570314124691,0.587567925453186
0016,NaN,unmatched,0,NaN,119,70.736,12.3091634899974,0.533632286995516,0.958293649931964,0.264444444444444,28.3360631526202,8.09803243093151,0.298865531525987,3.49912937423995,1.68040340985471,0.24536293926149,3.42652726173401,1.64813762903214,0.506150731587936,2.88392338539802,0.804437415846568,3.70614959006346,0.125220634634381,0.348991870880127
0016,18,circular,1,1.1409582098011,859,138.519,33.0713285026094,0.79610750695088,0.633424889718295,0.598606271777003,38.8426516664225,30.0566062242689,0.562580056865271,1.29231661673963,1.70254247736182,0.253476409202639,3.45689082145691,1.69214081764221,0.509424461336008,2.96288725518723,0.713277357164012,3.76305082091159,0.134873819175321,0.336061596870422
0016,NaN,unmatched,0,NaN,12,12.736,3.90882009522336,0.857142857142857,0.921509696950435,0.5,6.94105268094144,2.6955949482146,0.929661849681963,2.57496130326954,1.65418639931923,0.223687811335427,2.28133344650269,1.63785463571548,0.324828504383353,2.78628869435561,0.269882417784097,4.58308487908183,0.119110791255991,0.342456221580505
0016,NaN,unmatched,0,NaN,5805,429.484,85.9718300211623,0.827748467132468,0.670010480682771,0.606709866220736,102.925816966147,76.4071489097832,0.395474157550797,1.34707050890847,1.71039453780028,0.366900678910048,3.60107326507568,1.60817223787308,0.630833537797181,3.06006102727674,1.29663175133805,3.82541743439681,0.079331302043119,0.416940331459045
0016,NaN,unmatched,0,NaN,23,22.652,5.41151637980601,0.71875,0.935357639422037,0.46,10.653764797288,3.76827269911967,0.563280340878336,2.82722765785419,1.60532299009959,0.218287300928059,2.32058811187744,1.58215427398682,0.315552056998842,2.62464771582774,0.446888990343915,4.53582465051241,0.111967503716406,0.336517930030823
0016,6,irregular,1,5.47089692103345,3014,272.126,61.9479135066854,0.856006816245385,0.541236552081284,0.624016563146998,68.5509746622867,57.6424840618724,0.511461603692023,1.18924393661983,1.66693848347279,0.424069980516282,3.76327753067017,1.51155418157578,0.557666886025605,2.9585070737417,1.62715931580966,3.79204946256139,0.0882780442248496,0.390804171562195
0016,8,irregular,1,2.94620042673175,410,79.03,22.8479367414525,0.907079646017699,0.755050898116706,0.673234811165846,29.1944657339526,19.1418238618198,0.824916056298022,1.52516635534317,1.68719914238908,0.351027914317769,3.04197120666504,1.5455527305603,0.397466085115304,2.96980535456618,1.52255389281028,3.97503343167528,0.106458097871961,0.292128205299377
0016,NaN,unmatched,0,NaN,25,37.084,5.64189583547756,0.352112676056338,0.911841262964079,0.208333333333333,15.4572856251525,6.34587958986941,0.228442407206834,2.43579875827278,1.67562593830129,0.246878956569943,2.80832672119141,1.67010515928268,0.437018997505494,2.86860801553512,0.492519169187268,4.18368003573988,0.170945533377046,0.328347444534302
0016,13,irregular,1,3.87957040842718,496,121.491,25.1301972572569,0.741405082212257,0.66273778196482,0.592592592592593,30.5254322369317,22.8590170090071,0.422282736226617,1.33537816717595,1.68264841221658,0.25766516687805,2.80832672119141,1.669473528862,0.467117884077647,2.89767334843099,0.377069300726761,4.19946351953405,0.161869433200749,0.350062727928162
0016,17,irregular,1,3.56823578658766,223,57.429,16.8502943142232,0.913934426229508,0.185849747688404,0.586842105263158,17.6939270601634,17.3856665710438,0.849673784573942,1.01773072593219,1.71604668765496,0.366651766283491,3.296710729599,1.60833990573883,0.43851157810645,3.07916357659849,1.77419135569314,3.86391569157027,0.0855320626544555,0.264680743217468
0016,NaN,unmatched,0,NaN,27,24.356,5.86323014283504,0.627906976744186,0.494540486326404,0.428571428571429,7.65716094210049,6.65525660591567,0.57195478466283,1.15054330666894,1.6558431443279,0.243716499359902,2.59308695793152,1.6378687620163,0.395933774038427,2.80113839150545,0.52708984262966,4.3499298326409,0.160149196104904,0.342838168144226
0016,NaN,unmatched,0,NaN,48,29.128,7.81764019044672,0.813559322033898,0.806820555420348,0.484848484848485,10.9409511591235,6.46387645649157,0.710934793845504,1.69262999266263,1.60637839279398,0.264932431301834,2.55781626701355,1.5920478105545,0.445252831047802,2.65056265924874,0.475696257118568,4.40006408365236,0.149640586955832,0.363241910934448
0016,10,circular,1,0.963132368094621,344,114.577,20.928315827818,0.623188405797101,0.442666082476401,0.3359375,24.8909020898469,22.3193367115314,0.329286111020505,1.11521692654007,1.37001777206529,0.220682681066098,2.85778951644897,1.35735666751862,0.541122304836089,1.92563401189083,1.07888636861327,3.73243515201241,0.171439484615608,0.272256374359131
0016,NaN,unmatched,0,NaN,12,13.216,3.90882009522336,0.75,0.811557781552954,0.5,5.9750623787971,3.49106265460424,0.863358263441901,1.71153112102322,1.56612382523524,0.205533234192306,2.1827666759491,1.55262690782547,0.31997354195554,2.49492004775273,0.410415763797,4.58361727780173,0.137517581083003,0.279611229896545
0016,9,circular,1,2.34419285404881,49,37.564,7.89865416966859,0.563218390804598,0.733660932114902,0.453703703703704,11.0925497609378,7.53756212485086,0.436377430070973,1.47163626345,1.32218832997926,0.225047120695298,2.75265622138977,1.29589438438416,0.521065382902756,1.798773610813,1.26177922181555,3.814785892995,0.194062781435224,0.261722564697266
0016,NaN,unmatched,0,NaN,26,16.863,5.75362739175159,0.928571428571429,0.746998578602983,0.619047619047619,7.28538779095511,4.84351255673772,1.14898281194808,1.50415379450612,1.6131471991539,0.239095090898347,2.53196501731873,1.60417377948761,0.41806892926147,2.6593289149225,0.532828000005256,4.29273439120198,0.144926036480074,0.316490769386292
0016,2,circular,1,0.975892152972864,1028,125.402,36.1785883083869,0.921973094170404,0.389508597428677,0.731152204836415,37.8555839416949,34.8658570357718,0.821474435662238,1.08574941676769,1.76155760074273,0.276095577297516,3.18083381652832,1.64865797758102,0.390753144226337,3.17929617959418,1.3387456354538,3.7367386084748,0.105708272012406,0.344396710395813
0017,17,irregular,1,5.17413230199221,1339,285.896,41.2900442043888,0.612814645308924,0.711196289949262,0.385102099511073,57.9430038193729,40.7335540713672,0.205861097009294,1.422488293505,1.58841226530322,0.285680029235781,3.06403303146362,1.53466582298279,0.541796070209293,2.60465890795286,0.748621504998681,4.00471704969968,0.104987675173562,0.386259913444519
0017,8,irregular,1,3.35189926527819,761,112.981,31.1277254797626,0.872706422018349,0.428792478691997,0.587191358024691,33.4732511679941,30.2398360771516,0.74917571678305,1.10692568182556,1.82904352116748,0.357893684524369,3.46999716758728,1.70002967119217,0.456202314769907,3.47345682028977,1.5740045088095,3.83027542949476,0.0903865179407288,0.319291114807129
0017,20,circular,1,0.952593395749876,2914,240.102,60.9115755284516,0.884907379289402,0.302258863068728,0.679254079254079,62.7829487757721,59.8463316417079,0.635196148580337,1.04906929219397,1.79343266238005,0.665907759359389,4.71555662155151,1.57543694972992,0.611998560744533,3.65979943577267,1.78711304352603,3.82934034396267,0.0758767941008432,0.662531018257141
0017,9,circular,1,0.528040370646228,1460,172.907,43.1153074361454,0.85131195335277,0.0877113796999891,0.60807996668055,43.5705164005478,43.4025925807442,0.61367378075502,1.00386898131698,1.80212196351748,0.468982493080434,3.63334703445435,1.68968760967255,0.517027542793055,3.4675577080518,1.30858419698467,4.24048858267694,0.0792497576341474,0.52361011505127
0017,6,irregular,1,3.88241360252935,3527,256.346,67.0128038085329,0.907617086978899,0.50087674675363,0.671042617960426,72.3842124844943,62.6498838245952,0.674469372768322,1.15537664342927,1.84958895509384,0.62731145589469,4.30462026596069,1.6166358590126,0.603453178782739,3.81447437359691,1.43540119523601,4.06237251139009,0.0844584267151969,0.651777863502502
0017,NaN,unmatched,0,NaN,10928,685.789,117.957457351648,0.744363462979361,0.90007750293339,0.477038589139165,191.094840027628,83.265723027769,0.291991037202454,2.29500006820211,1.76549259857209,0.576610773686468,5.32951545715332,1.56572771072388,0.667014905928044,3.44943952688104,2.17281888824255,3.42669293831705,0.0758951214557083,0.498447299003601
0017,11,irregular,1,6.22515117511548,2858,233.529,60.3234499913018,0.892009987515605,0.588604824817502,0.624699453551913,67.7891309169325,54.8021505885317,0.658552570455807,1.23697939202989,1.67535257417424,0.379932714533458,3.43307399749756,1.55610609054565,0.530192960648797,2.95114538507398,1.17063616010457,4.0490976741133,0.0821424673162535,0.445905566215515
0017,1,irregular,1,3.58524076435622,781,143.82,31.5341098564422,0.818658280922432,0.948259768010019,0.591666666666667,57.9743971068958,18.406612009253,0.474484826867812,3.14965062977108,1.69528170009871,0.272108470503449,3.2037398815155,1.62586623430252,0.426996596012022,2.94801227525608,1.8551938800189,3.68073833783948,0.0798002714528884,0.212995886802673
0017,16,circular,1,0.857500863540874,1061,179.176,36.7546889112669,0.757316202712348,0.37696593424837,0.587486157253599,40.6883918738869,37.6866921675889,0.415303483521259,1.07964879732479,1.74063523298985,0.299449736665012,3.27572584152222,1.69912964105606,0.492582234924461,3.11946500233153,0.812275665912722,4.07616161460215,0.0829434990740671,0.378735065460205
0017,NaN,unmatched,0,NaN,9,8.328,3.38513750128654,1,0.760175561368687,0.75,4.4645049379061,2.90066796992654,1.63068824464419,1.53912994668575,1.89282840749492,0.212547486037406,2.69837832450867,1.86450952291489,0.286415398677226,3.62789397267495,1.07711544577224,4.2996865738403,0.110049712639843,0.249062418937683
0017,12,circular,1,1.37195638587366,932,212.505,34.4479209197474,0.61275476660092,0.398542796675094,0.461157842652152,41.4181550518646,37.9866499934067,0.259350727436472,1.09033450064835,1.68662284610757,0.277564188080961,2.648108959198,1.68414354324341,0.429953363867915,2.92172316264118,0.243154586649105,4.46027114047561,0.0893872633998078,0.400610089302063
0017,19,irregular,1,1.42057077972717,5833,387.074,86.1789200700508,0.85766799000147,0.38276761210513,0.688991259154264,91.3496810182138,84.3929149674061,0.489230855037263,1.08243305795865,2.05575300887453,0.983015999153634,5.41282320022583,1.6168520450592,0.657959898127197,5.19239513427933,1.58795228840011,3.83824104730461,0.0876425476689526,0.748277306556702
0017,NaN,unmatched,0,NaN,12,17.988,3.90882009522336,0.521739130434783,0.608200294971452,0.285714285714286,6.76291445328181,5.36829057085657,0.466042316490557,1.25978919434734,1.7030128593798,0.213677732386241,3.03079056739807,1.68852043151855,0.447675414907272,2.94584593239777,0.602890667466472,3.84214668771681,0.166314068974408,0.280019521713257
0017,10,circular,1,3.66795467730907,75,46.702,9.7720502380584,0.590551181102362,0.864146741316433,0.339366515837104,17.5527723544198,8.83325562270999,0.432115822032711,1.98712378585448,1.67321322571538,0.22774730076733,3.03079056739807,1.6578494310379,0.496298173505071,2.85146885109895,0.50434223504937,3.85012501603005,0.177454518863143,0.318884015083313
0017,7,circular,1,7.52671389100117,18,24.538,4.78730736481719,0.461538461538462,0.719589020072599,0.36734693877551,7.83606398989828,5.44136442679884,0.375667863444127,1.44009174450906,1.46449761797862,0.244281174611504,2.65981149673462,1.42322492599487,0.464953498949409,2.20434470896662,1.07755808595601,4.08164534426236,0.206187341978679,0.301655530929565
0017,18,circular,1,1.32992798670058,3483,229.607,66.5934931829873,0.940334773218143,0.268034041234181,0.764486391571554,68.0067100062659,65.5183065325072,0.830219806423428,1.03798027765757,1.80550903663003,0.630662503838094,4.45267105102539,1.51503229141235,0.606224278878669,3.65756926623477,1.33942475774618,3.88600922020969,0.0876853276210802,0.726396203041077
0017,4,circular,1,2.14395446060397,9,13.952,3.38513750128654,0.642857142857143,0.778575753849457,0.3,6.24848842091203,3.92124285656321,0.581004422648379,1.59349692163381,1.45177229697888,0.223017994031524,2.43287110328674,1.41383397579193,0.410756056478072,2.15730330943615,0.981928223488485,4.21159126116757,0.187232064298345,0.270413160324097
0017,4,circular,1,6.25764910005539,14,16.582,4.22200824564475,0.608695652173913,0.72955853592317,0.4,6.58930433023834,4.50654630509494,0.639829232274511,1.46216279255551,1.50256492809013,0.213401156232116,2.43287110328674,1.47266793251038,0.410756056478072,2.3031739498618,0.874654832584647,4.19416519110304,0.17851352328126,0.271985054016113
0018,5,irregular,1,5.1296702412071,4019,245.106,71.5342556422489,0.939238139752279,0.360803185779339,0.669164169164169,74.3524143892157,69.3441829049047,0.840659228873215,1.07222280621835,2.07704217130789,0.85691889322288,5.30344009399414,1.73725748062134,0.661699730385703,5.04837296850793,1.35468068953869,4.10495218544505,0.101714381072179,0.966530919075012
0018,6,irregular,1,2.78076958360788,2927,243.304,61.0472943498712,0.882689987937274,0.563295176671434,0.653348214285714,68.27047336692,56.4088703289853,0.62134683228254,1.21027903889505,2.1667459798461,0.528532474844163,4.99941730499268,2.0689709186554,0.590879496398068,4.97410989175087,1.40919844014961,3.96374480270086,0.105625451718821,0.666307210922241
0018,2,circular,1,0.504319322662465,3963,261.349,71.034134863356,0.913765275536085,0.308341504000004,0.714054054054054,73.0757850927279,69.5152209025115,0.729108650530765,1.05121992196802,2.08938421763826,0.926136846808705,5.71539211273193,1.64230579137802,0.652090150144625,5.22320392210785,1.51014658290868,3.68152011732343,0.095754588058023,0.835025429725647
0018,17,irregular,1,4.45130395065137,136,85.333,13.1590492849591,0.498168498168498,0.937869348129432,0.246376811594203,27.4784716683715,9.5347163078085,0.234700894143657,2.8819390930245,1.87653330642628,0.261296132011137,2.89790105819702,1.8605922460556,0.402384312632339,3.5896168322255,0.431352594142826,4.27953569173237,0.15855387692637,0.373061418533325
0018,16,circular,1,4.02255514180895,19,22.28,4.91849075936593,0.59375,0.90899841314232,0.38,9.60309972274905,4.00256787373054,0.480986726937122,2.39923469774882,1.84211864280701,0.224212406494765,3.33695387840271,1.80978375673294,0.411890890812961,3.44360526913233,0.982461808892125,3.79041477044925,0.184084459291517,0.282392263412476
0018,18,circular,1,7.10338346821438,5589,331.349,84.3571918423369,0.896678966789668,0.775730668837074,0.615189873417721,110.388709381106,69.6623542572956,0.639694541859388,1.58462501817537,2.01330442317637,0.913457081094783,6.76042318344116,1.67918741703033,0.726160631460133,4.8877722316044,2.09793594679056,3.4892073997472,0.0952971686062127,0.643175482749939
0018,4,circular,1,0.161273905630296,21,26.134,5.17088294582641,0.583333333333333,0.965235306674303,0.238636363636364,13.4937608580957,3.5270327266184,0.386382444006715,3.82581107236651,1.9060910239747,0.209126263241165,2.71343636512756,1.88214409351349,0.300666139892577,3.67686640109887,0.725939486382006,4.34837644778903,0.163206374160943,0.268811345100403
0018,8,irregular,1,7.16381093182395,679,181.045,29.4028850774065,0.605169340463458,0.906156853059302,0.297937691970162,53.020181807855,22.4244505952548,0.260319419939936,2.36439156369229,2.1935034159444,0.935182359586919,6.54427289962769,1.90233647823334,0.718389541818997,5.68590998100889,1.56420327185064,3.88816540123325,0.13350155530946,0.834021925926208
0018,NaN,unmatched,0,NaN,31,22.578,6.28254931431422,0.775,0.510772944284809,0.430555555555556,7.55757276367165,6.49736358327932,0.764188715711292,1.16317528899271,1.83248991111816,0.255996137181557,2.74715328216553,1.81262588500977,0.357306845673761,3.42347258967777,0.52938936876189,4.44862923082741,0.138349717587385,0.364242434501648
0018,1,irregular,1,3.07701529013466,1010,157.97,35.8604509199552,0.852320675105485,0.939265022223532,0.588578088578089,62.7711024789569,21.5425831077898,0.508606611658201,2.91381503159939,1.74409654123233,0.287354949738882,3.25716161727905,1.68407946825027,0.423508608868531,3.12443582412401,1.3077154436889,3.9001732961791,0.0837619231508906,0.324203491210938
0018,11,irregular,1,7.5060230728522,215,95.621,16.5452864018143,0.502336448598131,0.92183331916457,0.27741935483871,34.5134019761838,13.3769303088661,0.295489301562998,2.58006890813423,1.6728707083081,0.306349202708797,3.21216583251953,1.55936181545258,0.439872359987755,2.89231141702949,1.27589613917552,3.80156921739704,0.107662868554976,0.297802209854126
0018,7,circular,1,0.771279795716395,2749,226.482,59.1619430755698,0.900425810678022,0.229027800998525,0.70378904249872,60.2724652282119,58.670415980911,0.673468396843754,1.02730591253729,1.82057458119776,0.654845254709597,4.31805229187012,1.55016607046127,0.604742166661768,3.74327768600789,1.02810843135288,4.12957794755819,0.0936619335338814,0.942148804664612
0018,9,circular,1,0.576413324782545,848,103.841,32.8588973329206,0.961451247165533,0.166699655550199,0.734199134199134,33.1608727006763,32.6968765006083,0.988252661703856,1.01419084174782,2.09153846655663,0.469811197512261,3.77787852287292,1.88198745250702,0.425009540564971,4.59519438953558,1.19405891636555,3.90385127621141,0.108718958925148,0.463473796844482
0018,12,circular,1,0.831614733942491,1324,178.572,41.0581192607425,0.835858585858586,0.358304309854756,0.563404255319149,43.263318851831,40.390844436825,0.521760411113412,1.07111696858675,1.83236715266093,0.280191411948306,3.2004873752594,1.74931484460831,0.4041461211569,3.43606611386167,1.07578808067471,4.05697922606589,0.0971420895680695,0.369652509689331
0018,10,circular,1,1.2431873053992,3518,229.028,66.9272494457848,0.947481820630218,0.32290123421082,0.739075630252101,68.9949072024876,65.2990340250633,0.842807783862512,1.05659920139103,2.10458586428498,0.986052990773221,5.82171392440796,1.65091878175735,0.665777435924111,5.40151574679236,1.514937824819,3.77567857032481,0.0970051685679616,0.921973943710327
0018,15,circular,1,0.69918952345431,506,119.324,25.3822617123847,0.733333333333333,0.567689525145701,0.531512605042017,29.2975694719384,24.1190112620276,0.446585660380355,1.21470856137722,1.93604279635129,0.262856034488211,3.10174560546875,1.9166014790535,0.417511077723862,3.81733367907958,0.41432503773809,4.19985648319049,0.120169317928265,0.350829601287842
0019,7,circular,1,0.89661386902746,3981,283.736,71.1952711041308,0.917915609868573,0.27248340898351,0.736949278045168,73.9434012074552,71.1454184967713,0.621402731214419,1.03932765833419,2.10858498995493,1.08149594411461,6.06706714630127,1.57224011421204,0.688528661169581,5.61569218612134,1.5879445090151,3.57480413175921,0.094919748826702,0.899973750114441
0019,19,irregular,1,1.23991036700316,902,123.383,33.8889667790435,0.862332695984704,0.731342371476423,0.624653739612188,42.4874495089087,28.9768871060763,0.74457037098653,1.4662530641533,1.87636898434742,0.329262707977016,3.65738534927368,1.74507749080658,0.42519339751395,3.62914960787145,1.43689287452026,3.59822472779238,0.0963400984334995,0.29820716381073
0019,NaN,unmatched,0,NaN,113,41.93,11.9948350782774,0.933884297520661,0.748446040413504,0.57948717948718,15.8286582457663,10.4974979432425,0.807678612266163,1.50785056890205,3.00340994147511,1.14943643722573,5.7450122833252,2.70716595649719,0.618140005079451,10.3405315000999,0.338774005247886,4.59789870352218,0.150020438883388,2.22939729690552
0019,NaN,unmatched,0,NaN,61,34.959,8.81292302410755,0.859154929577465,0.950213670557727,0.363095238095238,16.7421162892856,5.21682786182148,0.627222597526223,3.20925219937006,3.04848506400252,1.09977927368547,5.29603385925293,2.69645535945892,0.592073025638673,10.5016639501984,0.424101759924363,4.67446741482529,0.147537024710654,2.11841630935669
0019,6,irregular,1,1.78414505766044,1886,187.529,49.0033650004825,0.867924528301887,0.377444260236217,0.616339869281046,51.6146247383275,47.7968099323877,0.673929825423785,1.07987593338008,2.005836579276,0.535078015945224,4.17796611785889,1.85703706741333,0.571292457058068,4.30965988731813,1.60359147464229,3.92620670467021,0.0850156879184343,0.374244213104248
0019,10,circular,1,0.701495731558273,3872,251.441,70.2138413506522,0.930993027169993,0.252796650492045,0.716771566086635,71.5818189064048,69.2568008513238,0.769614111399294,1.03357097103102,1.9833833636848,0.665238082322471,4.72578144073486,1.67462170124054,0.610668915272273,4.37632405022964,1.41957335484979,3.70591364141956,0.0894027056648928,0.585581302642822
0019,NaN,unmatched,0,NaN,8,9.734,3.19153824321146,0.888888888888889,0.819178021909125,0.533333333333333,5.03322295684717,2.88675134594813,1.06100435668158,1.74355957741627,1.80205728033315,0.184888057318071,2.50589919090271,1.78445398807526,0.298171250174499,3.2815345856123,0.471592987186217,4.29991467251605,0.12630163718101,0.245895981788635
0019,NaN,unmatched,0,NaN,21,17.417,5.17088294582641,0.84,0.785332168009,0.5,7.21646934849085,4.4675330241007,0.869926288481238,1.61531415874503,1.73555488022644,0.237490834496341,2.60508489608765,1.71361273527145,0.377097178077125,3.06847229416571,0.440606555851303,4.34010416715888,0.131299458517641,0.323035359382629
0019,3,irregular,1,2.06357901649358,34,39.714,6.57952464247954,0.47887323943662,0.957125592220679,0.265625,16.936161978608,4.90595334452613,0.270895329926578,3.4521653161469,1.76039900796281,0.222441827369841,2.60508489608765,1.73548769950867,0.367566816774603,3.14843594613483,0.588940891444736,4.32720575372305,0.16160278448367,0.296482443809509
0019,12,circular,1,0.869857910148169,901,119.522,33.8701761112395,0.9000999000999,0.300098307271368,0.735510204081633,34.8585929823347,33.2519004625799,0.792572412540917,1.04831881779398,2.16059398574235,0.537013805378763,4.1320972442627,1.93168342113495,0.450549162673782,4.95647269669297,1.42356707370424,3.81865548746136,0.10878892250707,0.386170744895935
0019,20,circular,1,8.37941440113545,23,23.504,5.41151637980601,0.676470588235294,0.952410698133304,0.418181818181818,11.2830359386337,3.43926965326829,0.523183625600199,3.28064882261022,1.54984241362541,0.26487415980339,2.98576283454895,1.52349245548248,0.49520458253952,2.47207930073858,1.08317641762233,3.9635758246676,0.19409254770881,0.330915212631226
0019,13,irregular,1,1.0874394173712,3602,265.509,67.7215537339188,0.898254364089776,0.247715649135634,0.725040257648953,69.3984958416732,67.2355377103651,0.64208877623006,1.03216986440453,1.95337684964202,0.762215675052929,4.94325590133667,1.66307598352432,0.677762872030404,4.39661513082377,1.57283750732547,3.89327178087205,0.0894380601076971,0.727139592170715
0019,18,circular,1,1.04372083332479,3794,285.954,69.5030275076216,0.868589743589744,0.284714408294693,0.656969696969697,71.3655817061957,68.4119305247782,0.583062135165775,1.04317450419482,1.88819361110714,0.806604753676474,5.33440780639648,1.4988728761673,0.635126562175388,4.21584899958965,1.76967355233503,3.45418543342821,0.0823099177495649,0.688072562217712
0019,4,circular,1,1.21752138925734,3590,250.705,67.6086530379007,0.908860759493671,0.260985637151764,0.70226917057903,69.0885164792087,66.6940939190273,0.71775846245813,1.03590156818216,1.84829162629045,0.742719306330466,4.84161567687988,1.51889979839325,0.654342294472763,3.96777773596669,1.48222549679777,3.91614960905983,0.0894548610703951,0.777148723602295
0019,NaN,unmatched,0,NaN,8,12.083,3.19153824321146,0.727272727272727,0.952239101119538,0.32,7.1677265835213,2.18868962864742,0.688573492602902,3.27489402321098,1.64423084430695,0.273761289478185,2.43809986114502,1.63295888900757,0.391077920136821,2.7783204005973,0.171522685141674,4.61897399638832,0.148165293087317,0.419793725013733
0019,NaN,unmatched,0,NaN,13,13.588,4.06842894512822,0.8125,0.790909049566902,0.433333333333333,6.09977790367516,3.73265977200816,0.884793940953011,1.63416391427325,1.64189371879284,0.261651181329995,2.45041394233704,1.59724354743958,0.367333223665852,2.76417099936324,0.602327124182832,4.57338900238077,0.149037836180557,0.353229641914368
0019,17,irregular,1,2.69854876706999,801,121.97,31.9353233165544,0.837866108786611,0.664550406320129,0.528015820698748,38.4177583159281,28.707417851179,0.676606759919257,1.33825196383346,1.93553183613541,0.468419666348354,4.04954242706299,1.75762474536896,0.486868253236114,3.96565434744019,1.86920722382287,3.57911773004534,0.0921152599862063,0.283938050270081
0019,1,irregular,1,3.07231685112643,873,145.448,33.3397378896985,0.894467213114754,0.951151423694267,0.739830508474576,61.2040914850459,18.8952176386815,0.518571446593603,3.23913133235108,1.71531834192936,0.300900094243565,3.15654015541077,1.642513692379,0.419844943516088,3.03284414591349,1.42531908724393,3.97161284399451,0.0866354262021236,0.295137286186218
0019,14,irregular,1,4.78391990760034,445,83.322,23.8031846064166,0.948827292110874,0.817397062471222,0.652492668621701,31.8433724914711,18.3441607653549,0.805472102481999,1.7358860347327,1.89916527643505,0.470741757766546,3.53742790222168,1.71480822563171,0.433196379821603,3.82833896165753,1.45162225130974,4.01388773420896,0.0975471657513496,0.39105761051178
0019,15,circular,1,3.03950399056134,23,30.716,5.41151637980601,0.425925925925926,0.836866060757067,0.283950617283951,10.4363525389055,5.71293980008719,0.306343297065581,1.82679196772671,1.36757690373556,0.259824314838351,2.70151400566101,1.32319605350494,0.534436532060289,1.9376949903042,1.4351560241009,3.95587769263134,0.235448167948308,0.27849006652832
0019,11,irregular,1,4.03039411373253,135,96.101,13.1105811671049,0.415384615384615,0.978310557074861,0.340909090909091,38.152978006453,7.90314363971755,0.183690974796398,4.82756985646999,1.81600911967838,0.19154180355359,2.71493196487427,1.79404950141907,0.317642618201502,3.3345626864405,0.736377636048281,4.14587085007712,0.105269342538846,0.250822424888611
0019,NaN,unmatched,0,NaN,9,13.191,3.38513750128654,0.642857142857143,0.910346918682279,0.375,6.96318889794313,2.88168767015992,0.649975419196653,2.41635794539688,1.74328481195829,0.212416620196581,2.55777740478516,1.74625039100647,0.404798270259398,3.08409044713291,-0.00840445111917193,4.13155780678535,0.151137205025695,0.233951807022095
0019,8,irregular,1,1.38889061187096,425,74.556,23.2621324584064,0.944444444444444,0.535453472818456,0.715488215488216,25.4803082224224,21.5197695630871,0.960801328182933,1.18404187125353,1.84479216752685,0.44703708257127,3.27849793434143,1.63852477073669,0.419128054682649,3.60299905740257,1.30085170034323,3.91996723650445,0.107890523086163,0.384339928627014
0019,2,circular,1,0.560694254734431,1462,154.853,43.1448283621897,0.90863890615289,0.337031649591718,0.648624667258208,44.7138099914794,42.0977533135044,0.76615738081757,1.06214242975137,1.94052923928032,0.546122865845215,3.90314865112305,1.77059656381607,0.559215749620173,4.06386112254354,1.30918235614867,4.18958621160726,0.0907462546235966,0.516737461090088
0019,16,circular,1,1.3041952933123,1799,187.727,47.8597737246903,0.85707479752263,0.329294625301161,0.618851049191606,49.5871088380164,46.8214981034315,0.641486539048839,1.05906711332635,2.0097264187388,0.639204757785342,4.64270162582397,1.83223497867584,0.605851752245177,4.44753862315206,1.54498380561924,3.95915968318815,0.0910238180207684,0.472053289413452
0020,8,irregular,1,4.23117458548051,1247,190.415,39.8463262081305,0.775015537600994,0.533384609433151,0.555704099821747,44.7594239519152,37.860780974809,0.432189292820696,1.18221079437575,1.78938464995015,0.403050046950518,3.29741168022156,1.7273473739624,0.492302426759516,3.36432260619578,0.583649694841097,4.41759788833192,0.0905344694962635,0.604350447654724
0020,17,irregular,1,1.71774039179237,4048,274.639,71.7918775147157,0.897560975609756,0.23402009396803,0.684593269068155,73.2860500033558,71.2510253957927,0.674413025626236,1.02856133783702,1.97451849123603,0.490155734692402,4.10903644561768,1.77540564537048,0.525502640744421,4.13896272231472,1.12967730310959,3.96372274720516,0.0942327511065548,0.596828818321228
0020,15,circular,1,1.971034936051,1002,183.79,35.7181469819563,0.682561307901907,0.626189904411382,0.518633540372671,43.0342440814022,33.5525337749928,0.372763885567616,1.28259297405063,1.77381195765185,0.364101884082851,3.33726930618286,1.82124400138855,0.518557494695974,3.27895723879511,0.079048752271102,4.25634569985919,0.119316977010524,0.569399237632751
0020,5,irregular,1,2.49193424272206,3334,226.482,65.1535159615123,0.935728318832445,0.393331479579435,0.700273051879857,68.3375528918925,62.829322666389,0.816785607521672,1.08766973750061,1.96533581655112,0.76523841627081,4.78432464599609,1.61913537979126,0.62971011851834,4.44809335326143,1.3548901678644,4.03046485635171,0.0908089223283154,0.838535666465759
0020,13,irregular,1,1.36100720902293,1916,180.722,49.3915677794558,0.898686679174484,0.459954086283712,0.695210449927431,52.7137015834295,46.8067465118047,0.737196594735152,1.12619879636657,1.88683183046076,0.555906729085971,4.17736482620239,1.73530477285385,0.608227089312258,3.86913052910184,0.991090134045755,4.2207654963266,0.0901115084894057,0.727531552314758
0020,12,circular,1,1.12035377691536,4525,257.552,75.903945483266,0.951629863301788,0.243228821987644,0.725509058842392,77.156899961584,74.8397962940165,0.857232433254123,1.03096084947191,2.1355704086417,1.01641322887682,6.05800867080688,1.61232101917267,0.690159816700847,5.59370176770002,1.47712260621105,3.56917879023461,0.0968466955117036,0.92356812953949
0020,1,irregular,1,9.30419900707285,886,139.42,33.5870545989873,0.835849056603774,0.917590251044028,0.713365539452496,55.0499488258902,21.8838697735523,0.572787364625919,2.51554909600223,1.78466542129056,0.295965458659798,3.1885232925415,1.69442218542099,0.409092910997145,3.27261142712099,1.59917108586833,3.83954002843042,0.0917488191859687,0.245726704597473
0020,19,irregular,1,1.49625524405188,934,181.987,34.4848624005177,0.673395818312906,0.618688640378998,0.434418604651163,44.2352857768841,34.7528454135497,0.354385552661379,1.27285363976664,1.70588296185238,0.353499281069143,2.90608501434326,1.6804986000061,0.470215510919323,3.03498089014611,0.390691875602083,4.48565313892715,0.105790085964782,0.564700365066528
0020,NaN,unmatched,0,NaN,61,40.566,8.81292302410755,0.61,0.840280793239534,0.406666666666667,14.4207048115929,7.81820594084603,0.46581699176292,1.8445030638362,1.88152253423418,0.299214430383265,2.90438294410706,1.90758341550827,0.465890605648344,3.62957105620407,-0.0395247384473804,4.38112688867405,0.12017217547885,0.41951322555542
0020,20,circular,1,3.07784395796721,550,148.486,26.4628371420061,0.621468926553672,0.765710544785175,0.424710424710425,37.9151356141419,24.3864588020469,0.313474008383884,1.55476184229584,1.80108164890927,0.308388624547342,3.48980689048767,1.81404066085815,0.527224305064842,3.33897542547933,0.313336790852289,3.9959595627438,0.127257748516196,0.438094139099121
0020,NaN,unmatched,0,NaN,8,13.307,3.19153824321146,0.615384615384615,0.876806026561086,0.333333333333333,6.78418302718076,3.26213539271122,0.567726984745839,2.07967549180793,1.85008644465453,0.257458431593602,2.80325961112976,1.88144677877426,0.40089454788319,3.48899847098152,-0.0715160476399626,4.27237662899348,0.133796812556506,0.361505508422852
0020,4,circular,1,1.6491878562113,90,63.334,10.7047446969166,0.5,0.440514012166087,0.333333333333333,15.0613559962058,13.5212681120531,0.281954180369142,1.11390114236251,1.72720295997491,0.255238768312335,3.10115671157837,1.69793313741684,0.434287810968383,3.04832791121758,0.970496773653873,4.02346960846374,0.173174114356833,0.333333253860474
0020,2,circular,1,1.71744932138949,2927,272.308,61.0472943498712,0.827069793727042,0.275602395689749,0.59734693877551,62.988335067204,60.5489051840349,0.496034388227276,1.04028858780773,1.941141675538,0.676535138765848,4.75196504592896,1.74404263496399,0.611312275120414,4.22570004736709,1.51154613930171,3.9673375795542,0.0844396177009638,0.661373019218445
0020,6,irregular,1,4.72819896320764,1329,159.426,41.135572865259,0.876071193144364,0.548098564974381,0.592245989304813,45.8933430925232,38.3858232477396,0.657077423295041,1.19558053493683,2.13223762563171,0.546784529059031,4.44998645782471,1.92281937599182,0.535309089539124,4.84536964690468,1.37266955487093,3.94784555886205,0.0934442784797445,0.526311755180359
0020,16,circular,1,2.57360726006298,4002,235.107,71.3828036576746,0.96155694377703,0.405679507995616,0.76170536733917,74.8343983553614,68.3997919470214,0.9098207315082,1.09407347924865,2.30853970081971,0.99507776747186,5.85452842712402,1.94805240631104,0.678583531649252,6.31945688349732,0.984083500513042,4.19567151554512,0.108906426094284,1.40517055988312
0020,NaN,unmatched,0,NaN,25,28.16,5.64189583547756,0.714285714285714,0.973037385107171,0.446428571428571,14.5371375419461,3.3529537356201,0.396172724144019,4.33562127252482,1.83185113478108,0.333866296244777,2.45949268341064,1.85308480262756,0.358601432806627,3.46691111001951,-0.137936716589792,4.86343490983123,0.0915476893847495,0.582880616188049
0020,10,circular,1,0.588932079242748,921,112.79,34.2440304389113,0.939795918367347,0.232451064285026,0.710648148148148,34.8020749244128,33.8487797272466,0.909763064477544,1.02816335492292,1.86189485818613,0.318474784875012,3.26704430580139,1.72174274921417,0.374515228163215,3.56805388928806,1.27999538003391,3.87558320875999,0.107439939283255,0.381691098213196
0020,NaN,unmatched,0,NaN,2858,344.243,60.3234499913018,0.652511415525114,0.950317065057862,0.468217562254259,126.03149704254,39.2315373497707,0.303069234999654,3.21250467242464,1.80432404237561,0.52715849634355,4.29878950119019,1.66486704349518,0.594446717854879,3.53346690224637,1.50420736512395,3.89369048571827,0.0787037331463358,0.580435156822205
0021,14,irregular,1,2.46406141841486,703,106.951,29.9180112966891,0.887626262626263,0.745913400843108,0.62157382847038,37.2098857772206,24.7833817346168,0.772316813841538,1.50140469834457,1.926883391917,0.3831601129457,3.44061756134033,1.81430864334106,0.454473216938152,3.85965521539483,0.945697920852701,4.26419137661147,0.100292854248543,0.477079629898071
0021,16,circular,1,0.812602284604328,1172,128.015,38.6294802764626,0.942880128720837,0.268926407114246,0.715506715506716,39.4673256075332,38.0133780560696,0.898702096055428,1.0382483121947,2.11108467705494,0.440097922854751,3.78468132019043,1.92323696613312,0.442409941005284,4.65032783087844,1.16650598300934,3.97747078637465,0.104413503355801,0.483044505119324
0021,10,circular,1,0.848561494376889,1441,139.436,42.8338439083322,0.951155115511551,0.154202568443952,0.711604938271605,43.1565348554202,42.6403505133927,0.9313737927739,1.01210553702802,2.20613812005896,0.450953950829739,4.4081654548645,2.03096532821655,0.493562574989392,5.07037228611014,1.19828157635671,3.67247925737899,0.102534454928999,0.419931530952454
0021,18,circular,1,0.853746973223388,1602,159.012,45.163367353041,0.914905768132496,0.356285745871623,0.6953125,46.9821637546756,43.8990554641579,0.796182404869117,1.07023176826743,2.22656968567106,0.533733744510507,4.66973733901978,2.04138672351837,0.55440107711229,5.24244390220378,1.2024323470131,3.82288010112238,0.104722171079407,0.470396637916565
0021,4,circular,1,0.47770793825652,3581,221.684,67.5238536348202,0.958768406961178,0.308094940664607,0.710939051022434,69.4066834861741,66.0304381021564,0.915683707092522,1.05113165202379,2.24810461913736,1.0142104263424,6.79397869110107,1.76948261260986,0.710350602819406,6.08253131877262,1.4417803511469,3.73222974510299,0.105877738271347,0.99916136264801
0021,3,irregular,1,5.24406994633707,3917,262.911,70.6206718796107,0.902950668510834,0.446354093870326,0.696355555555556,74.9471565380257,67.066944627245,0.712108092991109,1.11749770255047,2.18048700821542,0.871551381570067,5.0873703956604,1.81326186656952,0.646662884282186,5.51407975730887,1.20839979304661,4.19431273703827,0.0962086835432336,0.954188823699951
0021,1,irregular,1,2.17904759132564,604,125.476,27.7315106876643,0.777348777348777,0.862311614562671,0.549090909090909,41.500880482511,21.015132877721,0.482087056765496,1.97480933020927,1.77845023785712,0.307784555870662,3.31341099739075,1.6536346077919,0.412753294192726,3.25759471356117,1.50962505581714,3.66942076106713,0.101779954163579,0.27252995967865
0021,6,irregular,1,3.0630150282055,491,150.412,25.0032121229446,0.612219451371571,0.469258252177059,0.416808149405772,30.9857575385021,27.3623133893098,0.272725900301682,1.13242462717381,1.90888485907896,0.298117538282343,3.14572262763977,1.88596171140671,0.434036690536996,3.73269264851738,0.387438584599615,4.29630288150315,0.10248852142147,0.424252152442932
0021,NaN,unmatched,0,NaN,17,20.138,4.65242649168128,0.607142857142857,0.807584087706847,0.425,7.89169944227534,4.6541490071593,0.526776160285336,1.69562672577432,1.92606127040727,0.261876898240301,2.8606903553009,1.92471957206726,0.359409614539624,3.77819355646648,0.328713277733571,4.3937681738465,0.148495531710716,0.372268676757812
0021,NaN,unmatched,0,NaN,8,11.992,3.19153824321146,0.666666666666667,0.82136541704978,0.32,5.90197706987526,3.36650164612069,0.699063474735835,1.7531484283325,1.95393466262817,0.221623186629652,2.83918166160583,1.93654346466064,0.339339016620817,3.86689891573279,0.50348430712411,4.29914766938691,0.152861783606892,0.299818515777588
0021,NaN,unmatched,0,NaN,11,12.364,3.74241031850956,0.785714285714286,0.344542346665503,0.44,4.6841698049569,4.39736172641398,0.904241752715032,1.06522276228042,1.92223688220978,0.251703534950369,2.76546764373779,1.89722633361816,0.327069103495054,3.75824793336287,0.494499610584366,4.51116297044894,0.139914227551542,0.375237822532654
0021,NaN,unmatched,0,NaN,30,28.392,6.18038723237103,0.588235294117647,0.857915023741173,0.5,10.910788859223,5.605871705682,0.467669606190455,1.94631440604751,1.87336348493894,0.30344792197631,2.93866539001465,1.83991050720215,0.379137892798408,3.60145333595001,0.483270351839024,4.47517845174652,0.15955290773278,0.464071989059448
0021,NaN,unmatched,0,NaN,12,11.719,3.90882009522336,0.8,0.817817321343506,0.48,5.71280730612858,3.2875944286801,1.09801937011734,1.73768615018068,1.99783828430176,0.288044448641278,2.94745898246765,1.99737191200256,0.350487667888028,4.07419466324782,0.29048020561299,4.51759142101316,0.178551634458289,0.40405535697937
0021,NaN,unmatched,0,NaN,15,14.804,4.37019372236832,0.789473684210526,0.835472061661719,0.428571428571429,6.59980111896618,3.62680800445846,0.860088162050722,1.81972718458021,1.93664104391027,0.300999833605278,2.99340152740479,1.95725393295288,0.37779176942641,3.84104520923297,0.136054464118724,4.46065487608782,0.151424210811884,0.47820520401001
0021,NaN,unmatched,0,NaN,96,48.431,11.0558127830827,0.700729927007299,0.910407838216305,0.505263157894737,18.6213056981867,7.70385647907816,0.514320960989814,2.41714078510649,1.98145001994239,0.271283754529586,2.94745898246765,1.96323752403259,0.392782334607338,3.99967615539839,0.316487982447892,4.32878485284769,0.162504660467985,0.393347978591919
0021,20,circular,1,1.59062213492582,1523,155.572,44.0357108110185,0.906008328375967,0.41900151813362,0.689764492753623,46.4674249671453,42.1917496173442,0.790764014372827,1.10133913356471,2.06655541451758,0.586972148397674,4.17558288574219,1.91270267963409,0.576153777566768,4.61513756447805,0.92415542585176,4.33761867903457,0.101432858003476,0.705931544303894
0021,13,irregular,1,0.716255492146637,933,120.307,34.466396609421,0.915603532875368,0.758468027375476,0.668817204301075,43.4580077883893,28.3220291700884,0.810046058581241,1.53442422954236,2.01987481946026,0.510746369410214,3.76682710647583,1.81119191646576,0.445140351568828,4.34070533940482,1.46557463269122,3.95685529824862,0.0949875880533749,0.391744494438171
0021,8,irregular,1,1.83937012401573,617,110.027,28.0283570531987,0.833783783783784,0.793872444741903,0.607881773399015,37.3973252121002,22.7407271098457,0.640466597567761,1.64450877192527,2.06412406571754,0.406971273561991,3.74687671661377,1.96550130844116,0.498572185834874,4.42618440937789,0.924008317342736,4.18156745002716,0.0982078703614456,0.477885484695435
0021,2,circular,1,0.685200855609757,1041,128.015,36.4066253045968,0.907585004359198,0.281989630910381,0.684418145956608,37.3718824979456,35.8552362993108,0.798249899312031,1.04229915502367,2.16377916062637,0.537816262193417,4.1821436882019,1.93857979774475,0.471781251324115,4.97112583456784,1.29717462568139,3.91193054287939,0.108834301043798,0.465930104255676
0021,12,circular,1,0.752405676946101,1869,195.195,48.7820121469996,0.845318860244233,0.22785780752551,0.595982142857143,50.0282424364522,48.7122204002916,0.616427191339696,1.02701626050601,1.78549609558873,0.587229073760702,3.92330479621887,1.56655877828598,0.58352568826345,3.53279838676972,0.832994340314854,4.27701841861705,0.0955857156224848,0.925564169883728
0021,11,irregular,1,3.66256097439848,545,90.849,26.342276892491,0.90531561461794,0.56299596490809,0.60622914349277,29.3247066122715,24.235686593154,0.829785924605348,1.2099804352378,2.02270577894476,0.421562911793072,3.79862570762634,1.87204658985138,0.466724654087521,4.26899299098228,1.23920940968733,4.06432718778281,0.0992653509701211,0.453458070755005
0021,15,circular,1,0.726634113232887,887,135.69,33.6060035734702,0.857833655705996,0.362312485469146,0.614691614691615,35.6245230462078,33.2040748326036,0.605393563032552,1.07289611970238,1.9574342422508,0.357785623526785,3.64346241950989,1.9193377494812,0.518259918172092,3.95953167520712,0.469040933953211,4.17344193465674,0.110677422381247,0.509300231933594
0024,6,irregular,1,2.10027163767085,2512,208.75,56.5542017570289,0.909485879797248,0.433392512179469,0.73536299765808,59.8349547465312,53.9235762726138,0.724396812696509,1.1096251191507,1.68547885676793,0.517330574164331,3.59094333648682,1.46432721614838,0.561882071303511,3.10844441091759,1.07856803921282,4.15740639914776,0.0807513660142624,0.698724627494812
0024,5,irregular,1,1.91343873716551,1663,182.914,46.0151862203618,0.86569495054659,0.321275872056317,0.615242323344432,47.9542733298224,45.4120085154101,0.624608973218441,1.05598221478245,1.86886714191622,0.359405523575109,3.45037055015564,1.75956666469574,0.464533488639151,3.6218214613259,1.57009141247058,3.89503936349088,0.0823175415026813,0.268007516860962
0024,18,circular,1,1.00996293068324,1226,136.021,39.5093872623369,0.919729932483121,0.303224454037618,0.67960088691796,40.6362036487942,38.7230171527489,0.832699698599988,1.04940695836015,1.82751490138122,0.243602877445601,3.18756103515625,1.74142163991928,0.364893152569248,3.39914238049825,1.48025853401899,3.76399784329853,0.101307354375021,0.266530632972717
0024,2,circular,1,0.999260087381146,955,156.408,34.8703852175751,0.791873963515755,0.596618547251882,0.568452380952381,40.0900921601819,32.1732995486005,0.490563588632366,1.24606716509205,1.68151384375027,0.294609027024658,3.30269455909729,1.62534683942795,0.493061041061158,2.9142669952732,0.844929190886544,3.99456095099588,0.0840389071968153,0.405903458595276
0024,10,circular,1,0.785182691967679,3999,276.608,71.3560434679216,0.908038147138965,0.174695749542509,0.740555555555556,72.1244200946356,71.0153241724201,0.656797959832155,1.01561769850579,1.84349963114801,0.590439514698387,4.50225973129272,1.59536898136139,0.572150529895393,3.74708826237379,1.58839143027776,3.73541401021782,0.0786206766486589,0.56989586353302
0024,16,circular,1,1.8488741262602,1531,184.13,44.1512145131879,0.850083287062743,0.481273322240479,0.641928721174004,47.8947737716911,41.9831498310485,0.567460907687582,1.14080944294157,1.88815374811717,0.555960619704277,4.41635656356812,1.72959315776825,0.58949002250496,3.87417768634196,1.87393211891667,3.79671619960693,0.0810274785112731,0.417165994644165
0024,3,irregular,1,5.86826157141069,4227,283.431,73.3620034867883,0.89955309640349,0.536936518840323,0.695802469135802,80.28555515932,67.730712759429,0.661222180966731,1.18536409685344,1.81539725216572,0.495948327189031,3.98465967178345,1.65192890167236,0.563640083883145,3.54161862167167,1.4667266192051,4.00440501314922,0.0775228693391966,0.496393203735352
0024,7,circular,1,1.47237545562541,30,31.088,6.18038723237103,0.566037735849057,0.876609610566745,0.277777777777778,11.7694683738204,5.66349448249012,0.39007269623016,2.07812833758525,1.65301345417212,0.200699368839381,2.92323660850525,1.62313890457153,0.422154759482076,2.77269031089913,0.939538844211648,3.7746852665605,0.156749433470545,0.273468613624573
0024,1,irregular,1,4.33719006309501,420,91.568,23.1248915411244,0.857142857142857,0.899759675969383,0.598290598290598,35.8579727358556,15.6479084365984,0.629465159656865,2.29155052134563,1.59971026694717,0.308217020602504,3.18491673469543,1.48957669734955,0.446344339670521,2.65404198707524,1.95109900264374,3.59897238983943,0.0830746802959057,0.227120161056519
0024,8,irregular,1,11.9229931537146,458,279.288,24.1483687127869,0.335285505124451,0.749093131939472,0.219138755980861,52.0871184120311,34.5058773094493,0.073785460139631,1.50951439214001,1.59653158900548,0.178641384991032,2.796626329422,1.54914921522141,0.402807534288126,2.58082155241073,1.65396194299889,3.52534837857934,0.0915750880741979,0.186690926551819
0024,NaN,unmatched,0,NaN,12,18.633,3.90882009522336,0.571428571428571,0.958522248867853,0.25,9.88053544319123,2.81612764472732,0.434335714699248,3.5085538333785,1.56763910182885,0.245721920399264,2.32131052017212,1.53786957263947,0.361801184464167,2.51778867720052,0.370864965847681,4.60168680413391,0.12624016107688,0.391238808631897
0024,NaN,unmatched,0,NaN,123,77.402,12.5143303457446,0.530172413793103,0.96983563476117,0.1968,34.6673367814187,8.45050318357681,0.257994596579916,4.10239911497734,1.78016293072406,0.430240232104038,3.88634204864502,1.72974276542664,0.565062012839884,3.35399530655004,1.4969051669312,4.08082800067328,0.128078582001134,0.477301239967346
0024,13,irregular,1,4.60670689767666,4133,284.919,72.5417055106263,0.899064607352621,0.496283744023435,0.679434489561072,78.287705998714,67.9662845899085,0.639782632387442,1.15186090384493,1.85191530902246,0.694307358757661,4.60292482376099,1.56461942195892,0.632945601004563,3.91162695572866,1.7841615144094,3.81590328385149,0.0892896457546856,0.586006164550781
0024,NaN,unmatched,0,NaN,22,20.32,5.29256742840123,0.6875,0.809109102151266,0.407407407407407,8.10540120538492,4.76320755698029,0.669553273402871,1.70166869875464,1.75427701191814,0.228707459586521,2.796626329422,1.72524172067642,0.370997232122573,3.12972556380052,0.769190122522639,4.195174081781,0.157039959244934,0.299993634223938
0024,4,circular,1,1.50351231644,3484,264.201,66.6030522863428,0.916118853536682,0.262850212913776,0.742540494458653,68.4873777228094,66.0791322450962,0.627218841811799,1.03644487141237,1.85867321385972,0.844016556309757,5.16995859146118,1.43756347894669,0.637453691381266,4.16697933229835,1.69656852518705,3.52009811427969,0.082133782724618,0.767115712165833
0024,NaN,unmatched,0,NaN,48,28.97,7.81764019044672,0.979591836734694,0.94701379558429,0.857142857142857,14.2407987927254,4.5740432843746,0.718710700676322,3.11339397276223,2.74489546567202,0.936921284756142,4.65053415298462,2.41471838951111,0.534198493189018,8.41119684966129,0.367481143757303,4.70618177763882,0.143254256058719,1.83218252658844
0024,14,irregular,1,4.40126414952417,664,105.71,29.0762971800769,0.900949796472185,0.719040938591506,0.591800356506239,36.3866891063711,25.2875742825031,0.746699392055822,1.43891575759196,1.84185766631601,0.451269553535012,3.61074709892273,1.64854097366333,0.443872112305066,3.59602634630174,1.79484373355652,3.74680979231861,0.0902765965022489,0.326544404029846
0024,20,circular,1,1.75595660626899,577,134.599,27.1045977153727,0.714108910891089,0.655543608630472,0.4995670995671,33.0481956699046,24.9565868561628,0.40022297005207,1.32422738174806,1.6013695700164,0.23503247187183,2.7655291557312,1.53432059288025,0.382815597227495,2.61960941382768,1.27066015959732,4.0204031507991,0.110470823537446,0.29785943031311
0024,9,circular,1,0.854194710962232,2360,197.784,54.8164694738268,0.907692307692308,0.250056574710776,0.690058479532164,55.9448420070569,54.167543035432,0.758122795386611,1.03281114246704,1.71707729840905,0.547376104234391,3.81698799133301,1.54455572366714,0.572432587975325,3.24794652376982,1.19949102168969,4.16902711964071,0.0830258508219048,0.682149410247803
0024,NaN,unmatched,0,NaN,251,112.327,17.8768880325555,0.510162601626016,0.905019259324742,0.299880525686977,33.7007229406651,14.3352964567243,0.249985757074533,2.3508912454236,1.71858120185594,0.212085981108811,2.65280365943909,1.71045303344727,0.472119175518319,2.99848577493966,0.162972379052861,3.99536128929236,0.123540969239064,0.273710608482361
0024,NaN,unmatched,0,NaN,352,122.533,21.1702697136049,0.559618441971383,0.926881107756306,0.366666666666667,40.3121031828913,15.131351426557,0.294609260778113,2.66414426884168,1.72814919182232,0.216033405723026,2.6538097858429,1.7093254327774,0.472266500052329,3.0331577149092,0.378182939205425,4.01376849905871,0.120862054526331,0.284696221351624
0024,NaN,unmatched,0,NaN,21,17.806,5.17088294582641,0.75,0.790704128120191,0.4375,7.39019174080796,4.52426416788976,0.832331671798089,1.63345716929145,1.82327335925548,0.172624754182009,2.46085023880005,1.81658858060837,0.327027899903676,3.35408411521484,0.360210574807503,4.15221428134334,0.137819507241844,0.210767269134521
0024,12,circular,1,3.39914976865878,11,14.415,3.74241031850956,0.647058823529412,0.791309425891917,0.366666666666667,6.38953380906118,3.90666251074195,0.665232189308098,1.63554793675988,1.55755774883124,0.236329893003308,2.65280365943909,1.54969483613968,0.472119175518319,2.48175203339683,0.591113994503834,4.11923874892585,0.184283715807582,0.309279084205627
0024,NaN,unmatched,0,NaN,168,79.362,14.6254655828629,0.595744680851064,0.874336765286121,0.381818181818182,25.9202782107777,12.5796219031594,0.335192226199733,2.0604973989137,1.75268302921738,0.201397344449807,2.50609183311462,1.73819041252136,0.405086983552908,3.11243454787092,0.25502581072141,4.14174338280474,0.121740047186355,0.264605045318604
0024,NaN,unmatched,0,NaN,182,110.888,15.2226672151039,0.469072164948454,0.839938158034946,0.288888888888889,30.2084198259287,16.3935695164176,0.185999660269993,1.84269934596465,1.75955591157631,0.217856500913579,2.6538097858429,1.74614769220352,0.411387731748985,3.14347892949047,0.35031466511733,4.14024532888875,0.133293958842691,0.279913187026978
0024,NaN,unmatched,0,NaN,14,13.77,4.22200824564475,0.875,0.619414251484073,0.466666666666667,5.65715280024949,4.44122881093645,0.927833436443556,1.27378098293852,1.81570808667403,0.188705398382022,2.6538097858429,1.80183017253876,0.337824122746962,3.33235079919601,0.637125613121819,4.10912911846506,0.138640812333203,0.235671520233154
0024,19,irregular,1,2.52193495643789,2664,251.458,58.2401077194614,0.845714285714286,0.318782640870117,0.640384615384615,60.6676087123989,57.5024489591117,0.529435636518629,1.05504391222603,1.59692704223954,0.397077690054691,3.13659286499023,1.42949038743973,0.513242167593122,2.70783398548547,0.988254920535593,4.11933881383811,0.0843293055449389,0.587234735488892
0025,14,irregular,1,1.74449338670795,500,92.735,25.2313252202016,0.862068965517241,0.72224265748225,0.651041666666667,30.7556181642427,21.2718080567207,0.730621613900556,1.44583939842977,1.72353364345396,0.273594543911363,2.57955861091614,1.65663117170334,0.340367147848113,3.045394347115,0.903925418164919,4.49872333763438,0.0574629139008411,0.34161102771759
0025,16,circular,1,0.831908396003545,1049,112.45,36.5462485410909,0.982209737827715,0.174218621312064,0.787537537537538,36.8504585848213,36.2869044494413,1.04247688163468,1.01553051008154,1.80117773032532,0.318982101140923,3.00903463363647,1.68672227859497,0.355313096124839,3.34596633803429,1.0190593328948,3.77634065392289,0.0483942268827347,0.513497710227966
0025,10,circular,1,0.839630741214173,1308,128.321,40.8092798823208,0.972490706319703,0.125238760630125,0.724252491694352,41.0026458643632,40.6798169220204,0.998210507829678,1.00793585042336,1.87322182988261,0.327440766122498,3.12701392173767,1.76292878389359,0.384095673175781,3.61615816080723,1.10308948753519,3.84761241965946,0.0482149425025106,0.278334021568298
0025,18,circular,1,0.347964014328468,1446,145.73,42.9080922634303,0.921606118546845,0.299873879961354,0.668825161887142,44.091849205343,42.0626918273675,0.855618620086959,1.04824126297726,1.88798056373626,0.411244188743936,3.3066725730896,1.73375397920609,0.474777936990553,3.73356629278098,1.13879404195562,3.99691190052085,0.0492984491683885,0.391812443733215
0025,4,circular,1,0.6454496312753,4265,238.282,73.6910215582297,0.969318181818182,0.242550170370498,0.738528138528138,74.9850321362702,72.7458938708844,0.943944425814551,1.03078027014638,1.88084894440953,0.86134046470198,6.05347490310669,1.45031118392944,0.746797972103249,4.27945756575004,1.43437012409759,3.57049642344916,0.0607010044006163,0.934394359588623
0025,3,irregular,1,5.27184394421176,4212,252.656,73.231721012308,0.937249666221629,0.343277528125171,0.719753930280246,75.7480672400394,71.1451614736191,0.829161243430336,1.06469738308384,1.87998115826261,0.806141520156674,4.34327459335327,1.53358083963394,0.66385449792205,4.18415628930192,1.23060770831264,4.28502271139389,0.0594895357232386,0.911283254623413
0025,1,irregular,1,7.67592265052615,42,25.762,7.31273279143145,0.84,0.883927426395676,0.466666666666667,11.5226529838388,5.38827030466762,0.7952432703508,2.13846973746978,1.70838491231546,0.227852252564866,2.19106674194336,1.76557493209839,0.266373545057026,2.97043598331677,-0.143615578110306,4.73932637506358,0.0819500948855425,0.394938707351685
0025,NaN,unmatched,0,NaN,17,20.874,4.65242649168128,0.653846153846154,0.927362944984235,0.34,10.19013197406,3.81277059085118,0.490283668650983,2.6726318122867,1.56497125577927,0.2350503003905,2.36237788200378,1.47535210847855,0.307211955572611,2.50431001027071,0.721444970898314,4.25006076384861,0.0710371247704049,0.418815851211548
0025,6,irregular,1,4.57853972924178,104,34.57,11.5072547835032,0.97196261682243,0.341374895237399,0.666666666666667,11.9720142086661,11.2528220457193,1.09356460272685,1.06391215999194,1.83756546969667,0.191963203502501,2.44882225990295,1.82031100988388,0.253796920544622,3.41346183120882,0.813772022060215,4.48976983227556,0.068852007861617,0.224839687347412
0025,20,circular,1,0.943765445040348,1212,139.601,39.2831557823327,0.901785714285714,0.288418528012656,0.640591966173362,40.3641637975674,38.6488660547295,0.781511594002962,1.04438158005487,1.80624517344592,0.49293146936761,3.47919273376465,1.6827706694603,0.56878388409303,3.50546043176792,0.977182087512201,4.33167272799861,0.0546873289057351,0.534588694572449
0025,13,irregular,1,0.846547298550439,864,110.556,33.1674383492482,0.942202835332606,0.756144418827175,0.726661059714045,41.5459432875686,27.1878639338037,0.888298588625878,1.52810619431977,1.79192946110286,0.388952354978604,2.86060786247253,1.64164865016937,0.364542678099441,3.36225901344162,1.1696751327706,4.28895499373903,0.0529135097520443,0.38586151599884
0025,8,irregular,1,1.31379980661546,706,111.127,29.9817797767748,0.905128205128205,0.816863668957092,0.624226348364279,40.7039369124675,23.479283592996,0.718414988575143,1.73361068497889,1.72826321644503,0.336399131720849,2.77066826820374,1.66740453243256,0.447569412741,3.10003032345441,0.783854255322693,4.48789936245256,0.0569638350798752,0.335057020187378
0025,2,circular,1,0.627599896645175,880,102.906,33.473135487536,0.977777777777778,0.159413507100272,0.784313725490196,33.7145293403151,33.2833845378165,1.0442660081519,1.01295375480846,1.88198980608229,0.446116084070607,3.20996928215027,1.66787159442902,0.396761828307766,3.74084897044932,1.05396838455503,4.03418898890338,0.0583322833627962,0.493649125099182
0025,12,circular,1,0.64495206187083,1354,144.73,41.5206736887952,0.918588873812754,0.158792591464331,0.640189125295508,42.0137275006149,41.4806557846246,0.8122905563101,1.01285109181393,1.67920863040631,0.453986312183803,3.17181754112244,1.67559361457825,0.567238697271128,3.02581298736561,0.199877682619993,4.49887549262233,0.0570992593784797,0.606329798698425
0025,11,irregular,1,4.66441597149807,535,92.726,26.0994857503613,0.881383855024712,0.660515539663326,0.639187574671446,30.5217112516056,22.9160785018926,0.781916890728263,1.33189067444872,1.784800361822,0.326254172126632,2.93215012550354,1.68947088718414,0.408391080203224,3.29191616922959,1.1017243859368,4.26484769551406,0.0581696221800053,0.335832476615906
0025,15,circular,1,0.161149812626889,306,68.759,19.7385739274386,0.881844380403458,0.41728196967935,0.632231404958678,21.0160341148375,19.0988898460383,0.813340103666263,1.10037987989112,1.88527623663684,0.253074838987192,2.69664192199707,1.83150619268417,0.285097936211773,3.61827705480417,1.19270996296068,4.48866399855058,0.063932839902925,0.287194728851318
0026,6,irregular,1,2.30118454161356,3141,210.369,63.2395873643491,0.956164383561644,0.298275828712732,0.743607954545455,65.0054260899234,62.0463606923714,0.891896203731719,1.04769120000806,1.30185728193375,0.381512015126917,2.64860677719116,1.13748496770859,0.524649364083643,1.84037240050638,1.2499434075735,4.21913469739914,0.0354462091963044,0.498434901237488
0026,11,irregular,1,14.0997350501008,36,21.635,6.77027500257308,0.9,0.866371072314069,0.571428571428571,10.1207370046437,5.05430421767545,0.96649267241665,2.00239965161779,1.27042187638057,0.153546099770135,1.58833503723145,1.24751615524292,0.250599685344264,1.63751803839006,0.159644682703986,4.80058590636334,0.0438347384341889,0.262328028678894
0026,5,irregular,1,2.0401517974001,2900,214.786,60.765077797465,0.926221654423507,0.280718671292142,0.708180708180708,62.5724501212781,60.0564178830493,0.78994330315098,1.04189447734176,1.42173168855089,0.259238458666285,2.51224541664124,1.38954663276672,0.44412934567298,2.08852021474646,1.27299764356664,4.15809033146843,0.0281197251712497,0.250158548355103
0026,18,circular,1,0.360699074065714,1038,118.579,36.3541283410165,0.947945205479452,0.20272579706276,0.738264580369844,36.8473305548102,36.0822157915547,0.927666023406856,1.02120476102897,1.42238413017669,0.123555636511844,2.21743559837341,1.38347911834717,0.302746625832159,2.03843905058527,1.79076512094768,3.4250450109544,0.0315906240398565,0.1302889585495
0026,NaN,unmatched,0,NaN,8,9.552,3.19153824321146,0.727272727272727,0.614360016899287,0.5,4.32967392049962,3.41622458407115,1.10182145147492,1.26738562232929,1.45466720023089,0.088402268106444,1.79383158683777,1.44743371009827,0.175920946291372,2.1238580567933,0.969116009820522,4.14595481118601,0.0241466378815823,0.0771385431289673
0026,2,circular,1,3.12937930638235,1010,142.828,35.8604509199552,0.85665818490246,0.825099220767918,0.561111111111111,48.4775758599689,27.3892415831629,0.622163498520076,1.76994955164329,1.32101159882064,0.216468189629831,2.29402136802673,1.30203652381897,0.430129292561612,1.79192210586353,0.889230727663451,4.17650771411955,0.0339844053707374,0.289054393768311
0026,10,circular,1,0.859861702937174,4692,260.587,77.2919138325439,0.951145347658626,0.122638263523094,0.724074074074074,77.7493334050584,77.162437723051,0.868285153523148,1.00760597642228,1.42051582494402,0.428315273155359,3.01286125183105,1.21829682588577,0.498097881842451,2.201309618274,1.63761475691458,3.6978263073496,0.0288115364808841,0.39122211933136
0026,16,circular,1,0.687920712251619,2781,201.033,59.505286940813,0.947529812606474,0.211728878987591,0.73532522474881,60.3124543955918,58.9450770339664,0.864721277799562,1.02319748196847,1.41671122037011,0.421181841668441,3.48927450180054,1.32718896865845,0.586283570658138,2.18444947484793,2.03738039619234,3.7867243878384,0.0326342379255707,0.376472234725952
0026,NaN,unmatched,0,NaN,9,8.791,3.38513750128654,0.9,0.822473071247957,0.75,4.84830067916119,2.75773306096807,1.46344300571351,1.75807468379817,1.31460851841215,0.119942681238485,1.59324669837952,1.32314133644104,0.273439808698977,1.74255574142318,-0.76839463989186,4.29889943789331,0.048234665594015,0.118025660514832
0026,3,irregular,1,6.42419762391038,5618,296.356,84.5757634451037,0.930903065451533,0.679543601719671,0.679733817301875,99.1076545203065,72.7088562914588,0.803829888156232,1.36307541577915,1.39087197666897,0.364973051054539,3.0150511264801,1.2640985250473,0.539214819501524,2.06772491115266,1.61977693122035,3.96725928437169,0.0307703366424194,0.336879014968872
0026,7,circular,1,0.692559501331543,10,8.328,3.56824823230554,1,0.587407799848354,0.833333333333333,4.08574758561188,3.3065591380366,1.81187582738243,1.23564933063256,1.16790967013525,0.107243848741111,1.83442628383636,1.15968072414398,0.308921116220901,1.37549340510292,2.50118754564241,3.55796557340934,0.0525630506136109,0.0955533981323242
0026,NaN,unmatched,0,NaN,113,53.393,11.9948350782774,0.715189873417722,0.940711117919282,0.391003460207612,22.4455837937057,7.61373896912731,0.498103577427793,2.94803694803822,1.42253677108324,0.116183546007253,2.13512587547302,1.44054126739502,0.343825295165207,2.03709962124488,-0.408020351784012,3.51595738797806,0.0293302426800547,0.113529682159424
0026,1,irregular,1,4.08946124084786,415,85.729,22.9868312532435,0.920177383592018,0.903063276527002,0.682565789473684,35.6641811575822,15.3180343693272,0.709581762803218,2.32824788727436,1.32392916543096,0.212426967479417,2.05112886428833,1.26292276382446,0.326009427119007,1.79789811260482,1.36551962929206,4.27701970200979,0.0402088829146139,0.231454372406006
0026,NaN,unmatched,0,NaN,42,23.206,7.31273279143145,0.91304347826087,0.802865060727844,0.7,9.9918426120461,5.95674484154358,0.980073346649706,1.67739980103914,1.40771931486252,0.0779858930969125,1.63214826583862,1.40667700767517,0.148911840353602,1.98774767178025,0.0628713469726828,4.4901949107703,0.0232732937180896,0.0925689935684204
0026,13,irregular,1,4.55606679682914,5329,326.79,82.3716791979724,0.878937819561273,0.536543545651387,0.729001367989056,90.9500100262738,76.7502245881735,0.627072950734195,1.18501294965967,1.42062517846906,0.589229686825519,3.6183295249939,1.19839304685593,0.69559913431161,2.36535156310582,1.82324620201355,3.93969069459541,0.038513764612245,0.426817655563354
0026,4,circular,1,0.760673916553716,4933,249.471,79.2520704725029,0.98149621965778,0.113379144102863,0.77078125,79.5315053845643,79.0186699472852,0.996049320808796,1.00649005402927,1.42804218715691,0.639863569221984,3.83035778999329,1.10183614492416,0.591104042700183,2.44870837659978,1.9185542125574,3.23445858245367,0.0316154884909941,0.523395180702209
0026,14,irregular,1,5.60999458723699,1076,122.896,37.013588722725,0.948853615520282,0.606892936218391,0.64047619047619,42.0142156278601,33.3922093665491,0.895254762099843,1.25820412679696,1.44232183240645,0.289671803561917,2.61293745040894,1.32974052429199,0.404044592935536,2.16418627318745,2.09543597914423,3.70042974771597,0.0383779481178145,0.170388579368591
0026,9,circular,1,0.670867792652542,2850,195.525,60.2389633252035,0.965774313791935,0.188571422580089,0.765923138941145,60.8451644867376,59.7535704826153,0.936807016616371,1.0182682640603,1.35085540812032,0.44898944557464,3.22871804237366,1.18434381484985,0.57196885523157,2.02638357094001,1.45308139615312,4.03549390419525,0.034145803970943,0.54966926574707
0026,20,circular,1,0.834859218955003,33,17.905,6.48204481442857,0.942857142857143,0.440324805834822,0.673469387755102,6.96855035044936,6.25663315583367,1.2935259723063,1.1137859895065,1.26118097710838,0.136135195645271,1.97098457813263,1.24537646770477,0.393413457038984,1.60908482630288,2.0025911253062,3.42351221666464,0.055336395500097,0.0935256481170654
0026,19,irregular,1,2.75423650448411,2703,243.062,58.6648658859725,0.859186268277177,0.29757150583415,0.659912109375,61.7120318530516,58.9164480101489,0.574939008253325,1.04744997258526,1.24704001902838,0.292851244107666,2.40993094444275,1.14377492666245,0.510801998363345,1.64086350745213,0.875025765045424,4.17396299078449,0.0383290386668708,0.442923784255981
0027,9,circular,1,0.937007181956814,4277,234.865,73.7946172348112,0.98006416131989,0.309432480150067,0.826473429951691,75.9000693724435,72.1750014748966,0.974344436662618,1.05161160819432,1.84516331890074,0.89064505115519,4.55693244934082,1.4896627664566,0.655789942630863,4.19779527069813,0.909426915940115,3.88150745824741,0.0544350574996669,1.22453057765961
0027,NaN,unmatched,0,NaN,18,25.968,4.78730736481719,0.818181818181818,0.990319077618569,0.642857142857143,14.5190368159367,2.01538271014207,0.335432673882763,7.20410904731498,1.34532791843601,0.249283119699602,1.85223722457886,1.30280745029449,0.305771769756477,1.87189697288621,0.319048707256892,4.81130989851262,0.0640965920660612,0.453830003738403
0027,16,circular,1,0.592526863409969,41,19.956,7.22515199384357,0.976190476190476,0.221720710208492,0.732142857142857,7.4001814789205,7.21599253499077,1.2937391786603,1.02552510178421,1.4855466910771,0.148923019656703,2.1730637550354,1.45821022987366,0.279860669225548,2.22899770108792,1.85706793590102,4.01021941098178,0.0491494554689033,0.151381731033325
0027,NaN,unmatched,0,NaN,7569,385.294,98.1689875373096,0.90875255132669,0.84416441571105,0.651601239669422,136.822613600934,73.3484630174347,0.640713503635818,1.8653780593659,1.46228365974268,0.543017063616434,3.93545842170715,1.23864042758942,0.611205232517059,2.43313386411819,2.09881737183315,3.53788592806644,0.0320252746188479,0.384099006652832
0027,1,irregular,1,2.09565838840881,382,92.196,22.0539680350007,0.835886214442013,0.844449227761326,0.660899653979239,31.2881760099864,16.759061097834,0.564740674847559,1.86694086424867,1.41266020545664,0.213558257614694,2.19718265533447,1.36040461063385,0.348469953379017,2.04119830829427,1.37430888246823,4.16455403966207,0.0493276179076035,0.180175304412842
0027,10,circular,1,0.84900680578266,427,74.622,23.3168026453439,0.942604856512141,0.257902940242135,0.741319444444444,23.9953240206692,23.1835821335083,0.963615927129148,1.03501365244104,1.62902804587252,0.14803496705373,2.52899241447449,1.59950333833694,0.304505129603013,2.67563540631341,1.45076204539841,3.76970592120117,0.0467632301552005,0.188256978988647
0027,17,irregular,1,1.56853624809157,477,83.513,24.6441729996905,0.920849420849421,0.587812229121136,0.636,27.9012962270034,22.5720759333646,0.859448925982882,1.23609792512533,1.52567773246441,0.334113320593073,2.66844534873962,1.40465819835663,0.40674653874197,2.43928206548021,1.57263003271389,4.20854198141943,0.0491669091301873,0.321391463279724
0027,2,circular,1,0.46184468288109,85,30.451,10.4031418957202,0.965909090909091,0.330174781160332,0.702479338842975,10.790645270557,10.1855038688588,1.15192889212343,1.05941202413642,1.47820802112028,0.200293969567,2.16792821884155,1.47047185897827,0.345507035355082,2.22517488219038,0.686192906632482,4.27462756175086,0.059923926317788,0.172779679298401
0027,6,irregular,1,2.4336009608803,3826,225.008,69.7955191839471,0.968362439888636,0.118165680203758,0.738182519776191,70.172601702909,69.6809649641066,0.949639806547312,1.00705553861167,1.5660319802042,0.705506862860766,3.66447257995605,1.17893844842911,0.603558543178545,2.95015610460597,1.35200731212456,3.98463203975958,0.0440498924859359,0.864860057830811
0027,5,irregular,1,6.2737392677332,3381,219.261,65.6111492107064,0.952394366197183,0.34348829369561,0.73134328358209,67.9240651847309,63.7913584459733,0.88375575268837,1.06478474262713,1.46228383741682,0.529459764808235,3.06753516197205,1.22584319114685,0.55272301504634,2.41858152958044,1.31935324904569,4.24680630544104,0.0419940183610283,0.622852921485901
0027,20,circular,1,0.745827276703976,3369,212.338,65.4946106654033,0.966160022942357,0.193518288014523,0.750668449197861,66.1880310044255,64.936856688127,0.93897802839012,1.01926755282147,1.52350554947509,0.683822313683513,4.17759895324707,1.21032381057739,0.644183376940873,2.78864795371713,1.54166129500422,3.88039432148919,0.0419737964123214,0.703010201454163
0027,3,irregular,1,2.20784667463035,3655,260.637,68.2179634407758,0.869410085632731,0.296123150339633,0.632790858725762,71.3590869605009,68.1586153745314,0.676122064695252,1.0469562295006,1.48201564343644,0.494577943869908,3.60591435432434,1.2942368388176,0.615854676187722,2.44096367142318,1.57285002840979,3.89709066934338,0.0412232433937046,0.474644780158997
0027,14,irregular,1,6.50994763184857,942,111.243,34.6322342787832,0.961224489795918,0.648509889975517,0.731934731934732,39.8153861672918,30.3077199484361,0.956566972850076,1.31370443685739,1.63473710307369,0.394146515441696,2.9896776676178,1.45845925807953,0.415422321191935,2.82768113417103,1.75655980670383,3.76196022910814,0.0455834272691627,0.282750725746155
0027,8,irregular,1,0.907339316785972,1738,167.945,47.0413682703821,0.906152241918665,0.456246278273654,0.585579514824798,50.717982484982,45.1315765668576,0.774328918077428,1.12378042920457,1.56938237132371,0.366301946944415,3.06046676635742,1.44188362360001,0.514246183759062,2.59712373160691,1.7818556610666,3.92951529508729,0.0349105336783952,0.314893007278442
0027,19,irregular,1,5.1797658882992,2374,202.638,54.9788202783697,0.911324376199616,0.660654220906751,0.694761486684226,63.9037365554063,47.971918310647,0.7265220468929,1.33210717448469,1.45624845113794,0.464068769720551,3.01453161239624,1.307896733284,0.626433276604036,2.33599740122163,1.01701178160479,4.34141956449729,0.0460966972615869,0.625443935394287
0027,NaN,unmatched,0,NaN,193,81.874,15.6759443777364,0.936893203883495,0.982507382432893,0.672473867595819,38.3262575661963,7.13725512672666,0.361805492749777,5.36988756681502,1.30644793196005,0.314417934398208,2.22518229484558,1.13166630268097,0.404363969958897,1.80560154661322,1.05397130160245,4.1886153203657,0.0470748957582785,0.456406116485596
0001,NaN,unmatched,0,NaN,62,41.674,8.88486644658096,0.652631578947368,0.892820131162989,0.405228758169935,16.0644500612955,7.23564325899203,0.448612301953492,2.22018271026996,1.23540261731209,0.0609136485518272,1.38107860088348,1.24743568897247,0.125696745079248,1.52992482138657,-0.47753195852873,4.56018307344742,0.0182216075091762,0.0896912813186646
0001,NaN,unmatched,0,NaN,76,41.12,9.83698151873187,0.752475247524752,0.923299195472994,0.395833333333333,17.0828106393344,6.56119146778195,0.564829335211416,2.60361410320332,1.25275258439175,0.0493642816663175,1.34928333759308,1.26495814323425,0.0968713616850635,1.57182292697044,-0.720474012928772,4.55024549803698,0.0166517008089184,0.0660054683685303
0001,NaN,unmatched,0,NaN,59,47.976,8.66724484131922,0.59,0.932374528377395,0.252136752136752,18.8086876986981,6.79922324503932,0.3221171174246,2.76629947581451,1.24258416588207,0.0497981772212134,1.36060762405396,1.25382125377655,0.105880009309325,1.54649301743011,-0.466523369019351,4.50914439558615,0.017048363431692,0.0692505836486816
0001,7,circular,1,1.07309365581077,2502,182.747,56.4415214264054,0.963419329996149,0.132467924829177,0.743757431629013,56.7590962774866,56.2588949662612,0.941448693063919,1.00889106178721,1.12232288782001,0.150963769266497,1.9492050409317,1.12237268686295,0.388066651171185,1.28239644514982,0.473626394350655,4.00858470065971,0.0317945421158098,0.21376234292984
0001,NaN,unmatched,0,NaN,253,66.22,17.9479693786789,0.832236842105263,0.735944933097495,0.554824561403509,22.6716695422575,15.3496588559873,0.725023414677996,1.47701455484883,1.2334817178669,0.0684847075880436,1.41668450832367,1.23807388544083,0.177368946927722,1.52616457029462,-0.314182332828143,4.34108006835202,0.0219619421582731,0.0931084156036377
0001,NaN,unmatched,0,NaN,543,100.021,26.293898014391,0.839258114374034,0.721474671228202,0.652644230769231,32.4957062773894,22.5013537258421,0.682067425961626,1.44416672318115,1.21238714801414,0.108135412035927,1.4480973482132,1.21614646911621,0.215285336823665,1.48157168783912,-0.135268014345863,4.71001772095129,0.0237688159208135,0.172376155853271
0001,9,irregular,1,3.62665792339826,4123,247.71,72.4538932214348,0.935557068300431,0.324608571062801,0.723587223587224,75.1102337626933,71.0428975969431,0.844376465624309,1.05725183379802,1.269702336115,0.343237669941319,2.29947543144226,1.19825309514999,0.702372848873852,1.72994765080538,0.600757548760755,4.36924773727424,0.0388656041442552,0.35670006275177
0001,NaN,unmatched,0,NaN,1831,231.484,48.2835542023377,0.743100649350649,0.95081932132436,0.354432830042586,96.6656194298435,29.9417942113921,0.429394276929411,3.22845113246636,1.07908983803159,0.229511671188327,1.75659573078156,1.11524295806885,0.62752126355459,1.21710746986055,-0.523024851004245,4.33184593165986,0.0320058213248861,0.263669371604919
0001,NaN,unmatched,0,NaN,418,86.077,23.0697665722759,0.887473460721868,0.768549736493421,0.603174603174603,29.6044251736652,18.9406165338349,0.708943950755765,1.56301275202847,1.16236788803947,0.132098974187141,1.42889165878296,1.17053127288818,0.292434461290298,1.36854295325286,-0.447727955818736,4.63752650660614,0.0229400694803759,0.176199913024902
0001,NaN,unmatched,0,NaN,20,19.485,5.04626504404032,0.769230769230769,0.869452688966811,0.357142857142857,8.28856051093265,4.09468329950858,0.661971114913628,2.02422505103811,1.22614255497436,0.0489759588257403,1.36268794536591,1.22554808855057,0.118896003125181,1.50581917049273,-0.0914359862598818,4.42442002346058,0.0230899772038277,0.0662904977798462
0001,NaN,unmatched,0,NaN,115,45.668,12.1005184865998,0.798611111111111,0.85957757488892,0.552884615384615,17.7625096388615,9.07673615172558,0.692920993839084,1.95692695501396,1.19813765846318,0.107349394731785,1.47171139717102,1.21120232343674,0.20885642104822,1.44704804093066,-0.202713066720728,4.65131548390277,0.0248276350860253,0.141204118728638
0001,NaN,unmatched,0,NaN,8,9.362,3.19153824321146,0.888888888888889,0.883503132962298,0.533333333333333,5.23485325808178,2.45213744170616,1.14699778026596,2.13481233516807,1.0020056261187,0.211798392585821,1.35770666599274,1.07995998859406,0.47714795263913,1.04879581899007,-0.63157540902286,4.58953519295833,0.0495630797718433,0.345114946365356
0001,8,irregular,1,3.73967244037018,1042,126.543,36.4241074786197,0.920494699646643,0.502726715716374,0.607226107226107,40.0743863783297,34.6421189561693,0.817713806477762,1.15681106080819,1.29028178816641,0.210329490882658,2.76586365699768,1.2236213684082,0.435772665725357,1.70905738922213,3.50767145839355,2.7044253385771,0.0294104098066319,0.0833646059036255
0001,NaN,unmatched,0,NaN,161,85.912,14.3175265567193,0.547619047619048,0.901082021526895,0.372685185185185,27.97222608131,12.1301193301417,0.27411202078623,2.30601408939175,1.20639239059111,0.0903134184275811,1.39741480350494,1.22719711065292,0.179185825303909,1.46353423532662,-0.495974205003428,4.64147039515572,0.0207826627574754,0.140280246734619
0001,NaN,unmatched,0,NaN,322,95.166,20.2480402361493,0.686567164179104,0.868859120344942,0.419270833333333,33.1715739551621,16.4219001514284,0.446788621936897,2.01995954483237,1.21705057081722,0.0806485449541589,1.39187812805176,1.22473555803299,0.187154254269269,1.48771386001701,-0.378861276210854,4.52042075069939,0.0199204502121884,0.119473814964294
0001,20,irregular,1,2.16356187831391,6417,327.66,90.3901441450645,0.925706866705136,0.30660981081352,0.711734693877551,92.8237780013778,88.3529478782816,0.751095308813605,1.05060193497172,1.24031032554407,0.289115311789617,3.14114189147949,1.15583550930023,0.538824691156437,1.62195429589322,3.16505368850346,3.16924330694327,0.0230541228801832,0.197872281074524
0001,NaN,unmatched,0,NaN,11,12.091,3.74241031850956,0.846153846153846,0.950380593029867,0.458333333333333,7.41600418492077,2.30704164632713,0.945536083112014,3.21450815451348,1.20107683615807,0.056732417533786,1.3549040555954,1.20360815525055,0.114745613697833,1.44579897559444,-0.00258569147643918,4.65310412118225,0.0202346788708198,0.0823739767074585
0001,NaN,unmatched,0,NaN,16,12.066,4.51351666838205,0.941176470588235,0.652888743689146,0.8,5.38683504218941,4.08027877661648,1.38103029221476,1.32021249946465,1.24268489837646,0.037702536536954,1.33621454238892,1.24489176273346,0.0857672934710049,1.54568486877881,-0.0778770466437482,4.4593239465358,0.0161231307087893,0.0591009855270386
0001,NaN,unmatched,0,NaN,161,58.677,14.3175265567193,0.821428571428571,0.941575124263884,0.516025641025641,25.6016669859557,8.62271917926106,0.587624557603521,2.96909437193915,1.21621804481203,0.0887480624849833,1.39587926864624,1.22310245037079,0.167439340017758,1.48705476829653,-0.299317648014785,4.73852161243866,0.0214470866093481,0.138104677200317
0001,NaN,unmatched,0,NaN,11,10.015,3.74241031850956,0.916666666666667,0.840603343509873,0.733333333333333,5.37101145989112,2.90921478470711,1.37816317718082,1.84620657372049,1.20663391444994,0.0456554947495402,1.34758138656616,1.20723176002502,0.10570153156292,1.45804620261604,0.215450972850536,4.43583465448649,0.0193215674818189,0.0539242029190063
0001,NaN,unmatched,0,NaN,97,43.336,11.1132459632328,0.881818181818182,0.880410614642605,0.518716577540107,17.2369817797417,8.1739859424203,0.649058666436072,2.10876087886174,1.19328624033099,0.0851144144747535,1.38681495189667,1.18511378765106,0.15827222055093,1.43116719128074,0.195995214123129,4.7500386073913,0.0205686719334635,0.12847638130188
0001,14,irregular,1,1.88359151670248,129,40.83,12.8159237384917,0.914893617021277,0.6558539421498,0.671875,15.180796263995,11.4597980546315,0.972390740081308,1.32470015541501,1.12576513313171,0.153589208830258,1.6151841878891,1.10607713460922,0.336822050112129,1.2909163029217,0.817981483119693,4.49627156176935,0.0594193928938045,0.179366111755371
0001,19,circular,1,0.641464993615749,5586,265.838,84.3345486552849,0.982758620689655,0.0835445878599522,0.773148788927336,84.5070279530172,84.2115947679415,0.993291395917473,1.00350822456088,1.35241360399899,0.499120882077238,3.68966484069824,1.1148978471756,0.605850224084945,2.07813268260077,1.89862245369474,3.29467312453104,0.0336022163713185,0.347492694854736
0001,10,circular,1,0.616439717848054,6092,278.392,88.071421622037,0.983056317573019,0.129849044679679,0.777834525025536,88.4658242866849,87.7168526523479,0.987770966050486,1.00853851468321,1.49151216314591,0.641952775207467,3.63756895065308,1.2114765048027,0.575313199120593,2.63669417810582,1.94688694677885,3.26286006777992,0.0356647946411979,0.25407874584198
0001,NaN,unmatched,0,NaN,1395,312.428,42.1446220164039,0.41065646158375,0.947056445338251,0.214747536945813,119.903270135429,38.4969964629224,0.179590836876202,3.11461363618098,1.23817398336743,0.324633929800946,3.68966484069824,1.1568169593811,0.661625913452564,1.63845823763783,3.6239055169753,2.66479170709458,0.0252944096666786,0.14300537109375
0001,NaN,unmatched,0,NaN,14,13.381,4.22200824564475,0.875,0.914425348248693,0.666666666666667,7.21260677809135,2.91933573809276,0.982563796953142,2.47063285115792,1.24746539492922,0.0635890044656691,1.66256332397461,1.24366652965546,0.194943255242488,1.56020696166369,2.76188140798083,3.48180850983858,0.0264615138246054,0.0525213479995728
0001,1,irregular,1,1.97569904732192,91,61.886,10.7640512155461,0.548192771084337,0.952105700296414,0.315972222222222,25.5076889506426,7.79946279938509,0.298583930267479,3.27044177358646,1.08899238151075,0.126448690848919,1.43594837188721,1.08990603685379,0.31297931170057,1.20188232238922,0.068164644103215,4.5452947430824,0.0633441199917588,0.188348531723022
0001,NaN,unmatched,0,NaN,85,32.775,10.4031418957202,0.955056179775281,0.723688042826772,0.653846153846154,12.8472235323958,8.8662190044481,0.99435941234956,1.44900814269877,1.23678578788584,0.0536141025124728,1.39247190952301,1.23292291164398,0.11231548699853,1.53251065359755,0.300313814416652,4.54948799928243,0.0177643723031693,0.072528600692749
0001,18,irregular,1,6.13517897542014,1465,208.534,43.1890719168288,0.776364599894012,0.886156572586625,0.414544425580079,67.8139163982332,31.4240153566302,0.423344323903774,2.15802836234056,1.14856445891143,0.204249147794204,2.52550148963928,1.16208559274673,0.697111050149366,1.36091428040515,-0.108338894421687,3.30261431101862,0.0290775420325089,0.146645188331604
0001,NaN,unmatched,0,NaN,545,217.186,26.342276892491,0.396941005098325,0.967800871486793,0.173015873015873,84.5671562813497,21.2869950873342,0.145192008368822,3.97271460506266,1.16691546906893,0.0889030591851098,1.43594837188721,1.16810631752014,0.31297931170057,1.36959482766181,-0.24048076218189,4.04112914857088,0.0218535727740737,0.12967050075531
0001,NaN,unmatched,0,NaN,22,16.011,5.29256742840123,0.916666666666667,0.73295704963379,0.611111111111111,6.8209005274818,4.64008754367105,1.07843911116266,1.46999393077946,1.24775077041084,0.0430510428243491,1.34703409671783,1.25427043437958,0.0835285926975882,1.55873263564454,-0.283492965575333,4.60861934283652,0.0169620339360517,0.0634069442749023
0001,NaN,unmatched,0,NaN,11,11.512,3.74241031850956,0.846153846153846,0.592112546319983,0.55,4.78975692179615,3.85985090590049,1.04304005674496,1.24091759981561,1.19166525562604,0.067109986024998,1.37967550754547,1.19344007968903,0.158026776516992,1.42456232544018,-0.278307253569569,4.46156757913819,0.0239071604176823,0.0896283388137817
0001,NaN,unmatched,0,NaN,25,25.282,5.64189583547756,0.595238095238095,0.935387168964218,0.5,12.2790589804912,4.34218576528989,0.491503957124539,2.82785206442484,1.22981788026875,0.0550191084670638,1.39578557014465,1.22802114486694,0.117206836444057,1.51547494561173,0.0770121110993748,4.55478573041152,0.0193164876229479,0.0742876529693604
0001,NaN,unmatched,0,NaN,21,15.738,5.17088294582641,0.807692307692308,0.49957094342265,0.583333333333333,5.97340520464494,5.17459951568641,1.06544264771434,1.15437053370739,1.22614250310074,0.0570568171948464,1.37162399291992,1.23511606454849,0.13894827983265,1.50667610249916,-0.576863583422012,4.37968471729994,0.0216954592930781,0.0725492238998413
0001,NaN,unmatched,0,NaN,31,20.204,6.28254931431422,0.861111111111111,0.836218960141455,0.645833333333333,8.93720053942158,4.90112240225591,0.954326180436126,1.82350078327118,1.23417538748338,0.0546239676117942,1.39578557014465,1.23603856563568,0.126871876396415,1.52616856631146,0.0137587151686188,4.46011117524101,0.0190389195147304,0.0793519020080566
0001,NaN,unmatched,0,NaN,8329,490.934,102.97966871232,0.768499723196162,0.870041012999486,0.48537296037296,161.223332890804,79.4797732274565,0.434266676540963,2.02848254774725,1.30639986329996,0.369155524978982,3.5027277469635,1.1749974489212,0.621099879729249,1.84295411394911,2.43297161989578,3.34966043481181,0.029022051038045,0.232677936553955
0001,NaN,unmatched,0,NaN,7329,414.284,96.6000653383009,0.89728207639569,0.798887047944556,0.66894852135816,129.292684507873,77.7671029795612,0.536609385176601,1.66256269751818,1.30283846353049,0.294954820587216,2.98921895027161,1.20344656705856,0.570004024345175,1.78438423339226,1.69621943459495,3.63687257398212,0.0298881555261737,0.266254544258118
0001,12,circular,1,2.10736861275722,2455,197.8,55.908881962751,0.913658355042799,0.388156311831709,0.730002973535534,58.7211895337055,54.1170697195908,0.788512869528713,1.08507703462089,1.15713123414971,0.170197457498779,1.95488083362579,1.12679767608643,0.371445037212947,1.36791708308186,1.04494877267037,4.12116855527077,0.0271483161610928,0.242522239685059
0001,NaN,unmatched,0,NaN,8,11.231,3.19153824321146,0.727272727272727,0.899263771717399,0.4,6.03688873066747,2.64057590692007,0.797008579654942,2.28620154976299,1.22621175944805,0.0442660843568451,1.36802208423615,1.22714078426361,0.10786341803609,1.5055514994226,0.0783263283997536,4.36352213345888,0.0198239018807107,0.066641092300415
0001,NaN,unmatched,0,NaN,68,33.147,9.30485298336256,0.839506172839506,0.693894719855202,0.56198347107438,12.1875092454205,8.7759385941474,0.7777326297322,1.38874139952942,1.12296540791733,0.168844777095032,1.43431687355042,1.16161501407623,0.343420365734944,1.28953020061741,-0.607604759252478,4.65411404382953,0.039861468906275,0.228177428245544
0001,NaN,unmatched,0,NaN,382,87.739,22.0539680350007,0.845132743362832,0.742601811417711,0.535764375876578,28.4899081982274,19.0806371831779,0.623573809754467,1.49313190774075,1.14638176301001,0.158488123958828,1.63266575336456,1.14910566806793,0.399162420683603,1.33929991498227,-0.165433620743064,4.43730363124765,0.0359114585744728,0.204338312149048
0001,NaN,unmatched,0,NaN,93,43.014,10.8816946134492,0.768595041322314,0.78356149885104,0.442857142857143,15.576766088083,9.67806649206098,0.631645128500942,1.60949153437422,1.15242296041561,0.129699890282816,1.43431687355042,1.16762709617615,0.343420365734944,1.34488660504628,-0.804578098917997,4.39864679743167,0.0387480885295438,0.157195210456848
0001,NaN,unmatched,0,NaN,8,9.461,3.19153824321146,0.8,0.910891934751674,0.533333333333333,5.71081364264919,2.35653860685509,1.1231189785486,2.42339065697317,1.23025501271953,0.0379351684870091,1.33890950679779,1.22778010368347,0.0876149538804574,1.51496397058704,0.197856782310517,4.47323650240769,0.0200934566644497,0.049446702003479
0001,NaN,unmatched,0,NaN,234,74.011,17.2608821752548,0.785234899328859,0.931363560792153,0.43984962406015,30.3810299164349,11.0614454341221,0.536825549088794,2.74656961401411,1.19708901760055,0.0891752882994956,1.40826141834259,1.19582486152649,0.174470286282621,1.44097046896555,-0.0320185093528794,4.68173873682555,0.0223580880445932,0.148651599884033
0001,NaN,unmatched,0,NaN,51,28.648,8.0582390620714,0.784615384615385,0.665995511081075,0.566666666666667,9.99949805659087,7.45918306077751,0.780892809986046,1.34056209307572,1.08364753113396,0.146801411206568,1.63266575336456,1.10263764858246,0.399162420683603,1.19581785519791,0.00444059380700943,4.24284447045708,0.0455092748955969,0.172995388507843
0001,NaN,unmatched,0,NaN,97,58.645,11.1132459632328,0.541899441340782,0.858951837447986,0.373076923076923,18.7574592773862,9.60487678067152,0.354421139093773,1.95290993374668,1.22881809920073,0.0640505422899033,1.37121427059174,1.23624527454376,0.207103037670591,1.5140932849576,-1.1218268847394,4.03336146329935,0.0214419577593076,0.0780173540115356
0001,NaN,unmatched,0,NaN,17,15.73,4.65242649168128,0.85,0.91185003306062,0.485714285714286,7.92666091049028,3.25408032111802,0.863378719823055,2.43591433777728,1.21692371492033,0.0658987032848334,1.34964668750763,1.22596645355225,0.132373377277393,1.48523953349071,-0.549609148036067,4.59080705121414,0.0205301884172686,0.0975316762924194
0001,NaN,unmatched,0,NaN,27,23.967,5.86323014283504,0.75,0.900854440108923,0.385714285714286,10.1998282372884,4.42796239602006,0.59067185340598,2.30350380718144,1.26109463226648,0.0336295424237047,1.37639355659485,1.26019191741943,0.078764233785977,1.59148922142517,0.1607224514306,4.38104425183806,0.0172561652100873,0.0448596477508545
0001,NaN,unmatched,0,NaN,12,11.81,3.90882009522336,0.923076923076923,0.911624545231374,0.5,6.57639977321398,2.70305782003024,1.08116334893441,2.43294824272031,1.26124846725128,0.0319371865819236,1.3516753911972,1.26295155286789,0.0697533317181378,1.5917660454409,-0.06542780696384,4.52063429946287,0.0169340754360743,0.0423127412796021
0001,NaN,unmatched,0,NaN,135,50.581,13.1105811671049,0.798816568047337,0.795356181526293,0.592105263157895,18.0234692087375,10.9247879225273,0.663084399165639,1.6497774910186,1.2626790056626,0.042371155851027,1.41600358486176,1.26351708173752,0.1539629342213,1.59615214763568,-0.268366693477001,3.81964018251563,0.0182201867119125,0.0551398992538452
0001,NaN,unmatched,0,NaN,642,233.246,28.5905541695151,0.460215053763441,0.988412457450531,0.314705882352941,93.7143890579231,14.2250953750689,0.148291576695453,6.58796209002352,1.21963610449268,0.0812767561180469,1.6693309545517,1.22766238451004,0.261609242996417,1.49411749649329,0.107372353288508,3.86155720021729,0.0232873889287888,0.113369464874268
0001,NaN,unmatched,0,NaN,39,26.407,7.04672563994593,0.829787234042553,0.888220665804408,0.464285714285714,11.3655175261239,5.22151281816358,0.702807423523172,2.1766713827816,1.21733199501479,0.069520983923442,1.39061832427979,1.23216861486435,0.159748583240593,1.48672475934885,-0.626435988482631,4.38051671235881,0.0313373735145623,0.0848848819732666
0001,NaN,unmatched,0,NaN,8,8.998,3.19153824321146,0.888888888888889,0.580608727666101,0.5,4.205953927922,3.42441501907467,1.24167481779771,1.22822552304379,1.23168965201411,0.0547584516890155,1.39061832427979,1.23747271299362,0.148201465332523,1.52005268120163,-0.697224039939234,4.21268183118122,0.0307561101241152,0.0592113733291626
0001,NaN,unmatched,0,NaN,76,38.68,9.83698151873187,0.783505154639175,0.796971764596143,0.475,13.7241795526355,8.28963174131716,0.638337745585779,1.65558374375444,1.21934274103906,0.0753590932107209,1.41600358486176,1.22473800182343,0.189852947473943,1.49247045472741,-0.438730107537608,4.38707491990387,0.0299074655035287,0.0992043018341064
0001,NaN,unmatched,0,NaN,167,103.097,14.5818724439206,0.439473684210526,0.976034680069679,0.321153846153846,43.8651311116979,9.54571202635125,0.197439607564366,4.59527073419005,1.24036035426827,0.0849445930025398,1.6693309545517,1.24766606092453,0.252631840712798,1.54570699511693,0.242792721852859,3.93123274722169,0.0329030306214576,0.105527400970459
0001,NaN,unmatched,0,NaN,1814,252.939,48.0588861101627,0.763468013468014,0.958562179355673,0.342716795767995,93.682688076533,26.6886421599807,0.356299778431426,3.51020810706545,1.15995690250745,0.173001320017159,1.6693309545517,1.18860566616058,0.583680114861614,1.37542772469686,-1.17906333354862,3.96408593987524,0.0286605817946497,0.18584942817688
0001,NaN,unmatched,0,NaN,183,63.524,15.2644304409478,0.788793103448276,0.833487675196518,0.418764302059497,21.6531476627639,11.9641879584686,0.569882445900015,1.80983011449909,1.21885801008505,0.0759216245853388,1.38111591339111,1.22433257102966,0.148536814197332,1.49137550468262,-0.255051721107225,4.73072320921877,0.0204407527410556,0.110515594482422
0001,NaN,unmatched,0,NaN,141,45.238,13.398760233979,0.886792452830189,0.771236328332943,0.638009049773756,17.3774354697769,11.0615877575384,0.86580917589238,1.57097117074665,1.23755444970705,0.109441517965744,1.6112220287323,1.23448371887207,0.274902762195306,1.5435086523064,0.409629427245722,4.27970952403092,0.039551725739634,0.12834358215332
0001,16,circular,1,1.47157896823125,104,33.337,11.5072547835032,0.97196261682243,0.457827218917467,0.787878787878788,12.2591710625691,10.898908030581,1.17595356549057,1.12480727685483,1.17679559331267,0.122809520225153,1.6693309545517,1.14443218708038,0.252631840712798,1.39991484288932,1.99751216968583,3.93545199128372,0.0415658876040939,0.0841497182846069
0001,15,irregular,1,3.54738935417943,812,225.067,32.153856849917,0.604616530156366,0.883294786175292,0.384469696969697,62.5076747521961,29.3047233014061,0.201438393423032,2.13302388523822,1.17243974842131,0.110773687193476,1.6112220287323,1.14463913440704,0.274902762195306,1.38688394743931,0.75386132623422,4.18888079503932,0.0286762297928489,0.160413265228271
0001,NaN,unmatched,0,NaN,24,18.36,5.52790639154137,0.888888888888889,0.884645349539942,0.533333333333333,8.83890597707376,4.12126828046427,0.894696527999144,2.14470531291839,1.23514048888766,0.0491483584872814,1.35585474967957,1.23281621932983,0.0910056071460141,1.52798203541751,0.244739206205576,4.72063991800821,0.0236028239149044,0.069145679473877
0001,NaN,unmatched,0,NaN,50,45.809,7.97884560802865,0.476190476190476,0.883296989921434,0.303030303030303,17.5068914941144,8.20747323358231,0.2994182348126,2.13304277648838,1.23311395711064,0.0609619806542202,1.35769212245941,1.24383914470673,0.137711001760138,1.5242829690869,-0.741533385376622,4.46258823865496,0.0185649668441233,0.0819777250289917
0001,NaN,unmatched,0,NaN,97,40.45,11.1132459632328,0.808333333333333,0.831367385604417,0.646666666666667,15.8158233442971,8.7892198902993,0.744979884575925,1.79945701003033,1.21660312391463,0.0810718716008117,1.38352227210999,1.21756833791733,0.191480611380597,1.48668954981858,-0.383604427412448,4.46601014965736,0.0344968014229157,0.111920714378357
0001,NaN,unmatched,0,NaN,49,33.718,7.89865416966859,0.662162162162162,0.853372887671129,0.445454545454545,11.9616916103677,6.23564159151271,0.541604583946737,1.91827760380723,1.23989530417227,0.0533955492673459,1.3539537191391,1.24993109703064,0.13950305177442,1.54018838430755,-1.0819493139227,4.23163117559952,0.0162172450164513,0.0576634407043457
0001,NaN,unmatched,0,NaN,252,77.749,17.9124639643255,0.73469387755102,0.848674507266903,0.466666666666667,27.9932003545423,14.8060368893062,0.523866685508089,1.89066125958126,1.24801340008036,0.0582195153049698,1.39443600177765,1.24986416101456,0.128397557812353,1.56092515581057,-0.190929608432422,4.53086461518384,0.0218861863344646,0.0831834077835083
0001,NaN,unmatched,0,NaN,72,43.733,9.57461472963438,0.654545454545455,0.840654168175252,0.369230769230769,15.5954106513694,8.44604260887638,0.473068270534296,1.84647548841151,1.23795152030466,0.0550579182584348,1.35931265354156,1.2477353811264,0.112695388449583,1.53555271642102,-0.423194986634087,4.57566124055278,0.0169565711849584,0.0863114595413208
0001,NaN,unmatched,0,NaN,216,65.757,16.5837191746241,0.768683274021352,0.749544928253125,0.605042016806723,20.9901344153007,13.8944923767408,0.627739753357572,1.51068019227806,1.23786082468932,0.0722286226654163,1.39533913135529,1.24424028396606,0.147797714966313,1.53751295622545,-0.30287352231809,4.64162746333426,0.0213866387102682,0.0969746112823486
0001,NaN,unmatched,0,NaN,80,39.416,10.0925300880806,0.808080808080808,0.896420114299814,0.625,16.4732785666347,7.30104512605697,0.647075195889167,2.2562904737902,1.221404965645,0.0817917483927687,1.38657665252686,1.24309509992599,0.171372962956669,1.49850965630293,-0.831004923029554,4.48943348554967,0.0221843714920976,0.101598978042603
0002,10,irregular,1,0.977093921527867,2331,192.961,54.4786323137582,0.910191331511129,0.581281253718182,0.669635162309681,61.5475738948787,50.0814278164493,0.786707073848412,1.22895006349366,1.64441605411046,0.411492152480153,3.02176356315613,1.53062880039215,0.565450106530705,2.87341398998915,0.908304974215298,4.32586364827032,0.0434381616121969,0.467087149620056
0002,20,irregular,1,4.60818412495205,64,43.56,9.0270333367641,0.571428571428571,0.749124633878591,0.351648351648352,13.659980136485,9.04876804252945,0.423851862454891,1.50959556840033,1.39223808528268,0.235081549354897,2.13001751899719,1.28369277715683,0.299375494982031,1.99354096664954,1.25955142928339,3.91472632189834,0.0583447922499441,0.229655981063843
0002,9,irregular,1,8.77548628713576,17,12.455,4.65242649168128,0.944444444444444,0.681919621175755,0.708333333333333,5.59577786962116,4.09290368515522,1.37711852879346,1.36719021508295,1.61498842579432,0.150469372613267,2.01925659179688,1.60509163141251,0.253593347058503,2.63079236383896,0.153911051497276,4.51606717793973,0.0510627341596741,0.175246834754944
0002,NaN,unmatched,0,NaN,4640,300.26,76.8624192149268,0.865994774169466,0.836065652384974,0.678958150424349,107.44915567621,58.9497664317266,0.646744708401929,1.82272402725553,1.49039532590554,0.472453258545175,3.27458119392395,1.30618780851364,0.614543647219826,2.44448131430693,1.33800025511304,4.15512896092604,0.0384181213655999,0.544277787208557
0002,4,circular,1,0.462928024793884,459,84.969,24.1747171862142,0.901768172888016,0.322671559163929,0.546428571428571,25.2426871016081,23.892480901696,0.798916766171567,1.05651176223463,1.69081618112546,0.185449002083853,2.69904756546021,1.68410605192184,0.364684091445052,2.8932384431041,0.600796924786449,3.99398510110991,0.0578177154081255,0.256696939468384
0002,19,circular,1,0.73444576712011,3137,201.454,63.1993073683107,0.976650062266501,0.449721435875708,0.767555664301444,67.0168553184471,59.8573689273578,0.97134295063702,1.11960910610318,1.56038302218814,0.724006978935777,3.99072170257568,1.19250428676605,0.682177701708623,2.95893946368211,1.2830039213532,4.0263240268987,0.0467056489348982,0.887994289398193
0002,7,circular,1,0.736768023229563,4018,233.436,71.5253555793041,0.964474315890542,0.132856971175648,0.764459665144597,71.9235194038773,71.2859332596682,0.92658257928355,1.00894406673315,1.73600630927214,0.933769372048325,4.97260332107544,1.21527737379074,0.666534841058719,3.88558865749177,1.50485616881,3.47775393234923,0.0486832039302868,0.805744290351868
0002,2,circular,1,0.05427539273076,182,49.092,15.2226672151039,0.914572864321608,0.589339773759722,0.674074074074074,17.1791420888136,13.8787760742516,0.948985989966851,1.23779950025169,1.71800133554559,0.214000618098222,2.51101803779602,1.65992826223373,0.28434415280003,2.99729042020123,1.32742954974783,4.27273333797015,0.0555426083425048,0.272494196891785
0002,6,circular,1,2.22664356765003,2522,182.515,56.6666580258804,0.965174129353234,0.436989077515825,0.763317191283293,59.8475551307841,53.8308896275457,0.951388331746599,1.11176975793764,1.73144787609577,0.537202076383364,3.53539347648621,1.55108195543289,0.59523719682516,3.28646980044204,1.14502629709077,4.22504757769455,0.0455387456997984,0.557154536247253
0002,13,circular,1,0.299668904035282,16,11.33,4.51351666838205,1,0.695608343640252,0.8,5.45053514192261,3.91578004149024,1.56628225239717,1.39194109070751,1.40249028106531,0.252451778629728,2.02711701393127,1.41153049468994,0.353173313925161,2.03060466918173,0.222591856607502,4.69442412850332,0.0616216982166251,0.414352893829346
0002,11,irregular,1,5.2708874554373,279,74.73,18.8476479429427,0.764383561643836,0.752199028006953,0.645833333333333,24.4111316033953,16.0853728616583,0.627804035185253,1.51759811931886,1.50758197048064,0.310617608665123,2.47192430496216,1.38565438985825,0.371810484180007,2.36922899120887,0.949185412542018,4.31647082189712,0.060223240827885,0.50410783290863
0002,5,circular,1,0.641970752437557,750,95.521,30.9019361618552,0.971502590673575,0.110876756211709,0.756048387096774,31.0292292107968,30.837908062885,1.03293598300669,1.00620408970419,1.71217643769531,0.329243652106888,2.97234010696411,1.55107283592224,0.386793297084935,3.03991434099762,1.2637575831323,3.33273286081813,0.0432345640940847,0.318365693092346
0003,16,circular,1,0.650171014429844,2953,200.264,61.3178308129286,0.961263020833333,0.247993529410622,0.744766708701135,62.3535389332349,60.4057196694423,0.925267990922085,1.03224560976099,1.34160197526398,0.46466292184036,3.40722107887268,1.1450709104538,0.586440064210603,2.01578996140216,1.4625485753466,3.75071775088778,0.0339086852458986,0.623317956924438
0003,17,irregular,1,4.4400366858694,4083,240.762,72.1015746093916,0.952192164179104,0.155698018756169,0.766760563380282,72.9231411209457,72.0338215975836,0.885142837177516,1.01234586064766,1.4898275175723,0.403251029374275,2.73170971870422,1.33460664749146,0.488410759618469,2.38218734037961,1.27452349561418,4.25300431217634,0.0322144773204364,0.412179708480835
0003,11,irregular,1,0.831372887299097,2242,174.667,53.4284854669888,0.957301451750641,0.307062049849732,0.702380952380952,55.0308514573584,52.3722833094539,0.923472038550054,1.05076288410409,1.45126984598489,0.463336122229148,3.27327799797058,1.33295851945877,0.560742976460193,2.32084240059361,1.63374037556812,4.17407590316512,0.036401360760445,0.458931565284729
0003,19,irregular,1,1.73282153926234,817,114.898,32.2527007868896,0.889978213507625,0.735066489881386,0.704310344827586,40.5328615625073,27.4810785340894,0.777690837647424,1.47493707396628,1.47546710809264,0.213453113060496,2.2574634552002,1.38428211212158,0.295310115740487,2.22255438652118,1.5855293041767,3.81397307633308,0.0391626151436784,0.148478269577026
0003,3,circular,1,0.736643337598965,1388,134.871,42.0387498397895,0.963219986120749,0.23515874460289,0.733615221987315,42.7063674827961,41.5087518305908,0.958875395671677,1.02885212393505,1.59404661155584,0.337842049871677,3.07792949676514,1.44478040933609,0.443983132838252,2.65510182639507,1.97406418040339,3.08010108259956,0.0343759688972391,0.206817746162415
0003,4,irregular,1,3.8750127145422,146,47.289,13.6342573516614,0.884848484848485,0.674158045024208,0.5703125,16.6757893742304,12.3165232081195,0.820431750780659,1.35393642284027,1.35992973472601,0.2268581119419,2.30103850364685,1.28861159086227,0.361815853242715,1.90083377600401,2.20491391715877,3.57754965428842,0.045670963523573,0.0993305444717407
0003,7,circular,1,0.775421821028379,5479,262.1,83.5229277839562,0.985077310320029,0.0678069336445031,0.776502267573696,83.6325887696522,83.440105132924,1.00225244079092,1.00230684796504,1.60984240392694,0.800719606199068,4.3730263710022,1.22699457406998,0.634033539007343,3.23271353348522,1.71773311292852,3.25710869803767,0.0402077285745898,0.562378287315369
0003,2,irregular,1,5.38274085696832,442,166.613,23.7228134666389,0.516355140186916,0.55345766472092,0.383680555555556,34.7440512781579,28.9375319639011,0.200084923160593,1.20065703327776,1.36080835629255,0.14059494679383,1.91619420051575,1.31199342012405,0.278075179676872,1.8715611739792,1.13594089383249,4.10271586258365,0.0400404225532405,0.153095602989197
0003,18,irregular,1,10.2400087842699,1623,152.627,45.4584181544537,0.937066974595843,0.321522134074015,0.719414893617021,47.2027124578674,44.6963458151923,0.875519146539765,1.05607542623369,1.46362061910834,0.353345449812485,2.74976468086243,1.36909019947052,0.476600966281452,2.267020200051,1.41412550220906,4.27793217451449,0.035691208928052,0.37521493434906
0003,15,circular,1,1.29594857355478,3372,223.636,65.5237647334688,0.937187326292385,0.459601258388026,0.680112948769665,69.764482778702,61.9596074911502,0.847254722893996,1.12596715188466,1.47753916446058,0.556460697521752,3.93317914009094,1.27135521173477,0.626047254131977,2.49275049759989,1.74478688182704,3.86053387549805,0.0391049536437219,0.568679451942444
0003,20,circular,1,5.81989253619632,227,69.429,17.0007463558187,0.754152823920266,0.282178995930498,0.54047619047619,18.5029136011001,17.7509880246517,0.591771303210347,1.04235964642668,1.43261079315732,0.176721227588134,2.19014501571655,1.45243054628372,0.444707217116307,2.08358503402898,-0.170569906263302,3.98610673271902,0.0583179947539129,0.215765237808228
0003,14,circular,1,1.12417649768735,5362,262.754,82.626330179126,0.979360730593607,0.279691601090716,0.75119080975063,84.4462093006758,81.0759522997157,0.975973445215371,1.04156913246608,1.60348285059171,0.791321347921076,4.74036550521851,1.19600594043732,0.679520179665482,3.19731754843827,1.72206431887932,3.50153739249325,0.045047423250583,0.729865550994873
0003,NaN,unmatched,0,NaN,192,67.444,15.6352803808934,0.741312741312741,0.925269191118297,0.507936507936508,27.8390628179043,10.5596660315823,0.530425571877259,2.63635826499077,1.59930229522707,0.137296810465435,2.1545946598053,1.57911282777786,0.218091937785557,2.57660644942839,1.88732085858172,3.95008238698871,0.0318436323667551,0.109422087669373
0003,1,circular,1,8.53147565057703,3891,345.416,70.3859010638105,0.79005076142132,0.73347599974897,0.534478021978022,88.8895160489024,60.4195685626379,0.409813436596989,1.47120408443084,1.43675825742563,0.271405986020654,2.76775026321411,1.41070801019669,0.536348449034003,2.1379314307477,0.623607630950369,4.00151747729918,0.0349213396338384,0.406148076057434
0003,NaN,unmatched,0,NaN,75,31.741,9.7720502380584,0.882352941176471,0.771064494691936,0.625,12.594464758138,8.01961426825351,0.935470113682265,1.57045767250858,1.59718836154789,0.0999440536386328,2.05126166343689,1.59161484241486,0.191256775368404,2.56098386860009,1.34804581977469,3.89002350128033,0.0325458341339856,0.0779358148574829
0003,5,circular,1,0.73992978811506,37,18.641,6.8636625175777,0.973684210526316,0.423589394747028,0.755102040816326,7.30573134635177,6.61792820243952,1.33805256587885,1.10393028193608,1.37783617607033,0.120651237599475,2.019122838974,1.3578896522522,0.266704620772114,1.91296928115499,2.84300599975995,3.48563362326395,0.041391190665392,0.0790739059448242
0003,6,circular,1,0.487310430470952,3892,231.393,70.3949451886231,0.95322067107519,0.401227232883212,0.72047389855609,73.9482793756056,67.7350378600653,0.913444703984953,1.09172861951264,1.41705616482526,0.507845876950572,3.62434983253479,1.21223443746567,0.625406124319317,2.26593974363622,1.78312302942486,3.79959560464794,0.0374244812975747,0.491525292396545
0003,NaN,unmatched,0,NaN,12,12.918,3.90882009522336,0.857142857142857,0.942949257162813,0.571428571428571,7.26034049334168,2.41723219329437,0.903650617407524,3.00357595496309,1.49138363236376,0.0754900078935017,1.66635704040527,1.47211027145386,0.105646356351919,2.2299076444441,0.49325411831248,4.69579075619819,0.0266298950516865,0.118517279624939
0003,12,irregular,1,5.78013973459344,442,87.02,23.7228134666389,0.840304182509506,0.812692036595384,0.545679012345679,32.306081532307,18.8245420203656,0.733489625347429,1.71616826042069,1.45781701208027,0.222534275365221,2.18829464912415,1.47126930952072,0.387467170541571,2.17473396275858,0.0906320638768721,4.49014106572891,0.0546666756644385,0.339857697486877
0003,NaN,unmatched,0,NaN,18,13.034,4.78730736481719,1,0.741843223787434,0.6,6.08790074373971,4.08238405788847,1.33145635783779,1.49126114971372,1.46941086897483,0.154013706591011,1.95682656764984,1.49990576505661,0.301890185606612,2.18285203103032,-0.253941432556182,4.38044909132557,0.0495973101881222,0.22137188911438
0003,NaN,unmatched,0,NaN,12,10.958,3.90882009522336,0.923076923076923,0.868312784831047,0.666666666666667,5.88206544153623,2.91760471150502,1.25582324611166,2.01605975557327,1.33555830093132,0.242784542920311,1.9802497625351,1.25068354606628,0.340388481376459,1.8425617403467,0.778509838180213,4.63968003903038,0.07232603524134,0.361326336860657
0004,NaN,unmatched,0,NaN,39,30.815,7.04672563994593,0.619047619047619,0.884002118609613,0.39,12.4799189634955,5.83414860872733,0.516119332486444,2.13911571344389,1.08177592184809,0.159751200837252,1.5058958530426,1.1152006983757,0.384071758600281,1.19573123520792,-0.474404796795019,4.29055702301252,0.041867011500116,0.222541987895966
0004,NaN,unmatched,0,NaN,55,29.409,8.368283871884,0.846153846153846,0.730134157145959,0.555555555555556,11.1850308535085,7.64277432655281,0.799120071173312,1.46347783875405,1.11756112684265,0.191710586693481,1.5058958530426,1.16675221920013,0.385654253137149,1.28565493924563,-0.735402662366599,4.44814940580937,0.0437563725775521,0.23970890045166
0004,NaN,unmatched,0,NaN,205,60.133,16.1559310060024,0.857740585774059,0.701438559794809,0.517676767676768,20.3320518102421,14.4912617738266,0.712423083743101,1.40305600213259,1.09834181276479,0.176689476618541,1.52280962467194,1.10470479726791,0.390055597314071,1.237554347931,-0.163548442441835,4.68068854370155,0.0390554134642122,0.277347326278687
0004,14,irregular,1,14.3366879429236,67,30.517,9.23618154310838,0.893333333333333,0.706064307629738,0.644230769230769,11.4932809554933,8.1389407051704,0.904067779198546,1.41213474478221,1.10847686772997,0.195861256089429,1.47926187515259,1.16788369417191,0.378032876755076,1.26704108101201,-0.691781856882713,4.45158668232288,0.0424215386275816,0.320797502994537
0004,NaN,unmatched,0,NaN,32,34.57,6.38307648642292,0.484848484848485,0.540469903198611,0.290909090909091,9.97763204341729,8.39481390340722,0.336481416223645,1.18854713853367,1.22659951794532,0.0603982121982929,1.3370269536972,1.23810482025146,0.130440115714997,1.50819039893997,-0.588346488685248,4.52490970590549,0.0181288251417297,0.0861132144927979
0004,NaN,unmatched,0,NaN,835,160.162,32.6060580238375,0.759090909090909,0.947241735448557,0.386574074074074,61.1104594405834,19.5871267692126,0.409050919070819,3.11992974572656,1.1721062115453,0.097386657757158,1.56719291210175,1.1620255112648,0.285085909410043,1.38331587106055,0.315113605093384,4.14236954184533,0.0222371323037506,0.135122895240784
0004,NaN,unmatched,0,NaN,13376,824.288,130.502307069176,0.84808521430383,0.79770707152424,0.681232492997199,176.703603875891,106.560247657041,0.247387737800267,1.65825068692223,1.29401325381144,0.3945535729857,3.88762760162354,1.14610421657562,0.612509700920536,1.83013994299769,2.82122810033114,2.92895987408925,0.0227093254744886,0.205869555473328
0004,NaN,unmatched,0,NaN,27,17.417,5.86323014283504,0.870967741935484,0.39865567605219,0.642857142857143,6.53238584653854,5.99085548298914,1.11847665661873,1.090392827049,1.12198194020834,0.0946708094592043,1.56719291210175,1.12153774499893,0.36684659342268,1.26779326913475,-0.0817214776203775,3.7678995120369,0.0384784310320437,0.100444555282593
0004,NaN,unmatched,0,NaN,265,94.132,18.3686820255243,0.674300254452926,0.940007752303588,0.371148459383754,35.109140096704,11.9775913632789,0.375821105471352,2.93123542387179,1.20556943987278,0.0817800580418846,1.36698544025421,1.2184391617775,0.151559833615338,1.46008328062513,-0.357384744168145,4.74036786734371,0.019036803657165,0.131773591041565
0004,NaN,unmatched,0,NaN,13,11.603,4.06842894512822,0.928571428571429,0.855596797331506,0.722222222222222,5.92503318702749,3.06705106665074,1.21342414347106,1.9318338880799,1.01632002942937,0.166790893215611,1.45960831642151,1.04945188760757,0.405817852796965,1.06067908387419,-0.482905655939998,4.42100579374577,0.0487736446076518,0.173644244670868
0004,NaN,unmatched,0,NaN,16,23.206,4.51351666838205,0.666666666666667,0.989991409926458,0.333333333333333,14.2348468917577,2.00893022150648,0.373361274914174,7.08578463272017,0.978666284276793,0.207643859162337,1.37047004699707,1.01877349615097,0.473509235406792,1.00084752763911,-0.453363987614805,4.72165163354611,0.0623793312404586,0.333441317081451
0004,NaN,unmatched,0,NaN,10,10.106,3.56824823230554,0.909090909090909,0.81836502903771,0.666666666666667,5.25578582940332,3.02049366529876,1.23041403458186,1.74004199703676,1.26563807798469,0.0306412237585448,1.34847569465637,1.26757955551147,0.0644734352718995,1.60277699619542,-0.164126556331862,4.5560649549878,0.0165445329981169,0.0436387062072754
0004,4,irregular,1,6.66836900599367,262,92.652,18.2644124110417,0.607888631090487,0.834474182857527,0.355978260869565,29.8756278573589,16.4628762406975,0.38353195864574,1.81472711211325,1.20601136832976,0.0799736012594064,1.76115679740906,1.19872969388962,0.272509393633006,1.4608567674326,1.39066654046334,3.65978745044457,0.0256895946188727,0.0909187793731689
0004,NaN,unmatched,0,NaN,15,13.563,4.37019372236832,0.9375,0.90977200113469,0.714285714285714,7.13603446642413,2.96222718098808,1.02468316153715,2.40900985320236,1.02342256015818,0.211661938447145,1.36581921577454,1.08521676063538,0.472189575990608,1.09212236987109,-0.750855799205555,4.67222017054656,0.0508058123369304,0.29399573802948
0004,NaN,unmatched,0,NaN,174,107.812,14.8843434784312,0.437185929648241,0.903980007113168,0.258928571428571,31.8503314888575,13.6183967752128,0.188115641126039,2.33877247186901,1.20705886083463,0.0901147056063799,1.3733115196228,1.22740173339844,0.179649063739215,1.46510853120171,-0.843744691296472,4.56243395898389,0.019759604919325,0.115197062492371
0004,NaN,unmatched,0,NaN,11,9.461,3.74241031850956,1,0.812169594553456,0.733333333333333,5.1049589675732,2.97834239401348,1.54428859550433,1.71402689557596,1.03353609935097,0.165950558727694,1.46024107933044,1.05997395515442,0.397592592481667,1.0956885616681,-0.494142401946497,4.50472132106347,0.0483847371587816,0.212656080722809
0004,NaN,unmatched,0,NaN,24,15.548,5.52790639154137,0.96,0.825962886609327,0.666666666666667,7.55388809040212,4.25831177371097,1.24759045038936,1.77391616486061,1.2573112192944,0.0663088102698597,1.47256851196289,1.26052391529083,0.162864037501443,1.58522185625468,-0.0508742640321207,4.35378075087082,0.0204996320837957,0.0859057903289795
0004,NaN,unmatched,0,NaN,805,151.346,32.0149626504828,0.786901270772238,0.940947034771456,0.568502824858757,56.9435205055725,19.278445442632,0.441635371715175,2.95374026266914,1.1792934326054,0.0965466757844697,1.45576727390289,1.17689877748489,0.196784237862497,1.40005292994308,0.171610146275198,4.63954568988102,0.0203285745201237,0.148562431335449
0004,6,irregular,1,3.04431474237876,3497,468.718,66.7271960143603,0.687438568901121,0.483560678994151,0.534300993124523,79.6190409758763,69.6914097779969,0.200024057425065,1.1424512896138,1.2022856321768,0.220096078736111,2.77002787590027,1.15447902679443,0.483441920228764,1.49393065442713,3.49032496122202,3.24011056384156,0.0208549335750022,0.204423904418945
0004,18,irregular,1,6.93124650322991,6805,432.337,93.0827325658351,0.809829822682375,0.837987177971838,0.645574423678968,131.129301004591,71.5559378667888,0.457502197321125,1.83254255221567,1.22263944020729,0.133521905749286,2.03216052055359,1.19099175930023,0.381956223428632,1.51267482516859,1.50688542560282,3.7137277323451,0.0243199949018097,0.154334664344788
0004,NaN,unmatched,0,NaN,11,10.495,3.74241031850956,0.916666666666667,0.744397287927141,0.55,4.98907172769907,3.33138770066278,1.25498248112387,1.49759564961668,1.24284705519676,0.0335515905320532,1.34816598892212,1.24094980955124,0.0818310275271895,1.54579263565645,0.265190309876404,4.30785451353168,0.0158654851007474,0.0348745584487915
0004,NaN,unmatched,0,NaN,123,69.404,12.5143303457446,0.585714285714286,0.967449359239585,0.337912087912088,30.4977230715879,7.71789683373986,0.320882456147881,3.95155878972919,1.23688654695238,0.0724295546257189,1.39969289302826,1.24568945169449,0.165842041297795,1.5351313726777,-0.476934137600683,4.51988341916912,0.0222931578368085,0.102367281913757
0004,NaN,unmatched,0,NaN,267,103.188,18.4378675134704,0.625292740046838,0.928260696898814,0.505681818181818,34.9156022707236,12.9861671666492,0.315110398835504,2.68867648341946,1.22443163895241,0.0713149036990799,1.40689194202423,1.23339223861694,0.166224633619996,1.50431660157009,-0.375633820817005,4.45367991659114,0.0204304872637553,0.0999002456665039
0004,NaN,unmatched,0,NaN,18,22.925,4.78730736481719,0.5625,0.860658259309438,0.3,9.54449857990241,4.85989673151158,0.430391494826956,1.96393032757586,1.14004466457245,0.105716623479627,1.36240088939667,1.16982883214951,0.207231316055347,1.31086351348916,-0.467925472557409,4.58893235310979,0.0353145860540347,0.175835847854614
0004,NaN,unmatched,0,NaN,13,16.4,4.06842894512822,0.764705882352941,0.972310911163154,0.325,9.75567810097516,2.27981434960275,0.607387038915338,4.27915461742534,1.23501095090594,0.0379740300293686,1.35747671127319,1.23438394069672,0.0974402322760671,1.52669201577574,0.295258164889297,4.29063095211368,0.0185114457576281,0.0459482669830322
0004,NaN,unmatched,0,NaN,98,79.428,11.1703838512401,0.433628318584071,0.931727679697191,0.279202279202279,29.1059644224763,10.570055729782,0.195203987741211,2.75362449986596,1.24496087698995,0.0538334255974819,1.36461842060089,1.2565553188324,0.109509565665094,1.55282375445087,-0.521961138712592,4.55621329114147,0.0202705931048603,0.0784153938293457
0004,NaN,unmatched,0,NaN,31,20.601,6.28254931431422,0.861111111111111,0.852280061749066,0.553571428571429,9.30138100855428,4.86541981192395,0.917899120283438,1.91173246463931,1.21855193944204,0.0564717043331031,1.3644425868988,1.21686059236526,0.144322444959263,1.48805366418366,-0.337902356996539,4.35157849776759,0.0198279878451247,0.0699172019958496
0004,NaN,unmatched,0,NaN,290,89.261,19.2156048037317,0.759162303664921,0.951540618444715,0.55984555984556,36.9174287384615,11.3529617945221,0.457387578380072,3.25178833564599,1.20718568930259,0.0794684192186918,1.43647170066833,1.20689278841019,0.193667183443744,1.46361020483915,0.0690584718620843,4.47359631687734,0.0226050091025041,0.108191132545471
0004,NaN,unmatched,0,NaN,12,10.313,3.90882009522336,0.857142857142857,0.693586330201989,0.6,4.8833462798072,3.5178333294395,1.41781992257026,1.38816874550031,1.15557989070813,0.101923033977975,1.37373793125153,1.18448376655579,0.217762473341712,1.34573587482286,-0.549739587931508,4.50755094263285,0.037953468713783,0.155805945396423
0004,13,irregular,1,0.77990566090593,2949,235.108,61.2762875623515,0.882141788812444,0.427616163991555,0.666892808683853,65.3157573273385,59.0428585362934,0.670424416089708,1.10624314178808,1.22505566015396,0.158215226950801,1.9211094379425,1.18773931264877,0.344209585282473,1.52579151912779,1.13544520936874,4.21767753714602,0.0289745839817211,0.203878283500671
0004,10,circular,1,0.720967912823416,5352,267.609,82.5492461711347,0.974685849572027,0.209875257978403,0.732147742818058,83.5467337217478,81.6859951428893,0.939127457805224,1.0227791627635,1.36234385347209,0.49799007103618,3.55400466918945,1.14524734020233,0.622446936601466,2.10396348706024,1.78248462610016,3.61481851208788,0.0361729280150686,0.400995135307312
0004,NaN,unmatched,0,NaN,42,34.562,7.31273279143145,0.617647058823529,0.732949610301684,0.318181818181818,11.2309707527357,7.64023772268455,0.441836329817496,1.46997661072638,1.23905868888382,0.0327126960848773,1.3686351776123,1.23710471391678,0.0839162601921527,1.53633547623314,0.401343127768156,4.27867384889058,0.0185318063873761,0.0418015718460083
0004,NaN,unmatched,0,NaN,321,79.32,20.2165747311454,0.804511278195489,0.540290570127551,0.514423076923077,23.831939156706,20.0540648932868,0.641134999107596,1.18838446387415,1.21080120859057,0.0967957808419785,1.4721223115921,1.20252335071564,0.236582443964894,1.47540436075152,-0.000208274951580335,4.41550616792851,0.0259290846348719,0.150683760643005
0004,NaN,unmatched,0,NaN,211,82.14,16.3906541644658,0.57967032967033,0.836936640112545,0.450854700854701,29.0963634203834,15.9244335977959,0.39299128748363,1.82715217101414,1.19540750840572,0.0911364316959865,1.41419649124146,1.19290989637375,0.197652656762635,1.43730020870508,-0.0462117674031238,4.61561004064402,0.0241726749101612,0.138924717903137
0004,NaN,unmatched,0,NaN,504,115.205,25.3320494738685,0.757894736842105,0.848592111064654,0.53276955602537,37.1275006985714,19.6422174535065,0.47719704308882,1.89018886418771,1.18841729710132,0.101006698247163,1.44179344177246,1.18820625543594,0.334966909053983,1.42253550604086,-0.39323466615304,4.1177217530977,0.0235269125929937,0.147529125213623
0004,NaN,unmatched,0,NaN,176,63.226,14.9696412740382,0.745762711864407,0.795687122212285,0.578947368421053,20.9678243960823,12.7003759032572,0.553262350968305,1.65096092870013,1.22275299530084,0.0841557499282653,1.4721223115921,1.21946710348129,0.173538998680974,1.5022020334681,0.171944407290117,4.57860446553734,0.0242038059563241,0.134739279747009
0004,NaN,unmatched,0,NaN,41,24.819,7.22515199384357,0.836734693877551,0.872452889512109,0.5125,10.9234303747632,5.33826104024155,0.836421451717747,2.04625257034431,1.20043299723239,0.0613532877138617,1.39382076263428,1.19010931253433,0.131489590333239,1.44479912553631,0.536891476961175,4.5005229325126,0.0227678624882875,0.0834764242172241
0004,NaN,unmatched,0,NaN,32,20.783,6.38307648642292,0.864864864864865,0.850846053363488,0.571428571428571,9.24401249349693,4.85694345105431,0.930986465034388,1.90325717946959,1.14775250741729,0.130471450828095,1.43468916416168,1.16694521903992,0.344824434301465,1.33433610083333,-0.782141103959352,4.37040206086559,0.040353228564596,0.177567481994629
0004,NaN,unmatched,0,NaN,18,15.176,4.78730736481719,1,0.91857471334246,0.514285714285714,7.93981408126884,3.13819075962152,0.982127187279451,2.53006100949275,1.25176790943852,0.0458960178742623,1.37581157684326,1.25859332084656,0.117045469503616,1.56902622289834,-0.73925745556525,4.23539435380538,0.017483365956763,0.0541038513183594
0004,NaN,unmatched,0,NaN,12521,746.409,126.262553196223,0.770712790840822,0.739716048970023,0.566304839439168,171.737442483485,115.56541183609,0.282419802391576,1.48606265278634,1.29786412339827,0.376741807854008,3.55583643913269,1.19521921873093,0.753076411129127,1.82638368237147,2.59061467286165,3.21779424384733,0.0306275900910168,0.208043217658997
0004,16,irregular,1,4.82641085010474,9956,446.081,112.589399622626,0.906161827614453,0.626852239066141,0.74127019581565,128.48187629007,100.10513252188,0.628734512987394,1.28346941913281,1.23285128453524,0.160613026452995,2.17495727539062,1.17731046676636,0.389020780442503,1.54571820145276,1.36583105706525,3.70183347355324,0.0222870575211488,0.176439166069031
0004,11,circular,1,5.10788111676308,2663,224.132,58.2291757423179,0.864891198441052,0.565992556459886,0.661450571286637,65.5489473429525,54.0392306547233,0.666151940725453,1.21298816709233,1.19414674761828,0.172079850198816,2.04566884040833,1.17307895421982,0.554809262778842,1.45559554666626,0.614745221274491,3.84932364798606,0.0368285114803628,0.225774765014648
0004,NaN,unmatched,0,NaN,636,100.7,28.456639830654,0.976958525345622,0.753121720444487,0.560846560846561,36.5410787739126,24.0396887775513,0.788148473173627,1.52003127461597,1.61526091144929,0.609526720776327,3.55583643913269,1.504643201828,0.622604730386178,2.9805055408422,0.817500907761181,4.29885121199949,0.047265014633576,0.889963030815125
0004,NaN,unmatched,0,NaN,55,40.268,8.368283871884,0.611111111111111,0.947004060974136,0.491071428571429,17.5029343100656,5.62232035104865,0.426238263304674,3.11311579867572,1.2044271424474,0.0774735149107849,1.38269829750061,1.21330904960632,0.170790877675722,1.45664071192982,-0.52367014286016,4.55292160903426,0.0244192865336115,0.0996092557907104
0004,NaN,unmatched,0,NaN,1845,268.064,48.4677930180071,0.703929797787104,0.964119307477253,0.341666666666667,102.968119689539,27.3348769267249,0.322648200296039,3.76691360146087,1.1903228006695,0.139799051407716,2.04566884040833,1.17922687530518,0.554809262778842,1.43641094217033,0.607723521173154,3.5576169195798,0.0305540805205682,0.174393773078918
0004,NaN,unmatched,0,NaN,19,15.523,4.91849075936593,1,0.907667520900189,0.791666666666667,7.87136153949267,3.30353149384819,0.990859665210266,2.38271121499845,1.07215474092442,0.128927452134344,1.43011593818665,1.06925815343857,0.329265100348214,1.16611226539449,-0.0628527344302123,4.52068991392024,0.0460988762740588,0.19927841424942
0004,NaN,unmatched,0,NaN,80,43.154,10.0925300880806,0.666666666666667,0.807882067281578,0.43956043956044,15.2507064782661,8.98791514092343,0.539830895693159,1.69680134259692,1.2144157910942,0.0691890167385361,1.43045341968536,1.2120286822319,0.155681365138526,1.47958856710079,0.00604659182346826,4.48217762205894,0.0222743502175327,0.107150316238403
0004,NaN,unmatched,0,NaN,12,13.1,3.90882009522336,0.8,0.713443284620432,0.48,5.66733325254897,3.97117396917355,0.878715968605035,1.42711784891368,1.23841119747162,0.0650826201055486,1.33192312717438,1.26181972026825,0.124967679652801,1.53789126426698,-1.36693062719601,4.3008750215898,0.0193043004251623,0.072130560874939
0004,NaN,unmatched,0,NaN,545,137.419,26.342276892491,0.713350785340314,0.792677629019394,0.415396341463415,37.2898337672385,22.7334123909148,0.362670973952332,1.64030956400285,1.17291868596876,0.112805157667506,1.42760527133942,1.17960113286972,0.317353753402735,1.38846035675878,-0.557711151257918,4.33157878698808,0.0241716634363991,0.15240216255188
0004,NaN,unmatched,0,NaN,502,96.845,25.2817375086653,0.852292020373514,0.825527156217003,0.589894242068155,34.2188414966034,19.3118273853538,0.672603579417621,1.77191110990124,1.19042693482625,0.101186626056182,1.40398776531219,1.18327808380127,0.187758321926595,1.42735193184511,0.0511422528665527,4.80030872372994,0.0212829583189432,0.163522601127625
0004,NaN,unmatched,0,NaN,146,64.541,13.6342573516614,0.640350877192982,0.850314596286403,0.408963585434174,21.757314103933,11.4503245209394,0.440444650574387,1.90014825030898,1.22753708772779,0.0591199825337061,1.37394714355469,1.22763669490814,0.121798809679946,1.51034017007914,-0.126951572066492,4.63737243269732,0.020891147037595,0.0875186920166016
0004,NaN,unmatched,0,NaN,50,30.815,7.97884560802865,0.833333333333333,0.902048401402621,0.446428571428571,13.0498492507894,5.63277029518685,0.661691451905698,2.3167728430077,1.22976494110933,0.0544744857121696,1.36642098426819,1.23368090391159,0.142063727828954,1.51528616288532,-0.56244062523129,4.30537823997149,0.0180052202717767,0.0664476156234741
0004,NaN,unmatched,0,NaN,146,68.875,13.6342573516614,0.591093117408907,0.90629446149198,0.43452380952381,24.8264771737062,10.4928320584524,0.386758169507255,2.366041602058,1.21477570273181,0.0777335824666407,1.38084363937378,1.22954118251801,0.165270796540923,1.48171847867981,-0.627977377069849,4.51778893892165,0.0209589443631276,0.111491203308105
0004,15,circular,1,0.491499207945162,4149,238.208,72.6819845017057,0.962868414945463,0.134675545268312,0.718441558441558,73.1348930622734,72.4686159341808,0.918841523632595,1.00919400928945,1.22890271073072,0.293465393833886,2.73395800590515,1.15512180328369,0.573366145607789,1.59631886681664,1.81228308517348,3.78522444445448,0.0291873717293629,0.297126054763794
0004,NaN,unmatched,0,NaN,104,48.116,11.5072547835032,0.717241379310345,0.918452056439314,0.497607655502392,19.8160640367922,7.83789387837869,0.564500291981735,2.52823836916905,1.23559020066478,0.0556759707185583,1.37040543556213,1.23649156093597,0.119491934761354,1.5297803937458,-0.125985926980762,4.57980638374274,0.0180575371637933,0.078582763671875
0004,19,circular,1,4.07049143661126,8366,386.329,103.208149054493,0.920858558062741,0.398133461706656,0.692836438923395,108.41982291163,99.4564853627702,0.7043898744961,1.09012320831735,1.20702617316115,0.162834856602899,2.72225379943848,1.16994369029999,0.52891689874698,1.48342665346227,2.94655654023243,3.01276750352894,0.0198470686191086,0.177997469902039
0004,9,irregular,1,4.45184743239593,4828,259.222,78.4040848551998,0.961178578538722,0.102055534197748,0.745061728395062,78.7730785193626,78.3617808806999,0.902887023629236,1.00524870203357,1.30577077235498,0.431908199920428,3.11628484725952,1.14383625984192,0.615649567724625,1.89157227810843,1.96711705478705,3.68832123336358,0.0313129337424807,0.298123240470886
0004,NaN,unmatched,0,NaN,13,12.918,4.06842894512822,0.866666666666667,0.79177424008046,0.541666666666667,6.00027489225025,3.665050975543,0.978954835524817,1.6371600101309,1.23682736185117,0.0428253136525934,1.33653950691223,1.23833417892456,0.0915647975141423,1.53157299139859,-0.239715900936506,4.54982574162203,0.0163908090301801,0.0559730529785156
0005,NaN,unmatched,0,NaN,14,13.588,4.22200824564475,0.823529411764706,0.889173071375348,0.466666666666667,6.98427204634719,3.19580056660687,0.952855013334011,2.18545303462497,1.25607480819409,0.0380028720526403,1.35942685604095,1.25623339414597,0.0851888603431939,1.57916592018978,-0.155146860523425,4.42772738058472,0.0168900676096915,0.055090069770813
0005,NaN,unmatched,0,NaN,8,9.089,3.19153824321146,0.8,0.854554362164711,0.5,5.03322295684717,2.61406452355969,1.21693573481172,1.92543944936493,1.25143249208728,0.0439381530272947,1.33989822864532,1.25918644666672,0.0889229304698878,1.56801049187433,-0.661859812262947,4.57768642818309,0.0209682773799503,0.0553470849990845
0005,NaN,unmatched,0,NaN,286,85.663,19.0826232419512,0.699266503667482,0.787615405120323,0.476666666666667,27.1130317440291,16.7061598689175,0.489766795009125,1.62293620776813,1.20921754515934,0.0871725040478174,1.41811347007751,1.21720629930496,0.170361399318011,1.46980291873167,-0.20314358290468,4.70597240110736,0.023288779428946,0.134877681732178
0005,NaN,unmatched,0,NaN,8,11.992,3.19153824321146,0.666666666666667,0.692084351127307,0.4,5.1707308546052,3.7323195329313,0.699063474735835,1.38539340187312,1.26512055873871,0.0456981227934104,1.37286186218262,1.2610377073288,0.0887935308472592,1.60261486603947,0.0336372946183705,4.66574519223283,0.0189567696149705,0.0696182250976562
0005,17,irregular,1,6.5025240613678,9893,680.033,112.232610305851,0.779651666798014,0.450450208458163,0.585696524776508,125.055851100904,111.65005784076,0.268830101860138,1.12006973860474,1.2347225145722,0.211835716298386,3.29048156738281,1.19943189620972,0.751003512268159,1.56941317995597,3.4861947676201,2.74512145836696,0.0239630619727926,0.169533371925354
0005,NaN,unmatched,0,NaN,28,23.388,5.97082132144185,0.756756756756757,0.933602380643576,0.509090909090909,10.8171774361147,3.87591097950585,0.643252858826726,2.79087355032436,1.2372978333504,0.0588275894821573,1.35602962970734,1.24955213069916,0.117866113354829,1.5343621482975,-0.64244363114693,4.58159897825274,0.0193895796917365,0.0819756984710693
0005,NaN,unmatched,0,NaN,193,81.024,15.6759443777364,0.603125,0.842970144633608,0.324915824915825,28.5023056252684,15.3331102327355,0.369436510687751,1.85887306571482,1.22536053670817,0.0805060126060347,1.39964079856873,1.24738419055939,0.153543728705785,1.50798637969563,-0.526233123248451,4.58846553419497,0.020377747877359,0.132520198822021
0005,NaN,unmatched,0,NaN,13,15.912,4.06842894512822,0.722222222222222,0.933204889953204,0.40625,7.85657033973723,2.82321712984399,0.645213842307075,2.78284311067898,1.21078670166788,0.0781823981897394,1.36613953113556,1.22532445192337,0.146722934095453,1.4721078283591,-0.27155068688767,4.70271823230669,0.0261651710453402,0.132019639015198
0005,NaN,unmatched,0,NaN,55,33.627,8.368283871884,0.714285714285714,0.85648327616876,0.491071428571429,12.6141400543976,6.5111008958064,0.611218239652098,1.93732830380834,1.23287329415814,0.0552213286576002,1.37886214256287,1.24051982164383,0.120357678079655,1.5230227514409,-0.263033831420563,4.51818365653456,0.0187850298586745,0.0790003538131714
0005,NaN,unmatched,0,NaN,55,33.031,8.368283871884,0.846153846153846,0.935667244448725,0.611111111111111,15.3075704166956,5.40178995980601,0.633474459391079,2.83379593256998,1.23452162349617,0.0686653972361252,1.37141704559326,1.2471187710762,0.131437055313966,1.52875339440801,-0.557118737193602,4.64666145891316,0.020518370066644,0.100877046585083
0005,12,irregular,1,1.17332999024343,5508,281.899,83.743676850263,0.95080269290523,0.258348213359383,0.745634222282388,85.3323796206499,82.4355042470511,0.870997132180047,1.03514111304417,1.34915410031431,0.488337729707659,3.50273036956787,1.16586685180664,0.593072767841912,2.05867992157693,2.34319298724462,3.41582609968383,0.0313318731651941,0.214075446128845
0005,15,irregular,1,5.09176669074442,5296,310.366,82.116238521485,0.906383706999829,0.457816304507451,0.670719351570415,88.0227730140939,78.2563656028584,0.690891042967486,1.1248001659162,1.25436032948443,0.285370756953977,3.05961847305298,1.18615168333054,0.723249472576314,1.65485299790977,2.57826920205636,3.36241162003977,0.0272056097800479,0.236924767494202
0005,NaN,unmatched,0,NaN,181,58.355,15.1807890966532,0.870192307692308,0.904287328691573,0.52463768115942,23.7368126293746,10.1338240408111,0.667932063814738,2.34233518697199,1.22409516877906,0.0766734835425866,1.42219936847687,1.22027659416199,0.15600592136675,1.50428389911205,0.0293510082632668,4.63897132076814,0.0223598367513117,0.104231238365173
0005,NaN,unmatched,0,NaN,10,15.06,3.56824823230554,0.714285714285714,0.977764847182359,0.625,9.40921534100125,1.9731531449265,0.55406398374449,4.76861888049331,1.23104522193407,0.0460556219255611,1.34790396690369,1.23290330171585,0.103116941222221,1.51759001538052,-0.194853843154858,4.50947100915284,0.0214818222270764,0.0567028522491455
0005,3,irregular,1,2.91704166353206,64,38.217,9.0270333367641,0.703296703296703,0.885251169064726,0.41025641025641,15.2237823189541,7.08078340099216,0.550651280322555,2.1500138412398,1.12927013517103,0.121364453555471,1.45561456680298,1.12937968969345,0.282349631825083,1.2899664205463,0.0165547261608085,4.57015349496633,0.0591133830932964,0.160690188407898
0005,NaN,unmatched,0,NaN,15,10.867,4.37019372236832,1,0.4618802153517,0.75,4.76095228569523,4.2226900325635,1.59617972112659,1.12746904200424,1.11001975218455,0.113190637023741,1.46776187419891,1.11463850736618,0.275795422888954,1.24493461701584,0.224644234710735,4.47094544791559,0.0634467351198457,0.143944501876831
0005,NaN,unmatched,0,NaN,10,12.918,3.56824823230554,0.769230769230769,0.933999607694295,0.476190476190476,7.32028805632384,2.61534881786525,0.753042181172936,2.79897197892668,1.24266546974244,0.0535634026246518,1.36343848705292,1.2497855424881,0.112315198882603,1.54708188776177,-0.44589496901288,4.58287517389518,0.0210993717273614,0.0694810152053833
0005,NaN,unmatched,0,NaN,9,12.248,3.38513750128654,0.9,0.969265733133737,0.642857142857143,7.39369100427295,1.81896728263832,0.753914364464366,4.06477404780407,1.23949918903486,0.0543727696324823,1.36462712287903,1.25016152858734,0.117961166518205,1.53930966059443,-0.869508675089012,4.36227713938526,0.0189135462401614,0.0538362264633179
0005,NaN,unmatched,0,NaN,82,34.462,10.2179079399006,0.901098901098901,0.819963833681904,0.607407407407407,13.8962198444077,7.95440928540349,0.867646382112982,1.7469832574378,1.2387547927537,0.0577489209638704,1.40665328502655,1.23732495307922,0.123434248890512,1.53784508878967,0.176931429091092,4.55066186311507,0.0207870787978954,0.0743172168731689
0005,NaN,unmatched,0,NaN,446,165.753,23.8299147491526,0.492273730684327,0.981830431927403,0.217986314760508,69.2070206656586,13.1327507450583,0.203996129591208,5.26980386738096,1.17546206099351,0.088034031729649,1.41490519046783,1.16473597288132,0.249787364454876,1.38946013923372,0.0316211620726419,4.26825370110697,0.0229682378904421,0.135995030403137
0005,NaN,unmatched,0,NaN,14,17.136,4.22200824564475,0.666666666666667,0.93299034484036,0.333333333333333,8.80882525404684,3.17030852553313,0.599127139285141,2.77853880248627,1.2144436581522,0.0555347329832453,1.35209584236145,1.21067708730698,0.133238249057192,1.47795311207941,-0.221689761318795,4.4377737285666,0.0231732306388353,0.074374794960022
0005,NaN,unmatched,0,NaN,16,16.582,4.51351666838205,0.761904761904762,0.903825888449647,0.380952380952381,8.14778491916682,3.48644053121009,0.731233408313727,2.33699236979064,1.24362558805705,0.0537540636602232,1.36364543437958,1.25382220745087,0.120950512552414,1.54948998653427,-0.684738644287273,4.40006360985347,0.021079488165325,0.0622649192810059
0005,NaN,unmatched,0,NaN,11,10.958,3.74241031850956,0.916666666666667,0.922266774774107,0.611111111111111,6.310587596269,2.43938288774262,1.15117130893569,2.58696067270881,1.26115392641878,0.0462643041601484,1.36364543437958,1.26647406816483,0.114228439931329,1.59264603272038,-0.939158470520128,4.27171620401655,0.0231104859603964,0.0495885610580444
0005,NaN,unmatched,0,NaN,9,9.552,3.38513750128654,0.9,0.913743208260138,0.6,5.78661246009457,2.35105548970894,1.23954913290928,2.46128280911436,1.25928460121155,0.0569232067507545,1.36393892765045,1.27415359020233,0.114755834540213,1.58903232309537,-1.05531998332629,4.41939589815688,0.0190019913193127,0.0608603954315186
0005,NaN,unmatched,0,NaN,17,25.762,4.65242649168128,0.515151515151515,0.978347733712015,0.193181818181818,14.743000538656,3.05132787223119,0.321884180856276,4.83166711543053,1.22425335975287,0.064946736973085,1.36874127388,1.23354631662369,0.132840826902882,1.50300950797202,-0.506839946493928,4.58742444794617,0.0218465269711471,0.0798465013504028
0005,NaN,unmatched,0,NaN,18,14.051,4.78730736481719,0.857142857142857,0.429318433698118,0.6,5.42476316088118,4.89939214737691,1.14569205539958,1.10723187646564,1.25728000200712,0.0501846140976956,1.36364543437958,1.26719295978546,0.114240215759059,1.5832676243307,-0.912535833268948,4.34464065633714,0.0203998024070659,0.0513396263122559
0005,10,circular,1,0.651518753037453,7362,318.892,96.8172997368769,0.965255015078012,0.202023385837261,0.751147842056933,97.927058525196,95.9078709294876,0.909742384026356,1.0210534086112,1.30949255763447,0.368947591741578,3.57997465133667,1.19093906879425,0.598450146010718,1.85088842876491,2.72089333280617,3.34247282729447,0.0265922582403169,0.293980360031128
0005,NaN,unmatched,0,NaN,8,7.865,3.19153824321146,1,0.717405907733603,0.666666666666667,4.13664260866049,2.88181446225832,1.6251834726081,1.43542988725889,1.23409120587335,0.0388335754296749,1.36424016952515,1.23224902153015,0.116020448081575,1.52448641902615,-0.0431376119943841,4.08922021197342,0.0195906119419168,0.0523910522460938
0005,NaN,unmatched,0,NaN,8,8.998,3.19153824321146,0.888888888888889,0.927619543300139,0.5,5.7493300467673,2.14752664244368,1.24167481779771,2.67718683118413,1.23628357466724,0.0397603399971224,1.38981652259827,1.2301652431488,0.0941902910419928,1.52997521703731,0.812786447081495,4.31489567332942,0.0190494541005048,0.0499511957168579
0005,NaN,unmatched,0,NaN,10,10.776,3.56824823230554,0.909090909090909,0.926795853016544,0.555555555555556,6.38418368582778,2.39767915540782,1.08216802743682,2.66265136910777,1.24534702400699,0.036361503181806,1.35946428775787,1.24236530065536,0.0821034115444095,1.55220915814861,0.326341046167874,4.47489539345549,0.018640875575276,0.0462913513183594
0005,NaN,unmatched,0,NaN,68,31.576,9.30485298336256,0.894736842105263,0.875628856267049,0.523076923076923,13.6353270083513,6.58565271023663,0.857046824167151,2.07045946822503,1.26946148812169,0.0771891622588258,1.59442746639252,1.25684869289398,0.177605691658373,1.61748461824407,1.4924060856956,4.13730691678937,0.0273154948716196,0.076250433921814
0005,NaN,unmatched,0,NaN,28,20.667,5.97082132144185,0.933333333333333,0.919780397867239,0.7,10.1047169494023,3.96542902410957,0.823783362345941,2.54820270088463,1.24650165587664,0.040618593249595,1.38981652259827,1.24345523118973,0.0902800273817851,1.55541395673449,0.53810791978948,4.41969021845011,0.0194538688808347,0.050525426864624
0005,NaN,unmatched,0,NaN,58,34.644,8.59347971398312,0.763157894736842,0.950970329636901,0.405594405594406,16.6526409701697,5.15036416742645,0.607269959225451,3.23329388540904,1.22733778641254,0.0645484724007235,1.37550568580627,1.23616850376129,0.129667163836954,1.51052047441511,-0.278542562955459,4.64078946739823,0.0208534264661531,0.100194573402405
0005,18,circular,1,2.07556916799797,7791,653.292,99.598239407289,0.729562693136061,0.503935060110606,0.51988522621113,115.214229916994,99.515316863273,0.229397345648378,1.15775373629458,1.32361178547382,0.46550650904823,3.53780174255371,1.17962324619293,0.732618841634522,1.96863966764752,2.95071236671606,2.84052175126018,0.0297672512061256,0.142320990562439
0005,NaN,unmatched,0,NaN,128,99.748,12.7661529728458,0.395061728395062,0.901664107316235,0.217687074829932,33.6151556893973,14.5364401361456,0.161663300270539,2.31247508843734,1.20617807102758,0.0981173814789083,1.39994692802429,1.22305518388748,0.187806690517325,1.4644880818921,-0.39507016039199,4.67722439333842,0.0215121675125577,0.157678127288818
0005,NaN,unmatched,0,NaN,22,19.468,5.29256742840123,0.733333333333333,0.890321316280297,0.448979591836735,8.96251850905317,4.08092859877784,0.729440495218587,2.19619586378876,1.15233460301725,0.107043092963487,1.39644694328308,1.15827643871307,0.34821618884298,1.33931754333406,-0.818053228833139,4.15875027469164,0.0393907492696717,0.118925809860229
0005,NaN,unmatched,0,NaN,102,47.579,11.396070970426,0.733812949640288,0.921109203131206,0.425,19.9067943251794,7.74980057653438,0.566212451847803,2.56868472015333,1.25032635834068,0.0812502418348977,1.39994692802429,1.274807035923,0.166170526086766,1.56991244665829,-0.912850143172993,4.51504870927959,0.0222246475596511,0.104385495185852
0005,9,irregular,1,4.28031332015728,1073,151.701,36.9619538377076,0.80374531835206,0.464555042947415,0.598104793756968,40.639122199316,35.9877408363845,0.58591241268678,1.12924905133886,1.2896133649635,0.188624203303509,2.56226849555969,1.23744428157806,0.397261852852666,1.69867562885442,3.91570855554642,2.79496986640767,0.0282243817396094,0.079166054725647
0005,NaN,unmatched,0,NaN,138,70.371,13.255453865238,0.610619469026549,0.939442687135166,0.383333333333333,27.5210422683049,9.43162772305454,0.350188197863428,2.91795256093844,1.09983395634855,0.171636653093075,1.50842940807343,1.12149059772491,0.468493754479654,1.23907871834334,-0.636272919318953,4.41190599967597,0.0436089764464686,0.195872664451599
0005,19,irregular,1,6.39751308363774,2532,218.029,56.7788915642903,0.875821515046697,0.401894727950592,0.63858764186633,60.6309758107112,55.5189283350161,0.66933731865137,1.0920775603745,1.21109929090198,0.172370224798714,1.99119627475739,1.17029273509979,0.501298946192601,1.49647057458577,1.17985402015714,3.76806555718014,0.0268485384933549,0.187593221664429
0005,NaN,unmatched,0,NaN,191,84.555,15.5945103496203,0.550432276657061,0.671645367071874,0.318333333333333,24.493724884425,18.1467344567377,0.335710282517139,1.34975937091154,1.1991971139655,0.0935877739528919,1.40723645687103,1.21092784404755,0.185640178257494,1.4468279660052,-0.187355523286423,4.66639792559782,0.021073395061061,0.155237555503845
0005,NaN,unmatched,0,NaN,127,45.048,12.716187407449,0.835526315789474,0.180021289391997,0.604761904761905,13.3167943131941,13.0992340389544,0.786434498294272,1.01660862563358,1.26989167427816,0.103476472520495,1.92629981040955,1.26629132032394,0.306128885682096,1.62332324696765,2.08366886878603,3.53222334948629,0.0266313802851514,0.0866469144821167
0005,7,irregular,1,12.7758568557526,15,18.914,4.37019372236832,0.625,0.957199814821479,0.416666666666667,10.1673944157642,2.94272770569103,0.526907467623129,3.45509181705845,1.17662356648294,0.0947017167990586,1.42495715618134,1.2004069685936,0.225539934204188,1.39339854671376,-0.819558050482484,4.33827073642547,0.0320734759109488,0.10825788974762
0005,NaN,unmatched,0,NaN,11,12.248,3.74241031850956,0.916666666666667,0.91036252148122,0.611111111111111,6.73825402254496,2.78836799733075,0.921450889900891,2.41655836998394,1.23076822845433,0.0529080400822322,1.35077106952667,1.23886406421661,0.127048926976984,1.51758501183999,-0.491195256260691,4.43787038893846,0.020040674051285,0.0710666179656982
0005,NaN,unmatched,0,NaN,168,60.315,14.6254655828629,0.736842105263158,0.819409668907787,0.470588235294118,20.6468482344286,11.8349454848117,0.580321260331872,1.74456639964464,1.24275057246674,0.0658950848622877,1.42959845066071,1.2445125579834,0.152091827331208,1.5487682852404,-0.00431532674736405,4.49064256542041,0.0204121065529386,0.0968543291091919
0005,NaN,unmatched,0,NaN,8,7.774,3.19153824321146,0.888888888888889,0.782272678051271,0.666666666666667,4.27914326017336,2.66563306281633,1.66345393385248,1.60530093952702,1.22862370182639,0.0506154462516594,1.36257469654083,1.23364621400833,0.106403213476506,1.51207348292324,-0.341068469560393,4.57158481106144,0.0198321195458044,0.0650123357772827
0005,NaN,unmatched,0,NaN,71,45.023,9.50789186287878,0.596638655462185,0.791701468413621,0.362244897959184,15.2315581344,9.30508321561651,0.440148628700971,1.63690724536855,1.2192530038035,0.0695027727114883,1.41157734394073,1.22414368391037,0.142973511115092,1.49140434394809,-0.131674076032808,4.60322596097052,0.0213658765106429,0.109282732009888
0005,NaN,unmatched,0,NaN,477,101.716,24.6441729996905,0.805743243243243,0.820370172018022,0.555944055944056,33.8241028270926,19.3417323057021,0.579361586595753,1.74876284566926,1.22415357662018,0.0850553372042846,1.41942393779755,1.23643922805786,0.178633400414126,1.50578437325954,-0.363984014608683,4.6114166516011,0.0203640690084704,0.122196197509766
0005,NaN,unmatched,0,NaN,37,22.396,6.8636625175777,0.86046511627907,0.497745548826119,0.513888888888889,7.83354168211933,6.79421169559142,0.926980653764257,1.15297285882368,1.25964792520542,0.0464740577975136,1.3766804933548,1.26202142238617,0.107444349603659,1.5888700736234,-0.286913145406788,4.42868531146409,0.0183982275270908,0.0698502063751221
0005,NaN,unmatched,0,NaN,10,11.81,3.56824823230554,0.769230769230769,0.903877516775968,0.416666666666667,6.21579102499495,2.65906160144117,0.900969457445338,2.33758820089993,1.26390788627741,0.0339862779992985,1.3651442527771,1.26244902610779,0.0720709183048719,1.59861636101741,0.259056604029269,4.54665411956638,0.0182797573215422,0.0473591089248657
0005,NaN,unmatched,0,NaN,227,57.429,17.0007463558187,0.897233201581028,0.439850910005824,0.568922305764411,18.3651162341674,16.4931747834618,0.864914569947465,1.11349794537936,1.230542154667,0.0796662714327993,1.42627763748169,1.22682547569275,0.159707194502722,1.52057674003902,-0.00352423094316617,4.66605251268459,0.0201863459845364,0.116973400115967
0005,NaN,unmatched,0,NaN,54,35.587,8.29185958731205,0.73972602739726,0.892521939386098,0.375,13.3676040324426,6.02884258818269,0.535822402345838,2.21727534546098,1.25221663387492,0.0541932256864131,1.3968254327774,1.25177317857742,0.107535027242426,1.57098053579135,-0.0728609213911659,4.59357461363506,0.0192293422922427,0.0867280960083008
0005,NaN,unmatched,0,NaN,18,13.125,4.78730736481719,0.947368421052632,0.619383628521481,0.6,5.62325900223374,4.41475586017034,1.31305750092896,1.273741783315,1.2229719543457,0.0812739279926394,1.42627763748169,1.22361707687378,0.175164178940287,1.50225569025462,-0.170391783603494,4.56225190707009,0.0235205619919262,0.11609947681427
0005,NaN,unmatched,0,NaN,333,114.311,20.5909875527331,0.563451776649746,0.910910517707404,0.335685483870968,39.1487567548834,16.1529321098988,0.320241823120836,2.42363160375647,1.2307473135846,0.0752794022300388,1.5357027053833,1.23803466558456,0.208066273680894,1.52040409836452,-0.374938556161489,4.16086034400843,0.0218853643685299,0.10072660446167
0005,6,circular,1,0.97324888086742,41,19.468,7.22515199384357,1,0.133225809218487,0.836734693877551,7.32297864670945,7.25769948840332,1.35941183199828,1.00899446972287,0.996342479365026,0.162035743960706,1.75293350219727,0.959833145141602,0.403501745766524,1.01891790262019,2.14828763503635,3.8622144326426,0.0515073777200391,0.138599038124084
0005,NaN,unmatched,0,NaN,26,18.823,5.75362739175159,0.896551724137931,0.899575573446054,0.541666666666667,9.00284337041219,3.93212814651886,0.922158401894482,2.28956001303835,1.25548518178882,0.0482288100932688,1.3968254327774,1.25912648439407,0.102987537309917,1.57856586473448,-0.0907718812376325,4.51347081054653,0.0192373862852754,0.066028356552124
0005,NaN,unmatched,0,NaN,275,73.25,18.7120515925478,0.794797687861272,0.53873956371286,0.543478260869565,21.3700507492223,18.0036771530363,0.644061441637997,1.18698255737264,1.23436542919704,0.0722877629606694,1.39194643497467,1.24679952859879,0.148674800441428,1.52888064004834,-0.445360369963613,4.60884264203662,0.0193194461116988,0.107687592506409
0005,20,circular,1,0.837742046272203,742,106.951,30.7366839817423,0.913793103448276,0.261357881040219,0.724609375,31.4897878864075,30.3952648514365,0.815162270085948,1.03600965611982,1.26091508109275,0.166182136935139,2.06589436531067,1.2080482840538,0.356067458846861,1.61751453808072,2.25958227225755,3.63837440273159,0.0378508763865095,0.111087799072266
0005,NaN,unmatched,0,NaN,11,16.764,3.74241031850956,0.647058823529412,0.954580740973905,0.275,9.45553679661682,2.81729950571558,0.49186650020413,3.3562412435859,1.2469511107036,0.0519274650361819,1.3968254327774,1.2532861828804,0.128359117889261,1.557579682022,-0.311943367316057,4.32517910612597,0.0187888753208945,0.0677027702331543
0005,NaN,unmatched,0,NaN,65,28.003,9.09728368293446,0.915492957746479,0.636807153396567,0.656565656565657,10.6232707782063,8.19078736491955,1.04163148784274,1.29697797109285,1.23736379767154,0.0704107206685972,1.39729082584381,1.25182449817657,0.128560201327016,1.53602132272405,-0.329336147256363,4.66634958139523,0.021305919235116,0.105437755584717
0005,NaN,unmatched,0,NaN,150,57.793,13.8197659788534,0.721153846153846,0.57853849645336,0.551470588235294,17.0068991212693,13.8717636486286,0.56435274923231,1.22600842632945,1.23212275374401,0.0710365576381669,1.4041109085083,1.23613291978836,0.166937887955382,1.52316888438198,-0.412341951009438,4.4815191976653,0.0210560138779426,0.0958752632141113
0005,NaN,unmatched,0,NaN,25,18.434,5.64189583547756,0.833333333333333,0.900820841755893,0.625,9.24043374239585,4.01211302421293,0.924508069856587,2.30313395625453,1.24468187536512,0.0585712228813726,1.39729082584381,1.2476390004158,0.119675265921473,1.55265865817204,-0.0712478518047249,4.60784746327422,0.0220849355631822,0.0696300268173218
0005,NaN,unmatched,0,NaN,50,36.72,7.97884560802865,0.595238095238095,0.875222295871361,0.396825396825397,13.6199061867249,6.58823361239408,0.465987774999554,2.06730771676076,1.23031763493652,0.0675133610094805,1.39900743961334,1.24352967739105,0.147972147132864,1.51823491397785,-0.580217035653563,4.46129778062298,0.0210667150353827,0.0923370122909546
0005,NaN,unmatched,0,NaN,77,36.538,9.90148700673831,0.819148936170213,0.748932293786629,0.493589743589744,12.9744731621256,8.59748957640922,0.724788086739758,1.50910019102861,1.23674086391023,0.0643321991042619,1.38052248954773,1.24801343679428,0.142383840237184,1.53366267714806,-0.641374852267806,4.4736507740491,0.0205659086675285,0.0827925205230713
0005,NaN,unmatched,0,NaN,10,13.307,3.56824823230554,0.769230769230769,0.924403571219334,0.333333333333333,7.18574421047201,2.74075661238548,0.709658730932299,2.62181040738883,1.25118342124499,0.0438785629838845,1.36299574375153,1.25838005542755,0.0968774311838416,1.56738231984432,-0.632110947361522,4.43520666819297,0.0163951597680243,0.0529797077178955
0005,NaN,unmatched,0,NaN,70,50.78,9.4406974388263,0.569105691056911,0.954230724911933,0.283400809716599,20.9618208295218,6.26908184975406,0.341132039671143,3.34368274843057,1.2479404040613,0.0551992480274142,1.34993743896484,1.2582995891571,0.128148358022079,1.56039984158353,-0.896574694989113,4.38203051450298,0.0165737458543593,0.0711214542388916
0005,NaN,unmatched,0,NaN,178,73.324,15.054455784347,0.6953125,0.939116058310965,0.360323886639676,28.3312630929631,9.73462484433825,0.416042376861758,2.9103600340018,1.22536422157766,0.0707117000057379,1.39309704303741,1.23279708623886,0.153286685640165,1.50651483289176,-0.385555348984385,4.57074396810394,0.0197289133863884,0.104005813598633
0005,NaN,unmatched,0,NaN,45,44.883,7.56939756606048,0.494505494505495,0.949201343847712,0.203619909502262,21.2150772385314,6.67573486851842,0.280710477197695,3.17793885712537,1.2475857364653,0.0745098329858684,1.36415457725525,1.27311396598816,0.147153725769667,1.56201733818393,-1.45458783790211,4.28371800659711,0.0184008245283484,0.0731931924819946
0005,NaN,unmatched,0,NaN,46,33.445,7.65303985732581,0.71875,0.93763079319004,0.348484848484849,14.7105898875645,5.11388211405546,0.516779521085025,2.87659933480527,1.23731325915264,0.0550089599134582,1.38495934009552,1.24008560180664,0.106702271130069,1.53396703655689,-0.00859227836053716,4.64707831785383,0.0170185800176026,0.0854777097702026
0005,NaN,unmatched,0,NaN,96,44.792,11.0558127830827,0.827586206896552,0.946631486554555,0.403361344537815,20.2351167371172,6.52214033305988,0.601284748387626,3.10252703925245,1.22769677354725,0.0722756085710272,1.39079225063324,1.23693376779556,0.154864354693127,1.51245897893734,-0.617514252420469,4.54236825638698,0.0214935198795746,0.0943000316619873
0005,NaN,unmatched,0,NaN,11,13.1,3.74241031850956,0.785714285714286,0.933137241809997,0.523809523809524,7.09724330357692,2.55160345460596,0.805489637887949,2.78148365521513,1.28093987712922,0.0442518986837515,1.36415457725525,1.28933537006378,0.125966224037933,1.64276204600662,-1.88583708067242,3.84585466678847,0.0181959971046885,0.0350111722946167
0005,NaN,unmatched,0,NaN,19,21.61,4.91849075936593,0.730769230769231,0.95405350977173,0.431818181818182,10.648684512155,3.1907322176697,0.511274262825483,3.33737956860951,1.25174610749368,0.0398535858622234,1.36009049415588,1.2534054517746,0.091668811154071,1.56845449110865,-0.0218635963257612,4.46236861508385,0.0184787556469232,0.0530023574829102
0005,1,circular,1,0.122012620518796,48,22.189,7.81764019044672,0.96,0.399174028568963,0.75,8.26455027502118,7.57756101749564,1.22511156915249,1.09066099975168,1.00806735646056,0.146050646646825,1.56347286701202,0.959350228309631,0.326002354739442,1.03750337890526,1.64094809466871,4.00755006895327,0.0404390156948654,0.105939030647278
0005,NaN,unmatched,0,NaN,34,30.633,6.57952464247954,0.739130434782609,0.962162485205503,0.303571428571429,13.9840266261464,3.81031629612974,0.455312652846175,3.67004351852639,1.23292820869374,0.0661513119052293,1.38567471504211,1.24568295478821,0.126269142785082,1.524483367225,-0.459988367839098,4.65600314403192,0.0202659159047093,0.0911626815795898
0005,NaN,unmatched,0,NaN,119,53.004,12.3091634899974,0.68,0.647721603963527,0.53125,15.4974111867549,11.8071227764252,0.532279248199016,1.31254764435057,1.23855423849393,0.0674692481415311,1.38231933116913,1.25007373094559,0.14210275416947,1.53856498210055,-0.647713620041731,4.50162976792979,0.0198322328850448,0.0869865417480469
0005,NaN,unmatched,0,NaN,18,17.599,4.78730736481719,0.818181818181818,0.890741985488599,0.428571428571429,8.21025140663643,3.73163572353437,0.730308552392823,2.20017494067191,1.23913482909868,0.0621576405339232,1.37196218967438,1.25081765651703,0.126936877118052,1.53931319329795,-0.720541480582086,4.53109601918004,0.0196729138329563,0.0717819929122925
0005,NaN,unmatched,0,NaN,8,10.867,3.19153824321146,0.8,0.957414972869596,0.4,7.15211500045326,2.06492558872183,0.851295851267513,3.46361875678066,1.23779193162918,0.0514779557528917,1.37535047531128,1.24292570352554,0.135276797665147,1.53477442930158,-0.705992434436097,4.26606195903032,0.0201200844313642,0.0646688938140869
0005,NaN,unmatched,0,NaN,30,22.189,6.18038723237103,0.810810810810811,0.839474370464971,0.476190476190476,9.47932931157336,5.15106075617995,0.765694730720308,1.84026742456893,1.2379980271499,0.0558899736658664,1.37535047531128,1.24309015274048,0.153054504433037,1.53575881499751,-0.624985575878013,4.2643002143085,0.0189664872948201,0.0736521482467651
0005,NaN,unmatched,0,NaN,247,90.477,17.7338706307897,0.667567567567568,0.868071550777995,0.431818181818182,27.9196315765964,13.8603968487335,0.379166913467621,2.01434575656811,1.22893277945973,0.0765287106970863,1.42751467227936,1.24197387695312,0.160323266423004,1.51612938860255,-0.297708347593557,4.53428958167593,0.0220637962974317,0.126154065132141
0005,NaN,unmatched,0,NaN,97,34.487,11.1132459632328,0.941747572815534,0.747873631116708,0.621794871794872,13.7862632799648,9.15188844888399,1.02487468093074,1.50638454095733,1.03676672426589,0.212397258474424,1.77281808853149,1.03408253192902,0.477946606452863,1.11995511569166,0.619436505724129,4.44304980918742,0.0510989426841735,0.297678709030151
0005,8,irregular,1,3.32236285226094,477,117.512,24.6441729996905,0.719457013574661,0.775702557234947,0.516233766233766,33.5891344321963,21.1980583706055,0.434074033989448,1.58453825557783,1.23034897500886,0.145625004831019,2.10818290710449,1.19236105680466,0.34284749073375,1.5349585861409,2.83304341436016,3.4718906193222,0.0312844022054693,0.1212477684021
0005,NaN,unmatched,0,NaN,91,43.551,10.7640512155461,0.733870967741935,0.871741471663617,0.464285714285714,16.8365533407182,8.2493408491216,0.602913478991909,2.04095741085919,1.0110672350367,0.189845042382353,1.60209941864014,0.992661029100418,0.437658417776905,1.05826691642507,0.384924349747743,4.50219824164425,0.0455052889070261,0.262081444263458
0005,NaN,unmatched,0,NaN,14,17.69,4.22200824564475,0.636363636363636,0.767574525635731,0.333333333333333,7.44780893136406,4.77374543972071,0.562188857728553,1.56016047051721,1.26239502497888,0.0331310287030317,1.35289192199707,1.26619440317154,0.0793581018313664,1.59473730052889,-0.449546571837321,4.36762041004475,0.016610301632982,0.0424792766571045
0005,NaN,unmatched,0,NaN,16,17.045,4.51351666838205,0.695652173913043,0.668253990803802,0.444444444444444,6.42699515373878,4.78125506122451,0.692047390747188,1.34420671381057,1.26329905623515,0.0382632715530731,1.35434567928314,1.27169531583786,0.0885413455426222,1.59738641763878,-0.961725606439983,4.32766186864541,0.0161960490842796,0.0418801307678223
0005,11,circular,1,0.653971804067236,4663,255.121,77.0526832569773,0.961839933993399,0.200705543451972,0.728707610564151,77.9417770076704,76.3557876441829,0.900290904143069,1.02077104319686,1.27741334731042,0.12394370550427,1.87337958812714,1.2583487033844,0.377691265044893,1.64714609531812,0.837622415096764,3.55248111270335,0.023442971199711,0.074007511138916
0005,NaN,unmatched,0,NaN,38,32.122,6.95579633830205,0.612903225806452,0.627808121594577,0.345454545454545,9.70758539703401,7.55607519619525,0.462794623719209,1.28473911984387,1.25472697378487,0.0484897534021843,1.35569894313812,1.26244163513184,0.129011416465972,1.57668850669587,-1.12831324599912,4.16881630132372,0.0172068170905095,0.0574812889099121
0005,NaN,unmatched,0,NaN,15,14.812,4.37019372236832,0.789473684210526,0.873036800309142,0.428571428571429,7.01874354389955,3.42272067845832,0.859159341209117,2.05063287462329,1.25033738701432,0.0441064853634692,1.35473918914795,1.25847494602203,0.0946772501873648,1.56528608136942,-0.561503918283012,4.49654452268289,0.0170713523817594,0.0586011409759521
0005,14,circular,1,0.647198489874371,2934,207.997,61.1202488889972,0.948593598448109,0.106146678373285,0.727678571428571,61.3707052707998,61.0239904165901,0.852228063874895,1.00568161557189,1.20521040803398,0.0860398659011115,1.56288850307465,1.21729838848114,0.364981968110671,1.45993436873832,-1.76482466407745,3.24454912242638,0.0237310099556093,0.0512785911560059
0005,4,circular,1,0.647255651131168,2868,200.984,60.4288922147382,0.952823920265781,0.140532215041304,0.734631147540984,60.8529338199523,60.2490357816695,0.892207850658952,1.01002336436505,1.13043250786591,0.167958313433618,1.90556061267853,1.10482430458069,0.373910991888898,1.30608511256507,0.539105917530277,4.08272360346589,0.0307701692968086,0.278176426887512
0006,NaN,unmatched,0,NaN,1023,171.2,36.0904981160426,0.875856164383562,0.943083926964929,0.601057579318449,68.1806869402512,22.6738159083802,0.438609442503488,3.00702304436774,1.25243509175256,0.154764713293547,1.98009097576141,1.21562641859055,0.343672009624325,1.59254203301587,1.33626225201525,4.10024810797029,0.0237928899772696,0.181307435035706
0006,NaN,unmatched,0,NaN,127,77.567,12.716187407449,0.518367346938776,0.851093385008135,0.335978835978836,23.6197861296928,12.4007262636316,0.265252566809328,1.90470990388394,1.27725192229351,0.0743999908511097,1.43829739093781,1.29010009765625,0.161390211067689,1.63690436771204,-0.483878531479067,4.48523829313453,0.0215877837116151,0.107292294502258
0006,NaN,unmatched,0,NaN,774,168.92,31.3924737417269,0.700452488687783,0.918378012156781,0.431438127090301,57.3276740051899,22.684802313755,0.340869920401743,2.52714011840557,1.25500766312423,0.133896963889854,1.60305225849152,1.27920544147491,0.361857163802584,1.59296956150848,-1.05184641959796,4.17356213825362,0.032724443936558,0.144773364067078
0006,NaN,unmatched,0,NaN,9,10.495,3.38513750128654,0.818181818181818,0.849311725082111,0.45,5.4105687532818,2.85619406403745,1.02680384819226,1.89432812756201,1.29650353372097,0.0316979976002564,1.42103111743927,1.29172658920288,0.0794101493035749,1.68192450139774,0.843776729245819,4.13536567100675,0.0184329259920378,0.0379443168640137
0006,NaN,unmatched,0,NaN,296,83.033,19.4133692398205,0.738154613466334,0.764125059320546,0.494983277591973,25.5843936684896,16.5036770082169,0.539510767069398,1.55022384743421,1.2757345992164,0.118254985195833,1.5141704082489,1.30059593915939,0.313552898919946,1.64147593927195,-1.60814899169379,4.01634422303292,0.0314151689957246,0.0899335145950317
0006,NaN,unmatched,0,NaN,122,49.564,12.463355264843,0.757763975155279,0.723088638862368,0.542222222222222,16.3646280386334,11.3039527905662,0.624075305623075,1.44769076285338,1.31831534881981,0.0508860562058404,1.49215769767761,1.31215751171112,0.115511441741916,1.74054263586174,0.526032497364171,4.36098675246857,0.0218499877800468,0.0633844137191772
0006,NaN,unmatched,0,NaN,8,6.831,3.19153824321146,1,0.580947501931112,0.888888888888889,3.65148371670111,2.97209241668783,2.15442450565183,1.2285902336679,1.1792106074061,0.145324764128079,1.46499848365784,1.19025695323944,0.264941287005635,1.41161702065,-0.218552580928648,4.81207445607225,0.0561229229381901,0.200876712799072
0006,NaN,unmatched,0,NaN,33,23.231,6.48204481442857,0.785714285714286,0.707378095626456,0.458333333333333,8.6864764251981,6.1399087137582,0.768401128969341,1.41475660798239,1.19025609697321,0.175892727495806,1.59688210487366,1.22218173742294,0.325349317195851,1.44760972667275,-0.393332950452316,4.59475844503286,0.0505069858224627,0.302124500274658
0006,NaN,unmatched,0,NaN,26,20.229,5.75362739175159,0.742857142857143,0.452597607079041,0.530612244897959,6.83729896300552,6.09692114324705,0.79842547107051,1.12143470488847,1.32136939696978,0.0379874275082806,1.45253777503967,1.3180319070816,0.0831509379988611,1.74745814841185,0.364134712397516,4.40029361777299,0.0236366232137273,0.053020715713501
0006,NaN,unmatched,0,NaN,226,75.549,16.9632584461284,0.678678678678679,0.805437015520355,0.395104895104895,24.1392064189344,14.3068580875789,0.497577647847869,1.6872472118733,1.27385789930327,0.120882372332081,1.59688210487366,1.30118364095688,0.325349317195851,1.63731893212735,-1.64835401755988,3.86159205666459,0.033962655360827,0.0856626033782959
0006,NaN,unmatched,0,NaN,347,89.849,21.0193749198948,0.76431718061674,0.601159069086722,0.533846153846154,24.702348573138,19.7403726184281,0.540148087937806,1.25136181827073,1.27565755104097,0.107580871174219,1.50248384475708,1.29738587141037,0.293353769087201,1.63887024023815,-1.40719781737757,4.07434750122779,0.0340293599338646,0.091331958770752
0006,NaN,unmatched,0,NaN,87,41.773,10.5248202071085,0.725,0.881278811685076,0.483333333333333,16.7904110026651,7.93509310194318,0.626524104829673,2.11596899834148,1.25312393776008,0.121632813940691,1.57155323028564,1.28773707151413,0.308617673898182,1.58510093540247,-0.888565252321611,4.19540789251307,0.0444178763706924,0.156454920768738
0006,NaN,unmatched,0,NaN,95,38.217,10.9980796846468,0.84070796460177,0.780453163761191,0.562130177514793,14.4954468576631,9.06275994447901,0.817372994228792,1.59945170637491,1.29755113637152,0.0816527533621441,1.57155323028564,1.30796301364899,0.260134313766958,1.69030000134217,-0.929128351635697,3.90552570510343,0.0369582736096201,0.08687424659729
0006,NaN,unmatched,0,NaN,8,8.146,3.19153824321146,0.888888888888889,0.787838597158335,0.666666666666667,4.39696865275764,2.70801280154532,1.51499444183175,1.62368828177198,1.2953994433949,0.0386065838455549,1.47761905193329,1.28887343406677,0.103363173883109,1.67954748614027,0.997757959726611,4.05924124872829,0.0204313619706276,0.0460736751556396
0006,NaN,unmatched,0,NaN,12,13.563,3.90882009522336,0.75,0.887192338387776,0.5,6.84192850284197,3.15686428909707,0.819746529229716,2.16731790671904,1.2999656964571,0.053623708803891,1.43966257572174,1.30329662561417,0.153706237576782,1.69278170593457,-0.510975388682507,4.08437825355869,0.0242600492152473,0.0723420381546021
0006,1,circular,1,0.602809795975376,6451,305.064,90.6292905361536,0.961687537268933,0.107558660088128,0.753973819541842,90.9430307288188,90.4154465634002,0.871073867686299,1.00583511098459,1.33481044115626,0.385433317599769,2.81754732131958,1.16937392950058,0.481759186625781,1.93027198909995,1.96198602543928,3.55557922309154,0.0234162939425054,0.251983284950256
0006,10,circular,1,0.752548005986085,5651,270.866,84.8237977651225,0.977343479764787,0.132426345622399,0.773050615595075,85.2304468270945,84.4798093723799,0.967890400543488,1.00888540658758,1.40698527152825,0.569787951572206,3.52268266677856,1.13521695137024,0.554707501829387,2.30425094135205,2.04015028869752,3.10255648469952,0.0293128506397176,0.306028842926025
0006,4,circular,1,0.476523187985752,6103,292.642,88.1508986994387,0.961708162622124,0.357400912380583,0.745723362658847,91.5387757302516,85.4927368867697,0.895529551168507,1.07071991216622,1.43343428201614,0.588485956867778,3.97144246101379,1.17669749259949,0.609211205180699,2.4010357736402,2.14298275650969,3.15369988017041,0.0315655637485756,0.276420116424561
0006,2,circular,1,0.458949684739147,7648,345.97,98.6799677651676,0.947472745292369,0.237851608934684,0.735172546380852,100.251902374811,97.3748235789715,0.802935870599171,1.0295464339764,1.25482752373182,0.245566487427924,2.69937491416931,1.14228057861328,0.448745551244244,1.63489306723779,1.73806525444011,3.24767787341576,0.0192569653888987,0.276433348655701
0006,18,irregular,1,5.87756668835916,946,116.073,34.7056855474642,0.943170488534397,0.570615686399125,0.640921409214092,38.6013620440767,31.7001036023428,0.882345310566726,1.21770460211442,1.34269911597745,0.238733918691547,2.57618117332458,1.26669293642044,0.401073468662025,1.85982263739317,2.77964843169364,3.30005053006543,0.0343507392608223,0.111035704612732
0006,NaN,unmatched,0,NaN,255,65.302,18.0187703217358,0.86734693877551,0.744743621341442,0.566666666666667,22.8760205509253,15.2663280138928,0.751444792740291,1.49846253336804,1.27531050806157,0.0953255453793408,1.58733260631561,1.27542102336884,0.214456595536808,1.63549853756266,0.180857096120961,4.4238976406132,0.0251978079116472,0.119184136390686
0006,19,circular,1,2.91720626905314,3473,231.327,66.497826572492,0.937634989200864,0.424845207905558,0.719941956882255,70.3546215272965,63.6896475328871,0.815571415442308,1.10464768219934,1.27260482496655,0.251861754552146,2.47479820251465,1.2109956741333,0.508646510841376,1.68295308504949,0.988285770446994,4.11664653218783,0.0345340242257041,0.333040237426758
0006,NaN,unmatched,0,NaN,371,114.808,21.7341176746779,0.589825119236884,0.942727773688843,0.401515151515151,48.2598549449162,16.0977070404609,0.353703592411259,2.99793348354628,1.20270527882988,0.199655214929601,1.59766101837158,1.25336283445358,0.590926905026409,1.48635229629657,-1.8229013503016,3.86478815196764,0.034239890399949,0.130147099494934
0006,NaN,unmatched,0,NaN,88,35.016,10.5851348568025,0.854368932038835,0.581108512702805,0.611111111111111,12.2528135083064,9.97165924647992,0.901902247069318,1.22876375991606,1.23681740649045,0.103527901861888,1.43909752368927,1.24894678592682,0.256090810432857,1.54042485663895,-0.931563918402752,4.3784079464503,0.0273250589397452,0.123047947883606
0006,NaN,unmatched,0,NaN,100,40.044,11.2837916709551,0.840336134453782,0.657962636598633,0.699300699300699,13.8271392095567,10.4125351354129,0.783673134257589,1.32793205782622,1.22039700935313,0.165151941957563,1.66689121723175,1.25237703323364,0.44645955133252,1.5166173624311,-0.975004084556375,4.10571046034912,0.0461229720341028,0.143872380256653
0006,3,irregular,1,13.02648280898,5404,430.005,82.9493007791435,0.780023094688222,0.715825330382212,0.482026581036482,106.797726480951,74.5746505269467,0.367263859146679,1.43209154486565,1.29597787013994,0.241467504242367,2.84204244613647,1.24309289455414,0.566974001077719,1.73786350892335,1.90496689807967,3.65132423970287,0.0337126426857297,0.226889133453369
0006,NaN,unmatched,0,NaN,202,62.002,16.0372811921629,0.814516129032258,0.869108592509499,0.554945054945055,24.4081666762534,12.0727997244989,0.660312982268392,2.02174866089452,1.23822008652608,0.166273677998494,1.86254477500916,1.22631305456161,0.348838517307016,1.56081824160274,0.544730711629712,4.35892016082269,0.0473747379137517,0.227962970733643
0006,NaN,unmatched,0,NaN,96,49.357,11.0558127830827,0.695652173913043,0.568492712617946,0.403361344537815,13.4035416154291,11.0269368390478,0.49520336562063,1.21552719590861,1.16419019608126,0.166531809224468,1.65300142765045,1.18456089496613,0.440006916329548,1.3830496109497,-0.60626602317824,4.20014215845203,0.0489914857400617,0.136608719825745
0006,NaN,unmatched,0,NaN,417,113.865,23.0421546335095,0.682487725040916,0.915131703644675,0.438947368421053,42.1108950397693,16.977218462131,0.404171250481421,2.4804354808593,1.22485726788904,0.171162787950646,1.86254477500916,1.20545893907547,0.385116215075238,1.52956365140806,0.345132827874199,4.38116838993021,0.0472627616427316,0.22741687297821
0006,NaN,unmatched,0,NaN,142,52.706,13.44618962206,0.767567567567568,0.909565061804872,0.563492063492063,22.4971537423809,9.34895198518156,0.642359413680549,2.40638242425886,1.22242772974437,0.136983181189314,1.65764892101288,1.22914153337479,0.305150951318943,1.51307964424873,0.175945739601624,4.50047873729413,0.0448730041148821,0.195798754692078
0006,NaN,unmatched,0,NaN,91,43.568,10.7640512155461,0.739837398373984,0.579205412067016,0.446078431372549,13.3130216450208,10.852530690879,0.602443063572922,1.22672047877365,1.16416741922699,0.155762761079125,1.59332478046417,1.1989466547966,0.411267367168222,1.37952732614269,-0.806000074587909,4.24723866888239,0.0502524902732253,0.15649676322937
0006,NaN,unmatched,0,NaN,349,114.146,21.079862454783,0.651119402985075,0.952631982660439,0.447435897435897,43.9139971131571,13.3553653083277,0.336599833348476,3.28811650593899,1.25110686134601,0.103914761710825,1.47660827636719,1.27756267786026,0.233301072907856,1.57606352627291,-0.71269015371173,4.4499944882421,0.0267281590693314,0.13696026802063
0006,NaN,unmatched,0,NaN,35,25.373,6.67558117812455,0.833333333333333,0.908955288363642,0.4375,11.2253003022193,4.67975598917218,0.68317862432028,2.39869350628364,1.18708330215443,0.166180741866789,1.45262336730957,1.24794507026672,0.396691532453969,1.43674992898439,-1.14221540862786,4.25851576846081,0.0445445340571372,0.204825639724731
0006,NaN,unmatched,0,NaN,33,20.428,6.48204481442857,0.891891891891892,0.657607032392995,0.523809523809524,7.85888922284023,5.9205816589564,0.993738476421145,1.32738465163328,1.15222048607214,0.143835394985626,1.49540412425995,1.18116533756256,0.399367168142417,1.34827424712613,-1.11270586057993,4.20612095206819,0.0469871869915867,0.129698514938354
0006,13,irregular,1,10.7362698825309,10,8.328,3.56824823230554,1,0.587407799848354,0.833333333333333,4.08574758561188,3.3065591380366,1.81187582738243,1.23564933063256,1.22777501050977,0.14312782553222,1.65764892101288,1.22001403570175,0.308653744463749,1.52787993932594,0.250605532925317,4.49361352778207,0.0603075590606104,0.185497522354126
0006,13,irregular,1,12.777097510031,118,43.526,12.2573352030019,0.861313868613139,0.87471855641891,0.567307692307692,18.5552962449329,8.99247638611529,0.782698237535774,2.06342451714223,1.27595594123959,0.168143492825741,1.69866597652435,1.25787478685379,0.31966880945268,1.65631199998733,0.121798091958356,4.65513625062194,0.0582432885487618,0.253680229187012
0006,16,circular,1,1.09346389524451,7718,414.821,99.1305341772452,0.860519567398818,0.282238079758329,0.620817245817246,103.325699646214,99.1249307136132,0.563628791824621,1.04237853083335,1.30623269611303,0.347181849620492,3.66727948188782,1.19673943519592,0.647229109689612,1.8267758062541,2.66457493330357,3.24555403345107,0.0330126530542855,0.240324735641479
0006,NaN,unmatched,0,NaN,323,92.462,20.2794569194902,0.699134199134199,0.79730067947707,0.453015427769986,30.1001856487948,18.1679401229304,0.474772788963918,1.6567748156988,1.26347948236668,0.101872194689389,1.51449513435364,1.28041386604309,0.253181137336928,1.60675433173386,-1.03654774887153,4.27944003276572,0.0298843994072466,0.110718727111816
0006,7,irregular,1,1.80140498811657,152,46.735,13.9115926766041,0.878612716763006,0.591643875757534,0.603174603174603,15.8303171519317,12.7623926974599,0.874518412852516,1.24038787453096,1.20449205195018,0.145870417071897,1.84216463565826,1.17036217451096,0.327265791313412,1.47206281260941,1.7713680577989,3.99802827475159,0.0500228089680611,0.117782235145569
0006,NaN,unmatched,0,NaN,77,33.164,9.90148700673831,0.865168539325843,0.49974970212058,0.538461538461538,11.0707207860878,9.58912472999267,0.879765194377453,1.15450795539879,1.28843506328754,0.0699370667467823,1.45943486690521,1.29731440544128,0.147671521209814,1.66495132438879,-0.504874663417085,4.4857764091898,0.0235027615574309,0.0982414484024048
0006,NaN,unmatched,0,NaN,10,10.032,3.56824823230554,0.909090909090909,0.710188079093593,0.5,4.64477357218062,3.26997631946153,1.24863302407964,1.42043033906297,1.30882246553898,0.0465921391178727,1.45943486690521,1.31195420026779,0.103075564419913,1.71518345568139,-0.113509042327415,4.42949632086372,0.0225056245083287,0.0640524625778198
0006,12,irregular,1,6.30070604203146,9506,516.694,110.015522142343,0.831525542337299,0.624747726365942,0.644824311490978,127.286176417214,99.388440438921,0.447446213404707,1.28069397059749,1.22325277523187,0.187347007389963,1.93155121803284,1.20707905292511,0.677288801523408,1.5314454682909,-0.476858897546771,3.83579140425946,0.027519893108458,0.227426648139954
0006,NaN,unmatched,0,NaN,216,75.88,16.5837191746241,0.699029126213592,0.654519202003323,0.473684210526316,21.4525516919441,16.2191025617082,0.471421049894137,1.32267193023316,1.2688363267061,0.0907332359251236,1.43832910060883,1.28709656000137,0.18194695722652,1.61817334656459,-0.778426263680944,4.56460383805326,0.0203505094713445,0.11383593082428
0006,NaN,unmatched,0,NaN,34,30.244,6.57952464247954,0.723404255319149,0.957373220916911,0.404761904761905,14.7587651469356,4.26312534737708,0.467100489365736,3.46195899588457,1.29733999026307,0.0562392865355149,1.45943486690521,1.30241113901138,0.121743221735892,1.68625032979288,-0.167757894791875,4.4552485218011,0.0215024060584533,0.08415687084198
0006,NaN,unmatched,0,NaN,13,10.495,4.06842894512822,1,0.812190184639216,0.65,5.4993888120437,3.20830357756904,1.48316111405549,1.71411111170802,1.30608949104945,0.0636897762284604,1.47692131996155,1.30794197320938,0.140259290360511,1.70991938557984,-0.477999404203974,4.39945341272351,0.0225964536296262,0.0680214166641235
0006,9,irregular,1,5.48363747619691,3024,209.056,62.0505953499169,0.945886768845793,0.312382812012592,0.663740122914838,63.9066158879222,60.7084926048029,0.869493576279315,1.05267999823251,1.24046886553544,0.291831218978684,2.78011918067932,1.15377008914948,0.514512834187918,1.62392229800526,1.90049493417259,3.72514731514452,0.027961181052318,0.269140005111694
0006,NaN,unmatched,0,NaN,400,133.375,22.5675833419103,0.564174894217207,0.967646772702823,0.281888653981677,55.6128980466916,14.0316227684097,0.282566707036778,3.96339746047737,1.18913636269936,0.137153685420198,1.57898211479187,1.18263375759125,0.305279009177506,1.43285256382417,0.162768566275199,4.51931314484654,0.0380660497295525,0.22671639919281
0006,NaN,unmatched,0,NaN,296,105.099,19.4133692398205,0.647702407002188,0.569685676416026,0.438518518518519,25.1875356687277,20.7006950357202,0.33674752112686,1.21674830846333,1.28919234275818,0.0688776803896398,1.51203060150146,1.29151368141174,0.15196247408016,1.6667587883924,0.145853404491749,4.46866086027366,0.0235724081791585,0.098414421081543
0006,NaN,unmatched,0,NaN,298,95.745,19.4788445327509,0.654945054945055,0.95130874779959,0.347319347319347,39.047985382896,12.0361363676186,0.408501749774491,3.24422922690946,1.19544442617753,0.124452298281369,1.57898211479187,1.19519698619843,0.305279009177506,1.44457070226446,0.0809701059868405,4.42601303173578,0.0377206073798503,0.191261768341064
0006,NaN,unmatched,0,NaN,14,10.66,4.22200824564475,1,0.590032055673356,0.875,4.87885990596916,3.93909303128056,1.54818726350746,1.2385744300086,1.23370167416417,0.110853907333234,1.51484072208405,1.22596848011017,0.22348230314575,1.53428707525101,-0.0269052158129141,4.64444673224123,0.0536713560384487,0.16498589515686
0006,NaN,unmatched,0,NaN,52,37.01,8.13685789025644,0.675324675324675,0.942580962776417,0.288888888888889,16.4486836754712,5.49349414563374,0.477062233884134,2.99421155996767,1.21939718872309,0.104129445779373,1.50256776809692,1.21441251039505,0.219614547794217,1.49776276414633,0.0551430196994841,4.59384578756929,0.0408779056601817,0.169723272323608
0006,NaN,unmatched,0,NaN,412,88.955,22.9035956223229,0.842535787321063,0.808378910595256,0.542819499341239,31.0116576019831,18.2553998404083,0.654284078229686,1.69876627590149,1.24086079468409,0.126546724711416,1.54987764358521,1.24387991428375,0.261641565290281,1.555744046034,-0.109265024726263,4.64031920750304,0.0277830177311016,0.168219804763794
0006,NaN,unmatched,0,NaN,17,16.193,4.65242649168128,0.85,0.914465491152581,0.53125,8.01446209417007,3.24316342333789,0.814712075987076,2.47118663108303,1.0815979032999,0.145374691216281,1.43542611598969,1.0864622592926,0.353899755963073,1.19095637616056,-0.0753202827563466,4.58163377499717,0.0447795382478392,0.17257559299469
0006,NaN,unmatched,0,NaN,63,43.617,8.95623198216277,0.577981651376147,0.882820066741004,0.346153846153846,16.0470642928418,7.5374878471713,0.41613939451746,2.12896718617782,1.2178537039727,0.105636048529288,1.47226011753082,1.23129093647003,0.240024924573145,1.49431667341861,-0.311899256658907,4.49816346418965,0.0361653105782088,0.166747331619263
0006,NaN,unmatched,0,NaN,30,22.098,6.18038723237103,0.789473684210526,0.893627037571021,0.476190476190476,10.061921058565,4.51589417134223,0.772014007454758,2.22811267864019,1.27997608827296,0.0922996052287878,1.47513389587402,1.29716849327087,0.218687549602693,1.64684712344973,-1.13480847061914,4.30757473318912,0.0250846556037885,0.103432536125183
0006,NaN,unmatched,0,NaN,29,31.667,6.0765077797465,0.527272727272727,0.933847813239347,0.239669421487603,14.2068821492722,5.08138413403061,0.363407610253561,2.79586856150613,1.14429702377964,0.104505724342446,1.42926359176636,1.13631522655487,0.223030980334062,1.32032576038279,0.260901335632574,4.64845841388194,0.0404451310916375,0.143847942352295
0006,11,circular,1,5.55312256577608,6206,326.352,88.8916453589786,0.939022545014374,0.522677184158898,0.721627906976744,98.175539008203,83.697659077156,0.732232630025968,1.17297831373875,1.423060163438,0.482885057863317,3.51502656936646,1.24331378936768,0.619137799833266,2.25826709569215,2.03212685068034,3.70451822180042,0.0363334183723436,0.343959808349609
0006,14,circular,1,1.08773555902734,42,20.419,7.31273279143145,0.954545454545455,0.45487923702002,0.75,7.84903186098342,6.989979901736,1.2658732311948,1.12289762936716,1.05971185926092,0.143261019990779,1.52585530281067,1.02516055107117,0.284064327100384,1.14348579672945,1.25053323669343,4.44397555857833,0.0477368899860786,0.13683032989502
0006,NaN,unmatched,0,NaN,130,46.735,12.8655019651614,0.855263157894737,0.552026912186361,0.5078125,15.4112746315842,12.850326008693,0.747943379413336,1.1992905566099,1.23822499434521,0.121792034097637,1.57642269134521,1.24483805894852,0.275436204099333,1.54802299074364,-0.199319681343885,4.49046931786955,0.0347762148075485,0.171434044837952
0006,NaN,unmatched,0,NaN,457,88.153,24.121991458915,0.873804971319312,0.761782777822374,0.620923913043478,30.5169278193165,19.7698588511234,0.739012647037148,1.5436087859364,1.26387729203629,0.11610213111179,1.51445710659027,1.28035819530487,0.258087554831321,1.61086039270526,-0.592197076984772,4.51572849644403,0.024094555213113,0.160408616065979
0006,NaN,unmatched,0,NaN,11,9.461,3.74241031850956,1,0.786338456323699,0.733333333333333,4.9898866532733,3.08273175028809,1.54428859550433,1.61865743031549,1.26382817167416,0.0547712858179671,1.41709840297699,1.26491320133209,0.103607364578595,1.60025587039073,0.090459956038325,4.61035831189414,0.0201354442182319,0.0787677764892578
0006,5,circular,1,0.829155812262152,2270,174.965,53.7610804071944,0.959830866807611,0.134891743052779,0.750413223140496,54.093527828948,53.5991314929804,0.931822856591202,1.00922396169856,1.21974424422572,0.213161487215025,2.18929696083069,1.17155987024307,0.404217414845183,1.53320786229301,0.973541392327746,4.06547615810499,0.0284080641712339,0.348846435546875
0006,NaN,unmatched,0,NaN,64,29.591,9.0270333367641,0.876712328767123,0.732104146954999,0.592592592592593,11.3123575627322,7.70589558646896,0.918481797872384,1.46801334585898,1.32005290969692,0.0514902485481071,1.44297361373901,1.31929224729538,0.147465542850271,1.74518807314906,-0.703108148407712,4.08384157141721,0.019714731659769,0.0641524791717529
0007,NaN,unmatched,0,NaN,76,55.774,9.83698151873187,0.684684684684685,0.983602136161373,0.469135802469136,27.1715830724582,4.90044888586242,0.307015195861222,5.54471308758,1.41170535363415,0.0754863518170451,1.58066976070404,1.39352798461914,0.108758911926725,1.99860261741057,0.391570200016346,4.76806184587661,0.0211863273644167,0.114319920539856
0007,18,irregular,1,3.61153616197166,635,95.695,28.4342594576829,0.93108504398827,0.704435688227251,0.661458333333333,34.3782610058453,24.4005834383917,0.87137500005009,1.40891143413214,1.40792352611583,0.277662830466233,2.64388656616211,1.32344329357147,0.434249645584902,2.05931980788987,1.88423741562697,3.89458533872108,0.0465390410658289,0.230121254920959
0007,14,circular,1,14.9144028305935,4902,428.069,79.002659754541,0.73142345568487,0.884659199542358,0.492465340566606,126.787414281077,59.1131414632684,0.33616741505204,2.14482619503245,1.25747426426511,0.242182964169574,2.67653465270996,1.15468311309814,0.474425861988068,1.63989250667893,1.95709680741254,3.45444738727532,0.0217312130125343,0.276486754417419
0007,8,irregular,1,1.29270356831697,3414,212.313,65.9305680676714,0.966864910790144,0.324677639382324,0.717679209585874,67.9971938346068,64.3134278806014,0.951744129784834,1.05727833324083,1.29737221095588,0.395109156773148,2.65173530578613,1.12747633457184,0.513520486757119,1.83927523400452,1.47934146433754,4.11995757707538,0.0321823233146234,0.455476999282837
0007,17,circular,1,0.483605291395341,40,19.377,7.13649646461108,1,0.289831484732356,0.816326530612245,7.36523993669651,7.04910684708051,1.33874165541855,1.0448472546202,1.1779096395554,0.151191334511358,1.87403094768524,1.13184595108032,0.315777729511843,1.41029858218333,2.4268232672739,3.69859399090708,0.0477245259631663,0.111545920372009
0007,12,circular,1,0.568150113151007,1310,146.342,40.84046772018,0.898491083676269,0.385812804075553,0.63468992248062,42.9434254908087,39.6186203661118,0.768675762855918,1.08392026511708,1.48844726792368,0.262912372872406,2.85859203338623,1.40180099010468,0.415861790499867,2.28458776884626,2.40753297864784,3.18583034763687,0.0296290515828579,0.136678338050842
0007,6,circular,1,0.493997067289626,3145,269.818,63.2798417206624,0.83025343189018,0.312862028962819,0.642361111111111,65.971134637179,62.659290286356,0.542861042299968,1.05285480150968,1.38088080396335,0.370738680153888,3.26175546646118,1.31215292215347,0.549506112265623,2.0442697266758,1.85440192329858,3.70010715552237,0.0281279115990821,0.37924063205719
0007,5,circular,1,0.670783453899174,4813,251.365,78.2821942002799,0.976663961038961,0.0893768402714607,0.761550632911392,78.4753918660049,78.1613240669627,0.957229584660592,1.00401819957365,1.46252459882555,0.678574247718835,4.03582286834717,1.12392777204514,0.631425059953057,2.59941685644669,1.82775710693796,3.32624279474278,0.0374626226804763,0.489934682846069
0007,16,circular,1,0.746070972189152,38,18.823,6.95579633830205,1,0.319725548217616,0.775510204081633,7.22057182175043,6.84156543079577,1.34776997199963,1.05539761254766,1.22731182621013,0.146826535896067,1.88095903396606,1.20466828346252,0.324785957727005,1.5278227783386,1.90260863083266,3.9786335039563,0.0497211951402013,0.125101208686829
0007,2,irregular,1,2.62106778922362,4777,257.278,77.9888793687912,0.954445554445554,0.192512967760741,0.737191358024691,78.9022936519002,77.4263812304066,0.906900838185278,1.01906213874444,1.43115652698805,0.581405009157886,3.67550945281982,1.19274348020554,0.639450423418946,2.38622316707132,2.0018109742437,3.73160387143848,0.0383449495332132,0.438828706741333
0007,20,irregular,1,1.85211137643852,1712,300.516,46.688179452476,0.71244277985851,0.493838499107929,0.555844155844156,54.7204438307298,47.5823612400764,0.238220112416052,1.1500153082912,1.23121976972805,0.239311072894211,2.24069619178772,1.16958504915237,0.441386713573047,1.57316588638508,0.778641858175939,4.22162001019117,0.0352244022114118,0.384254336357117
0007,9,irregular,1,8.41659548521242,4972,271.52,79.5647347536786,0.948312035094412,0.515928254693284,0.721835075493612,86.221034958066,73.8596801343355,0.847495369574014,1.16736269100066,1.42123471726029,0.521041549766364,3.28103542327881,1.22060453891754,0.624440225560432,2.29137914131471,1.65595550959611,3.98911931310556,0.0366454093521878,0.40514874458313
0007,7,irregular,1,5.78761681929327,1288,139.469,40.4960804722987,0.914772727272727,0.473139256822315,0.681481481481481,43.8416822966701,38.6239807631224,0.832090096422193,1.13508968859392,1.41936357189305,0.294708890826796,2.78924417495728,1.32607650756836,0.459147959216605,2.10143181363824,2.23113231389247,3.79100696817677,0.0327652200730905,0.234812378883362
0007,10,irregular,1,4.83690453712478,19,12.182,4.91849075936593,1,0.508644361881473,0.76,5.39655510650488,4.64630831723022,1.60888971213469,1.16147158949665,1.21384464693069,0.166334395272262,1.6100902557373,1.2159024477005,0.365592171371787,1.50104169052321,0.0217375974409637,4.59701953921314,0.0637281490210753,0.224785208702087
0007,13,circular,1,14.2717933235909,1212,311.409,39.2831557823327,0.447232472324723,0.92638475558478,0.266022827041264,101.240901703892,38.1251358740278,0.157054420260104,2.65548959716261,1.3437761835345,0.145846921127961,2.16975831985474,1.35476732254028,0.487281006297017,1.82700410202548,-0.162724383433986,3.67279089133343,0.0337327201586965,0.192680358886719
0007,4,irregular,1,1.47605758903328,2091,184.22,51.5979058493775,0.911905800261666,0.39233803674958,0.692154915590864,54.144083124681,49.8028703605992,0.774266271349511,1.08716792290583,1.38734233118257,0.374069063905526,2.87522745132446,1.29714202880859,0.506155368766119,2.06463153045432,1.8307435961645,4.10194753141446,0.0329538552690878,0.3413006067276
0007,NaN,unmatched,0,NaN,25,18.914,5.64189583547756,0.833333333333333,0.422944967199133,0.510204081632653,6.70294569954912,6.07391024098666,0.878179112705215,1.10356350910781,1.33693227110576,0.12044979438614,1.68003118038177,1.33471512794495,0.249661817046336,1.80187614904727,-0.032109030176511,4.50208774115881,0.0546813322865099,0.172760844230652
0007,NaN,unmatched,0,NaN,8,7.501,3.19153824321146,1,0.76533286778399,0.666666666666667,4.26009462802185,2.7419446433081,1.78674065810242,1.55367638016285,1.37460107345512,0.0882432384094107,1.68003118038177,1.36928737163544,0.223395460932549,1.89730087362198,-0.0657956442781569,4.1810553639046,0.0426181332702872,0.105327486991882
0007,NaN,unmatched,0,NaN,13,11.81,4.06842894512822,0.928571428571429,0.801642626810957,0.541666666666667,5.68990001073159,3.40144249450421,1.17126029467894,1.67279029997564,1.42615268303034,0.0625196257769731,1.56474328041077,1.41311764717102,0.0963056779343812,2.03781391497383,0.269415280234776,4.68443256318328,0.0223396575835663,0.104039907455444
0007,NaN,unmatched,0,NaN,21,16.375,5.17088294582641,0.954545454545455,0.875408320302716,0.65625,7.77123890703218,3.75649400510284,0.984161884837639,2.0687478527786,1.43024276800099,0.0629449309810697,1.56474328041077,1.42331475019455,0.0963056779343812,2.04955054382627,0.150874880041641,4.69007335310978,0.0220777779402471,0.11257004737854
0008,NaN,unmatched,0,NaN,11,8.907,3.74241031850956,1,0.47839528325838,0.6875,4.16333199893227,3.65600754711653,1.742367030047,1.13876460736955,1.42089823065769,0.0563240657018514,1.60975778102875,1.42870670557022,0.109134170132362,2.02211474059555,0.027192220934456,4.30151105925769,0.0219625400960393,0.0617570877075195
0008,18,circular,1,3.45654243524088,3618,306.992,67.8717958569818,0.833448514167243,0.362325931820849,0.700077399380805,71.9594164762952,67.0698789960876,0.48241889562215,1.07290213659835,1.3762476879379,0.316596159191741,2.98579263687134,1.32862508296967,0.515347665895364,1.99428291675815,1.70085907355786,3.78260863470628,0.0271937181328448,0.324479460716248
0008,10,circular,1,1.01989744530832,6838,309.745,93.3081561649304,0.963369963369963,0.262019576066956,0.765733482642777,95.1389204709134,91.8150099995872,0.895633545118626,1.03620225572421,1.47095997306169,0.624635912851566,4.25007724761963,1.21256220340729,0.694942016585407,2.55387849016415,2.1317778205443,3.35198628680204,0.0342422140800195,0.36052131652832
0008,5,circular,1,0.650788711254899,4547,243.757,76.0882396294643,0.971373638111515,0.148654469255633,0.747493013315798,76.5805586107685,75.729687297319,0.96165794888406,1.01123563748664,1.33457336873098,0.431821181899515,3.42306852340698,1.14727830886841,0.598128602947736,1.96754552750394,1.67969898013375,3.54295596425782,0.0347380932134685,0.374176144599915
0008,NaN,unmatched,0,NaN,39,24.612,7.04672563994593,0.764705882352941,0.440082347650486,0.619047619047619,8.15993561797247,7.32727473103395,0.809059866003204,1.11363855150836,1.33737021319254,0.106283012213609,1.5115157365799,1.37121331691742,0.224710714367729,1.79984073915487,-1.10554900569908,4.34364806959856,0.0269326744246002,0.130337834358215
0008,NaN,unmatched,0,NaN,1563,169.906,44.6102388294555,0.914035087719298,0.891833927048783,0.550739957716702,67.4623390458471,30.5174633036018,0.68037979919688,2.21061424321873,1.80156589754059,0.665318817863212,3.45035719871521,1.4459952712059,0.569998095386231,3.68824614349514,0.843323483044933,4.24080962276506,0.0472124702385028,1.01920604705811
0008,NaN,unmatched,0,NaN,46,33.834,7.65303985732581,0.807017543859649,0.936714558417558,0.321678321678322,14.4516284075056,5.05942895735551,0.504964684089699,2.85637539914372,1.34813030735605,0.105921566825653,1.60032618045807,1.36632752418518,0.188048704433071,1.82866373679648,-0.245020010256151,4.5881236785071,0.0276834114583948,0.131247878074646
0008,9,irregular,1,5.04323133321306,1108,178.856,37.5599442966381,0.671922377198302,0.890744978076719,0.312024781751619,70.2334793148045,31.9213584971748,0.435253825426642,2.20020333160384,1.85107860271653,0.637337674223438,3.45035719871521,1.54004859924316,0.529687435794953,3.83265633245989,0.805294141963969,4.26399237892354,0.0505144844238782,1.00760054588318
0008,NaN,unmatched,0,NaN,1663,173.643,46.0151862203618,0.940610859728507,0.884173640091125,0.699915824915825,67.9192185063673,31.7290336994746,0.693086679720465,2.14060154335844,1.73019321034936,0.645699531099794,3.45035719871521,1.38549262285233,0.5478597834059,3.41045687287626,1.03906906092482,4.13553715179834,0.042964373584079,0.851975440979004
0008,NaN,unmatched,0,NaN,1948,216.145,49.8023155399836,0.863475177304965,0.904870907765982,0.458568738229755,78.4051136312659,33.3759656185101,0.523972421719714,2.34914892133587,1.74193866328769,0.6367814268313,3.45035719871521,1.41153478622437,0.566077612481214,3.43981143198529,1.00101026132783,4.20570528347758,0.046943739028952,0.847869038581848
0008,NaN,unmatched,0,NaN,657,117.478,28.922627489407,0.827455919395466,0.89343065260916,0.574300699300699,45.4752921354741,20.4275533121084,0.598221675701806,2.22617419916455,1.3321795086706,0.164868000107776,1.90532171726227,1.33882880210876,0.321150471569718,1.80187753438902,0.126913362585013,4.43629198196149,0.0301927052958005,0.256031155586243
0008,1,circular,1,0.919329870736877,4648,246.271,76.9286513850921,0.972384937238494,0.244104206564259,0.754300551768906,78.1914130784014,75.8260451790368,0.963051330690479,1.03119466264896,1.39448562817558,0.440012726395464,3.54119181632996,1.20698207616806,0.58498223057834,2.1381909752515,1.98249426750838,3.42756487366588,0.035367127307206,0.33115291595459
0008,NaN,unmatched,0,NaN,12817,607.385,127.746276833693,0.837602927721866,0.73876879012824,0.599709900804791,162.617328942608,109.597405285082,0.436584309663044,1.48376988049683,1.33664890921585,0.319646741487121,3.05947279930115,1.19645297527313,0.52780028808564,1.88880261291306,1.78450390147575,3.52415482875102,0.0268891747486572,0.302937746047974
0008,16,circular,1,0.767200370704805,5008,251.506,79.8522613332503,0.982346018046293,0.137575308460016,0.772839506172839,80.2710200656601,79.5077477921807,0.994895539781675,1.0095999735205,1.39398395831214,0.506500156479304,3.76513338088989,1.15645533800125,0.610389486563697,2.19972031042314,1.77776054279499,3.34283727047434,0.0359710665468605,0.43397045135498
0008,NaN,unmatched,0,NaN,318,76.425,20.1218829940386,0.850267379679144,0.727752710238241,0.548275862068966,25.2105895525646,17.2904213127103,0.684173248736973,1.45806681610656,1.3322800263192,0.115922292447471,1.55600726604462,1.34369838237762,0.19653195775963,1.78840177284959,-0.362516292495681,4.75384044532106,0.0252937306754888,0.188923954963684
0008,NaN,unmatched,0,NaN,16,13.861,4.51351666838205,0.842105263157895,0.862260030748016,0.533333333333333,6.88379497349485,3.48640695122554,1.04650358305754,1.97446685650826,1.42596604695687,0.125602848703736,1.94576001167297,1.41870594024658,0.25816553713092,2.04913097179075,0.757200162905506,4.16381606728632,0.0382471155302768,0.10956597328186
0008,15,circular,1,0.793568718915717,4482,241.846,75.5424360177973,0.97668337328394,0.059927161044485,0.775969529085873,75.6532272315494,75.5172596682939,0.962950357285325,1.0018004832783,1.34961478865754,0.471488534063073,3.39863991737366,1.16401970386505,0.602641791923219,2.04374875716912,1.69752931265461,3.76183273127249,0.0341530170121733,0.427715063095093
0008,19,circular,1,0.782259929256238,6665,299.622,92.1202560008376,0.973134764199153,0.0954537252032411,0.762411347517731,92.3648453028134,91.9430952633456,0.932959133012649,1.00458707680288,1.53545174038787,0.713499752648046,4.52024602890015,1.21061587333679,0.646356350167089,2.86667243388927,1.90257098500643,3.23102477172827,0.034349305068998,0.47429347038269
0008,14,irregular,1,3.92538779514942,631,93.487,28.3445612548137,0.934814814814815,0.636735103713051,0.66281512605042,32.4840772419326,25.0479074055478,0.907270471428748,1.29687788748124,1.38257255020701,0.286048504229474,2.66604781150818,1.28053534030914,0.408142786106537,1.993305349115,2.47750699576187,3.62585792498712,0.0386138761238099,0.204909205436707
0008,3,irregular,1,2.83756702770211,260,75.83,18.1945673658689,0.724233983286908,0.676284015548466,0.52,22.8335567195473,16.8201335507011,0.568199830745279,1.35751340206187,1.31312651276588,0.120564525713741,1.83888375759125,1.28125977516174,0.241443119102624,1.73882896794212,1.44232844605441,4.14304688725249,0.0379182837378198,0.121130347251892
0008,17,irregular,1,2.4577310699504,7796,351.361,99.6301936701687,0.945198836081474,0.68685908535493,0.750770416024653,118.191304406818,85.9003307209936,0.793550529062828,1.37591209969501,1.41973694000456,0.600268068008526,4.23784160614014,1.18181562423706,0.649392117214062,2.37596436152227,2.41233337581782,3.26731374899002,0.031002174838048,0.308036327362061
0008,12,irregular,1,8.80471293637574,18,14.969,4.78730736481719,0.9,0.835866977489663,0.642857142857143,7.06410658093295,3.87771450962523,1.00947784598677,1.82171909855624,1.19777511317789,0.130107621426432,1.60037815570831,1.20643985271454,0.302776113247371,1.45156709145532,0.18757611404506,4.44596427488582,0.0686457718854195,0.164859175682068
0008,8,circular,1,0.718201000511234,5402,286.54,82.9339497471292,0.945066480055983,0.195138630001146,0.730493576741041,83.8282057703349,82.2166646885857,0.826787554741171,1.01960114884073,1.32849505197151,0.419231490877023,3.49293327331543,1.14988648891449,0.570780553216652,1.94064612181057,2.17067934176981,3.46215116571778,0.0258950724949009,0.399136424064636
0008,13,circular,1,0.676790841079005,2776,211.652,59.4517701686402,0.921035169210352,0.166522976712147,0.688833746898263,60.1033354796535,59.2641471327026,0.778725815909553,1.01416013538627,1.38206653158605,0.251762411210376,2.9212920665741,1.3487434387207,0.498979022232556,1.97348711012775,2.28076983966871,3.35725629315067,0.0256376462191119,0.167469024658203
0008,NaN,unmatched,0,NaN,31,27.242,6.28254931431422,0.645833333333333,0.898576683303939,0.352272727272727,11.3221987477471,4.96836793060854,0.524920556603515,2.27885674045889,1.39616983407928,0.0724832822233459,1.58760392665863,1.41417115926743,0.161982243583835,1.95453697020047,-0.612638905553452,4.25481717693265,0.0213474935239386,0.0922683477401733
0008,NaN,unmatched,0,NaN,124,74.456,12.5650986286284,0.584905660377358,0.947760186170661,0.352272727272727,29.1392162919445,9.29493633622471,0.281081425491179,3.13495598440858,1.40886905585757,0.063263863114648,1.63963043689728,1.41659015417099,0.153889268646754,1.98891122554069,0.0518846803898736,4.1163307246564,0.0210105557811029,0.0727596282958984
0008,NaN,unmatched,0,NaN,17,19.675,4.65242649168128,0.586206896551724,0.916779809095363,0.354166666666667,9.87457736575127,3.94383724084544,0.551860491420412,2.5037994122786,1.40542948624444,0.0554056339225556,1.58552503585815,1.41293227672577,0.110496058969305,1.97829573423387,-0.0588236656676932,4.36948272877993,0.0202029401865445,0.0697571039199829
0009,14,circular,1,0.530152525795469,4766,244.79,77.8990351044722,0.984507333195621,0.24279306718121,0.804388185654008,79.1526339783038,76.7842370419579,0.999485636696966,1.03084483258005,1.4260241321755,0.54102999338437,3.50970077514648,1.11127865314484,0.596269604404525,2.32623773511001,1.31282582027494,3.61550234559234,0.0396277282216846,0.70591127872467
0009,NaN,unmatched,0,NaN,15,18.798,4.37019372236832,0.789473684210526,0.978461269851544,0.5,10.4643487753394,2.16016054888085,0.53343048623311,4.84424585050444,1.42472712810223,0.036271446879368,1.53143441677094,1.42402356863022,0.0739067006467589,2.03115963403002,0.0185684132320303,4.44513255380442,0.0206298921174166,0.0475043058395386
0009,18,irregular,1,2.39447691300168,708,160.907,30.0242168536083,0.690731707317073,0.584604562105041,0.510822510822511,37.1557282579262,30.145125080253,0.343631720164639,1.23256175447968,1.27183512060161,0.145531128797449,1.8781042098999,1.23657065629959,0.298981052135835,1.63873948026194,0.697542827886719,4.29135939183424,0.030398439661457,0.219987034797668
0009,NaN,unmatched,0,NaN,264,87.384,18.3339913769502,0.713513513513514,0.777257022583137,0.505747126436782,25.7514655496016,16.2023899429125,0.434460151794475,1.58936216449143,1.42608969974167,0.0795593378325552,1.86290609836578,1.42974519729614,0.303047008121807,2.04005841715729,-0.222820240678002,3.35885198913197,0.0244821058214623,0.0827440023422241
0009,2,irregular,1,2.63674289354762,1951,215.391,49.8406495922586,0.855326611135467,0.485528985896523,0.646883289124668,54.474256180731,47.6225152526025,0.528459887857073,1.14387608239054,1.41902332711727,0.178617006760785,2.20518255233765,1.39857351779938,0.383089811992426,2.04552784396087,1.51657390108275,3.87994591770154,0.0273169233215793,0.15492856502533
0009,NaN,unmatched,0,NaN,222,80.081,16.8124709347319,0.658753709198813,0.893140676265733,0.466386554621849,27.868179370757,12.5344779679687,0.435014630101661,2.22332189996049,1.41816590144084,0.0752109089712878,1.64456033706665,1.42598009109497,0.21916236987561,2.01684830397583,-1.09504919801218,3.90285730348878,0.0210197005500546,0.077576756477356
0009,16,circular,1,0.697158971614008,4333,238.406,74.2761532885048,0.974364740274342,0.101207590179972,0.760175438596491,74.5175566947822,74.1349335890276,0.957997091900595,1.00516117149137,1.36912991034469,0.542779450055766,3.62225985527039,1.13369995355606,0.614601111620088,2.1691092054721,1.76841488647348,3.65553868341727,0.034852540535997,0.463162422180176
0009,NaN,unmatched,0,NaN,43,23.14,7.39927702033192,0.914893617021277,0.779256674032191,0.614285714285714,9.68920558198432,6.07227264851742,1.00914044013301,1.59564732066996,1.32215609020657,0.0969904710287773,1.63304948806763,1.31535583734512,0.195212418960717,1.75749226457346,0.436738907780268,4.46098108488143,0.0396486817070141,0.142229676246643
0009,5,irregular,1,4.08006116468002,517,206.691,25.6566725166784,0.480037140204271,0.672838147777934,0.303760282021152,42.1543619028294,31.1853635055966,0.15207480709331,1.35173546703293,1.24224893610242,0.162665902653058,1.79461371898651,1.23592722415924,0.309661805573438,1.56963795664835,0.461279581389602,4.53785214909482,0.0320978308971661,0.245426177978516
0009,4,irregular,1,6.16229640970696,1834,172.989,48.3230930823378,0.90255905511811,0.317077940965233,0.641258741258741,50.2701125172972,47.6761487217189,0.770144501437392,1.05440799781709,1.40151869271385,0.314021330976026,2.80631041526794,1.34989160299301,0.485470995801269,2.06285275979468,1.97411244656131,3.97844059528162,0.0330964589156559,0.278131246566772
0009,11,irregular,1,5.94802413760373,3252,209.75,64.3472998616006,0.965844965844966,0.29188687640997,0.735413839891452,66.1013148868616,63.2227909123003,0.928873262491581,1.04552984664271,1.29666196588884,0.351770266164079,2.75792121887207,1.16057956218719,0.546478420855525,1.80506513516641,1.23750347870133,4.10178785277791,0.0324725546222931,0.425162553787231
0009,13,circular,1,1.82808900744542,5303,349.351,82.1704892630595,0.825369649805447,0.203427952827981,0.626609949190594,85.7327603040673,83.9400812769931,0.546018691230645,1.02135665107541,1.38459453561948,0.366414757916596,2.88648247718811,1.25981485843658,0.513133520109968,2.05135655815909,1.60144581405711,3.99981179918488,0.0289721454553015,0.352970480918884
0009,12,circular,1,0.61797153830685,5404,280.139,82.9493007791435,0.95325454224731,0.239318286040103,0.730764029749831,84.2894271534927,81.8400751217346,0.865322619494862,1.02992851641589,1.3734274154969,0.468563432462107,3.55836510658264,1.17858469486237,0.582531451606009,2.10584330777783,1.89890668267912,3.59654391408856,0.0274021493455445,0.454972624778748
0009,NaN,unmatched,0,NaN,100,40.847,11.2837916709551,0.900900900900901,0.90932437496888,0.505050505050505,17.7872670021525,7.40106744063332,0.753163965335965,2.40333805154874,1.39183559887276,0.143938636126972,1.90828144550323,1.39365541934967,0.273785364978747,1.95790707754228,0.652185064174105,4.34961461925222,0.0299719347498334,0.197794437408447
0009,20,irregular,1,11.8517328301115,7399,499.994,97.060287406825,0.712950472152631,0.842255155066014,0.46749226006192,146.293644648497,78.8638432680522,0.371923230806556,1.85501541119744,1.3040736859167,0.312693054863279,2.94711899757385,1.18483996391296,0.573335409711487,1.79838313893659,2.17242085992376,3.58401980937658,0.0262653626422928,0.293015003204346
0009,3,circular,1,2.27656634783643,1857,165.454,48.625156396388,0.929429429429429,0.397108647928873,0.715055833654216,51.1443095028039,46.9387950969061,0.852446683775978,1.0895957043042,1.26594297503797,0.242120363907008,2.3958683013916,1.2601991891861,0.499722542375202,1.66122680411594,0.44488431977872,4.05884038154734,0.0333014721498113,0.407315015792847
0009,NaN,unmatched,0,NaN,8,9.552,3.19153824321146,0.8,0.8973710661029,0.533333333333333,5.50199555403149,2.4279027142957,1.10182145147492,2.26615157256313,1.32358648984329,0.0898643909056259,1.50000524520874,1.33297383785248,0.151314795938277,1.75994276031154,-0.35776280392391,4.77314365938975,0.026694297873421,0.134209632873535
0009,1,circular,1,0.769135635200953,4017,226.836,71.5164544087663,0.976184690157959,0.200466589106788,0.775033764229211,72.3183092992104,70.8502866197511,0.981042303509035,1.02072006691149,1.31084752000598,0.432320896837906,3.39842891693115,1.15433859825134,0.612235830046448,1.9052108052347,1.71021060015675,3.68397468665008,0.032313149722662,0.475442290306091
0009,NaN,unmatched,0,NaN,70,34.57,9.4406974388263,0.853658536585366,0.924502310366094,0.466666666666667,16.1033292109089,6.13820969477766,0.736053097989224,2.62345700320558,1.26220027866818,0.147257632346145,1.64380168914795,1.27898174524307,0.274655096558358,1.61481370155394,0.0483837442520639,4.6278783682808,0.0459685216467299,0.236024975776672
0009,NaN,unmatched,0,NaN,17,13.009,4.65242649168128,1,0.760078615408279,0.708333333333333,6.11988971469238,3.97689485292691,1.26232434496516,1.53886133302928,1.25369262771729,0.133576391653492,1.60849153995514,1.27945172786713,0.282974807948451,1.5895592632056,-0.281639351138176,4.47607351623289,0.0450153177587926,0.198869705200195
0009,NaN,unmatched,0,NaN,19,14.605,4.91849075936593,0.826086956521739,0.795516114765691,0.633333333333333,6.7661345838947,4.09982037806792,1.11933566655149,1.65034902994538,1.25862621399072,0.132249174006581,1.64380168914795,1.26444929838181,0.278807797039413,1.6016028831177,-0.163869186867197,4.5270978368625,0.0505298852528165,0.17638111114502
0009,NaN,unmatched,0,NaN,62,30.699,8.88486644658096,0.849315068493151,0.656519109333377,0.645833333333333,10.964605239787,8.27070471354779,0.826709818933295,1.32571596007127,1.27669747153829,0.140129619811836,1.64311134815216,1.28466254472733,0.274576690914147,1.64957082865593,-0.0539265841366744,4.61282704556251,0.0497587785985201,0.215031981468201
0009,17,irregular,1,3.27629037665579,494,87.177,25.0794803594327,0.882142857142857,0.587310319301066,0.608374384236453,28.4835334114664,23.0534850255825,0.816832433302849,1.23554132400624,1.40783457377378,0.248438458147739,2.43626999855042,1.33625715970993,0.383628840357151,2.04369565002413,1.97935174913403,3.85291255525626,0.0435277800498117,0.158292651176453
0009,7,irregular,1,6.28183306566479,6250,340.635,89.2062058076386,0.876946821944717,0.497462418552985,0.63323201621074,98.4045916474585,85.3645591904484,0.676879471015878,1.15275698229657,1.31758524493076,0.323117985629816,2.87137985229492,1.21281027793884,0.625950726805182,1.84043271721149,1.94615988618382,3.65578457532974,0.0282881397740686,0.239114284515381
0009,NaN,unmatched,0,NaN,5070,303.502,80.3450340208234,0.902135231316726,0.418181873643146,0.69376026272578,85.3300803808357,77.5107150840598,0.691663262300442,1.10088108835399,1.40127472972635,0.314678066460768,3.25773119926453,1.3611866235733,0.552406999928963,2.06258796165696,1.91009389505303,3.7308901251883,0.0308036876445843,0.337128162384033
0009,NaN,unmatched,0,NaN,339,153.364,20.7756637839858,0.432397959183673,0.972696088215844,0.18031914893617,61.1865696714488,14.2003364273897,0.181118456263162,4.3088112724873,1.47900177336679,0.183071301454741,2.15415477752686,1.42965364456177,0.352150928464709,2.22095408797381,0.705481627892227,4.18610646840625,0.0385541236149921,0.231193780899048
0009,NaN,unmatched,0,NaN,42,22.098,7.31273279143145,0.954545454545455,0.795021410176361,0.666666666666667,9.61685335899897,5.83340407710961,1.08081961043666,1.64858343976816,1.34696045608598,0.102861827965861,1.57556581497192,1.3491415977478,0.204628239941588,1.82486156433849,-0.0555505616716615,4.59572479746334,0.0368313194738532,0.147668838500977
0009,NaN,unmatched,0,NaN,57,52.606,8.51907589177983,0.791666666666667,0.991539793718929,0.527777777777778,26.1260227480439,3.39123800893822,0.25882972949419,7.70397792168643,1.12551915799593,0.20489876684729,1.68763744831085,1.03941094875336,0.309418497851188,1.30871307495309,1.09986245682789,4.40204249179344,0.0513827001437244,0.264212667942047
0010,19,irregular,1,4.16546031761491,2148,191.713,52.2964486565879,0.912489379779099,0.560161511816916,0.704262295081967,57.9324255379383,47.9902604515194,0.734414113969175,1.20717047569397,1.1974097316811,0.176416014375311,1.95022559165955,1.13603079319,0.350143946663973,1.46490952239938,1.05105331536387,4.15270439295834,0.0259841768120752,0.23990535736084
0010,NaN,unmatched,0,NaN,470,139.751,24.4626774091784,0.697329376854599,0.964142199623981,0.343567251461988,52.6887360795052,13.9828618382133,0.302411201424245,3.76809387728582,1.24118022661272,0.166654948258482,2.04607486724854,1.22420877218246,0.371012673606992,1.56829797604435,1.07366024865333,4.12953204001797,0.0245184851101636,0.206124544143677
0010,8,circular,1,2.32475251040095,5543,325.74,84.0093256517811,0.902327852840632,0.256792021431869,0.708823529411765,86.0556644525285,83.1699329498763,0.656466484782631,1.03469681169986,1.28872562774879,0.206310848229348,2.16081309318542,1.2357924580574,0.39335901157235,1.70337612565103,1.47728904113985,4.03619438502302,0.0236660686156136,0.177765250205994
0010,18,irregular,1,1.33861639613481,3918,229.739,70.6296859420482,0.960765080922021,0.107863558872748,0.756370656370656,71.0371515211573,70.6226999543113,0.932835022574953,1.00586853189009,1.23173275946324,0.286383627127444,2.32614040374756,1.14489638805389,0.464914876993037,1.59917600530925,1.39418632736782,4.14322258023282,0.029167234366655,0.299816966056824
0010,NaN,unmatched,0,NaN,17,12.455,4.65242649168128,1,0.805241391386746,0.708333333333333,6.17925280879075,3.66397023218074,1.37711852879346,1.68649099671122,1.25692071956702,0.0531145224079752,1.37698400020599,1.26191788911819,0.0930404208047673,1.58266632668978,-0.175780009043911,4.76482206496985,0.0197058408629607,0.0870968103408813
0010,NaN,unmatched,0,NaN,20,13.588,5.04626504404032,0.952380952380952,0.468857746237488,0.666666666666667,5.56177429723046,4.91256891385081,1.36122144762002,1.13215191374705,1.22812137787159,0.0827065404995685,1.38048815727234,1.25606369972229,0.132043253017719,1.51511196697762,-0.541222148594672,4.67377587865265,0.0212099897326067,0.130342960357666
0010,NaN,unmatched,0,NaN,103,39.515,11.4517978111614,0.872881355932203,0.827970231787564,0.613095238095238,15.717683566038,8.81403767959871,0.828940037060452,1.78325577191697,1.24289513554643,0.0746604336260901,1.41958868503571,1.24763000011444,0.161210239997223,1.55035737498669,-0.236657488479588,4.56910371404185,0.0213225071960896,0.104687809944153
0010,NaN,unmatched,0,NaN,11,10.313,3.74241031850956,0.916666666666667,0.87929375818441,0.55,5.8375544246473,2.78030949243353,1.29966826235607,2.09960597571383,1.235801243186,0.0459851384807401,1.38739895820618,1.23342055082321,0.107197727144189,1.52931582123288,0.414563435670062,4.37920467162783,0.0180865478084515,0.0554077625274658
0010,17,circular,1,1.57990966444166,7168,352.18,95.5331411430695,0.931756141947225,0.32348002568576,0.710124826629681,98.824709456751,93.5113988356972,0.726237185704008,1.05681992449273,1.23488504845747,0.251772085588205,3.15457797050476,1.16948813199997,0.649516028274789,1.58832818382843,2.62157572479573,3.23247628783717,0.0237173860130729,0.234385848045349
0010,NaN,unmatched,0,NaN,431,101.443,23.4257602604666,0.750871080139373,0.777491563133326,0.561197916666667,31.811089025425,20.0057829407747,0.526311628688673,1.59009468010319,1.22046871889117,0.116062955424011,1.49107611179352,1.22292464971542,0.292575958473228,1.50300949202608,-0.169432683445291,4.4326893287157,0.0258619024125781,0.165414810180664
0010,15,irregular,1,3.9215599691846,1209,152.496,39.2345078927315,0.872294372294372,0.732260115395658,0.530263157894737,49.0565420501237,33.4087341708271,0.653309931757012,1.46837476090191,1.26229069548996,0.208073747024353,2.70338988304138,1.22090882062912,0.461761357849779,1.6366674073525,3.44996945816666,3.11583023324491,0.0259442580857797,0.105598449707031
0010,NaN,unmatched,0,NaN,49,41.128,7.89865416966859,0.590361445783133,0.970708466703291,0.251282051282051,19.83587061188,4.76577473851708,0.364024624311352,4.16215026941289,1.21043001325616,0.118206768775826,1.4190833568573,1.2467166185379,0.219930065406279,1.47910155947858,-0.630152805650274,4.65601691426895,0.023667160001577,0.187183022499084
0010,NaN,unmatched,0,NaN,25,17.971,5.64189583547756,0.862068965517241,0.85588165976632,0.625,8.25534046053358,4.26942859728839,0.972759283829443,1.9335937520484,1.25724764040538,0.0492912978495992,1.38628947734833,1.25637018680573,0.0953416910195469,1.58309779044568,0.123734877194777,4.66082208415214,0.0197151081117765,0.0718803405761719
0010,NaN,unmatched,0,NaN,73,38.225,9.64087582980234,0.829545454545455,0.954301794476257,0.414772727272727,18.1356552641193,5.41974234305898,0.627823743255915,3.34622093010483,1.24323874407558,0.0790291522710035,1.4190833568573,1.24519830942154,0.198824261104087,1.55188258525733,-0.586278915870111,4.36032086702206,0.021970256933433,0.10570502281189
0010,12,irregular,1,1.6237854598357,3151,244.253,63.3401752875732,0.915988372093023,0.756166961966279,0.586559940431869,80.288145891687,52.5388551484311,0.663710141988927,1.52816702352687,1.23240980586742,0.308785541854733,2.40170550346375,1.19254523515701,0.721822511224298,1.61417691684931,0.688071709288165,4.16139788594259,0.0355914567183552,0.288439750671387
0010,NaN,unmatched,0,NaN,44,24.132,7.48482063701911,0.936170212765957,0.815802195211137,0.733333333333333,10.4386407965335,6.03698986586079,0.949458325897649,1.72911351989575,1.24885111710964,0.0508100195732316,1.4008264541626,1.23592126369476,0.104530083423106,1.56220746097696,0.901394091865579,4.39504554556472,0.0192138177358872,0.0644257068634033
0010,NaN,unmatched,0,NaN,35,21.18,6.67558117812455,0.875,0.819598979511131,0.555555555555556,9.27808211345494,5.31576225488024,0.980451232572311,1.7453907207639,1.25465760955713,0.0541384348159177,1.39232695102692,1.25293207168579,0.105200881591801,1.57709294408706,0.149396258947454,4.63322820025637,0.0191247812802181,0.0768294334411621
0010,13,circular,1,0.648067203502834,24,14.142,5.52790639154137,1,0.574717566567462,0.8,6.18979878767913,5.06543316906542,1.50799339703646,1.2219683057868,1.02356794008842,0.130418901041919,1.68360984325409,0.998242974281311,0.352230085895614,1.06467424989545,2.14063912373787,3.84836806348483,0.0443819311435716,0.139518797397614
0010,NaN,unmatched,0,NaN,51,25.745,8.0582390620714,0.864406779661017,0.235196968901616,0.62962962962963,8.43517298846513,8.19854722079702,0.966928247612966,1.02886191434842,1.2366265445487,0.0691458835960016,1.4307986497879,1.23691773414612,0.15179452194599,1.5340206788196,-0.04522873939213,4.54304368587186,0.0226371268184995,0.0921719074249268
0010,NaN,unmatched,0,NaN,5507,438.283,83.7360745011165,0.690879437962615,0.863108587726006,0.449294280819124,131.904665441101,66.6142806717434,0.360259705059707,1.98012594463176,1.24655057693208,0.217220644496249,2.63329243659973,1.18725514411926,0.527579442362633,1.60107193141547,2.2744226481137,3.45462150074866,0.0262788610398373,0.171061038970947
0010,NaN,unmatched,0,NaN,21,15.457,5.17088294582641,0.91304347826087,0.710236938876326,0.583333333333333,6.64011313517654,4.674392007091,1.1045331249756,1.42052979833603,1.26613676671446,0.046921454953898,1.39800953865051,1.27234578132629,0.100606648047233,1.60530067812247,-0.341950260101371,4.48235910523168,0.01980592967345,0.0628913640975952
0010,NaN,unmatched,0,NaN,76,35.959,9.83698151873187,0.817204301075269,0.796195276306269,0.562962962962963,13.3024347570175,8.0485016118791,0.738598199840782,1.65278400856426,1.25824576199348,0.0673615259681527,1.42548811435699,1.26727664470673,0.137538876827594,1.5877155022379,-0.263219094871712,4.59269312321214,0.0205163356926213,0.0984408855438232
0010,7,circular,1,0.656308084507318,4081,240.217,72.0839134763381,0.958206151678798,0.152708774595143,0.745388127853881,72.5983043750708,71.7468157853037,0.888728241219968,1.01186796348308,1.24791320661613,0.340528682722194,3.05431151390076,1.14833402633667,0.544941998471455,1.67324007694794,2.16183566250935,3.62608216788413,0.0271396274818651,0.316807746887207
0010,NaN,unmatched,0,NaN,13,12.645,4.06842894512822,0.8125,0.839770948952599,0.541666666666667,6.30788574401864,3.42480877028051,1.0216815457837,1.84182130072681,1.18179888068101,0.0908748028587073,1.3890905380249,1.1994423866272,0.189463645678223,1.40489358983088,-0.618347815126177,4.50152917634713,0.0230578516599313,0.100517511367798
0010,NaN,unmatched,0,NaN,123,53.277,12.5143303457446,0.706896551724138,0.921185426642073,0.473076923076923,21.4976665576615,8.36525585709428,0.544547102523057,2.56987555729453,1.22770320140954,0.0794296164260054,1.42515075206757,1.22348135709763,0.174552316689137,1.5135594351229,-0.0516288020710756,4.58161208610305,0.0244464083857872,0.113816618919373
0010,NaN,unmatched,0,NaN,108,58.537,11.7264602856701,0.610169491525424,0.80523363361709,0.385714285714286,18.5599949440963,11.0052913084338,0.396070682780122,1.68646103260101,1.24470167940154,0.0767905936865344,1.45359134674072,1.25284910202026,0.166956907960516,1.55517473010485,-0.338486153741904,4.49245536067928,0.0216228618903793,0.116366863250732
0010,NaN,unmatched,0,NaN,965,214.498,35.0524772401243,0.65114709851552,0.939880146173988,0.45952380952381,67.2136154236767,22.9537508794312,0.263566787446405,2.92821926040448,1.20125459462869,0.10753550447075,1.5195494890213,1.20856994390488,0.298583924782427,1.45457532991222,-0.103583598613757,4.31164610717729,0.0209537766756666,0.157146096229553
0010,NaN,unmatched,0,NaN,15,14.142,4.37019372236832,0.833333333333333,0.895848982444502,0.535714285714286,7.25977873998564,3.22594540523606,0.942495873147785,2.25043447052831,1.24500613926369,0.048759570433522,1.37117350101471,1.24435138702393,0.113654623139953,1.55241411353829,0.0278983406498789,4.4632907116871,0.0194773853152893,0.0679095983505249
0010,NaN,unmatched,0,NaN,25,16.4,5.64189583547756,0.925925925925926,0.634176209119105,0.595238095238095,6.75046211853901,5.21938002571536,1.16805199791411,1.29334558611946,1.27709418722028,0.0474625192064678,1.3850564956665,1.27964055538177,0.0969334954749011,1.63321904480009,-0.269625439770645,4.58471508846083,0.0173467648157959,0.0662714242935181
0010,NaN,unmatched,0,NaN,10,12.364,3.56824823230554,0.769230769230769,0.829583042533661,0.416666666666667,5.89244875607704,3.29024532879736,0.822037957013666,1.79088431628617,1.3050561201496,0.0397288490782914,1.45359134674072,1.30896770954132,0.108770227989456,1.70474732873156,-0.278053544088938,4.10005308894502,0.01868518084146,0.0461684465408325
0010,NaN,unmatched,0,NaN,14,12.083,4.22200824564475,0.933333333333333,0.767303313195836,0.56,5.63871769184698,3.61602144503757,1.20500361205508,1.55937064465844,1.27445397853851,0.0497925082629772,1.39661765098572,1.27327466011047,0.0910529476491125,1.62670827042155,0.134043906875336,4.70758172559749,0.018415795934506,0.0774239301681519
0010,NaN,unmatched,0,NaN,884,199.206,33.5491245421678,0.662668665667166,0.920582914156003,0.433333333333333,61.1536428399636,23.8833826293261,0.279935062948616,2.56051011655585,1.20877698678208,0.105532037398249,1.51450455188751,1.21256911754608,0.265863857250531,1.47227763492327,0.0605133897305438,4.40508084375173,0.020355552900649,0.154354214668274
0010,NaN,unmatched,0,NaN,15,13.406,4.37019372236832,0.833333333333333,0.709862238659301,0.5,5.79078669871594,4.07868585439764,1.0488241842776,1.41976776477461,1.28433688915693,0.0479209030880859,1.39661765098572,1.29028344154358,0.103052623863452,1.65181412485907,-0.533998349667974,4.48972515862331,0.0182703434691754,0.0612578392028809
0010,10,irregular,1,5.9889819698517,135,50.647,13.1105811671049,0.784883720930233,0.835801203300033,0.5625,18.9994468409661,10.4313079581661,0.661357345031248,1.82138682101629,1.18687163479626,0.130669167773561,1.69827389717102,1.1828590631485,0.348348941097068,1.42572536949105,0.602556038139151,4.1858163956186,0.0595183052144062,0.132323741912842
0010,NaN,unmatched,0,NaN,19,19.84,4.91849075936593,0.730769230769231,0.923526426829254,0.527777777777778,10.0270575141276,3.84572544777204,0.606568885948537,2.60732536690487,1.22986488960598,0.0921178787559645,1.65322029590607,1.24193161725998,0.302091390541287,1.52104115816916,-0.219850936327068,3.90080476604429,0.0394544515107696,0.120359301567078
0010,NaN,unmatched,0,NaN,81,42.228,10.1554125038596,0.686440677966102,0.536498024462471,0.45,12.8761066961084,10.8661667318551,0.570813002267885,1.18497231027764,1.18205376283399,0.114635693003227,1.65322029590607,1.1752205491066,0.310744360575897,1.41038070699914,0.51031440632251,4.17471856908514,0.0546027931790708,0.125088572502136
0010,2,circular,1,0.620995900799164,4437,239.87,75.1622502323468,0.976882430647292,0.0665846533684208,0.758202323991798,75.2823770722862,75.1153088776545,0.969052759220406,1.00222415639539,1.32292811942959,0.448036752149366,3.52393627166748,1.15777951478958,0.589927188871932,1.95086430636138,2.17108856713369,3.3985765863108,0.0303547630612703,0.300135731697083
0010,4,circular,1,0.983773699352113,26,15.25,5.75362739175159,1,0.556149097839036,0.866666666666667,6.40853829432608,5.32602425511316,1.40489389292486,1.2032499266547,0.967497231685198,0.146386720216551,1.70757722854614,0.931214392185211,0.377175744338571,0.957446997371425,2.09535445828922,3.80351865338525,0.0478271738789888,0.138294339179993
0010,NaN,unmatched,0,NaN,17,14.787,4.65242649168128,0.80952380952381,0.824278940866835,0.607142857142857,6.68565336629415,3.78530940929824,0.977009169365999,1.76621053747192,1.26050330588111,0.0385128021000501,1.37317109107971,1.2561537027359,0.0756089323303525,1.59034953111848,0.438333586972241,4.60335800173791,0.018406090351338,0.0521601438522339
0010,1,irregular,1,2.63754550763288,5666,275.482,84.9363011937148,0.970371638979277,0.317477721417331,0.758500669344043,87.3338864442163,82.8157316615627,0.938209831483925,1.05455672119299,1.38217885390527,0.546196931001198,3.66385865211487,1.14866149425507,0.610481872317301,2.20873573250558,2.22480678199657,3.3887984488064,0.0325492598357182,0.303627133369446
0010,NaN,unmatched,0,NaN,44,23.206,7.48482063701911,0.936170212765957,0.799104572810433,0.733333333333333,9.97335813388334,5.99590362795069,1.02674350601398,1.66336198056807,1.26479328580392,0.0516890687769,1.42868065834045,1.26414585113525,0.11825297634696,1.60237039031257,-0.0299725829952918,4.4505118094126,0.0194988570490697,0.0649328231811523
0010,6,irregular,1,2.91962088773977,5737,269.932,85.4668079908547,0.983204798628963,0.211474371713294,0.77579445571332,86.5204183616082,84.5636330392803,0.989432038187751,1.02313979723907,1.47225394206456,0.645925247725739,3.833899974823,1.16535830497742,0.637112350772993,2.58473204706826,1.87275752682726,3.57132422124129,0.0395018154105708,0.506755948066711
0010,NaN,unmatched,0,NaN,13,13.952,4.06842894512822,0.764705882352941,0.775933818002144,0.433333333333333,6.07072283451923,3.82949891487524,0.839228610492103,1.58525252767097,1.30435231997417,0.0236209804332658,1.39663088321686,1.30352199077606,0.0569475479881864,1.70189206695289,0.339995578050799,4.2965483296171,0.0145781827664115,0.0295281410217285
0010,NaN,unmatched,0,NaN,128,48.05,12.7661529728458,0.815286624203822,0.837170290923019,0.579185520361991,18.0838117928281,9.89080201921151,0.696679529166299,1.82834635226777,1.27769864230347,0.0679559517037295,1.40953314304352,1.2865754365921,0.16203436830439,1.637128049761,-1.03400788558294,4.31165967111362,0.0170516587853691,0.075697660446167
0010,NaN,unmatched,0,NaN,96,38.217,11.0558127830827,0.880733944954128,0.784895986162281,0.527472527472527,14.5867548160617,9.03835503362629,0.825976920483832,1.61387274142177,1.28845100713074,0.065448155276019,1.42885148525238,1.29613816738129,0.162464840653312,1.66438564110379,-1.01428027637323,4.25192068950077,0.0174691209358658,0.0731525421142578
0010,14,circular,1,5.74770383045283,1245,220.841,39.8143596356299,0.688987271721085,0.676597066149316,0.478846153846154,54.2667578837958,39.9595146368193,0.320789249439534,1.35804346917151,1.34153175051465,0.139987954993867,2.36067843437195,1.30751472711563,0.390112847480284,1.81930159086061,2.60388429389068,2.75257818715078,0.024959402352814,0.0653806924819946
0010,NaN,unmatched,0,NaN,186,80.428,15.3890401039422,0.607843137254902,0.918269086090776,0.415178571428571,28.2168563939749,11.1726596579501,0.361333534887416,2.52552724756961,1.27850207560941,0.0728335061996323,1.40953314304352,1.29551416635513,0.170020127991504,1.63986948500519,-1.44020013138295,4.22034871389418,0.0174532419068205,0.0770752429962158
0010,NaN,unmatched,0,NaN,174,72.216,14.8843434784312,0.637362637362637,0.814292907358224,0.435,23.615542294665,13.707740358873,0.419268518040392,1.72278885333415,1.28592271745941,0.0751877584093079,1.42885148525238,1.30493927001953,0.160482235152642,1.65924694466378,-1.0406022987913,4.3967975413186,0.0190102395119617,0.0823794603347778
0010,NaN,unmatched,0,NaN,77,48.712,9.90148700673831,0.592307692307692,0.859608650020054,0.34841628959276,16.7329695756739,8.54976101345171,0.407782577954055,1.95712716991121,1.32511204144293,0.107460338803111,1.84045958518982,1.3016711473465,0.233531859101235,1.76746018919696,2.75487892395879,3.36916191321269,0.0252334968464774,0.0672513246536255
0010,NaN,unmatched,0,NaN,24,23.297,5.52790639154137,0.727272727272727,0.945452314429001,0.436363636363636,11.2391025819036,3.66125598335743,0.555675317565138,3.0697396284204,1.29549121841308,0.0348239762164107,1.37661623954773,1.29526686668396,0.0701066692452755,1.67950864151869,-0.0412850980182921,4.57558849526135,0.0178558614572221,0.0567480325698853
0010,NaN,unmatched,0,NaN,129,46.917,12.8159237384917,0.871621621621622,0.884797163061092,0.614285714285714,19.3011893692336,8.99389821778963,0.736442944204424,2.14603155404367,1.30071713885641,0.0452471234881495,1.41139018535614,1.30555319786072,0.112247518777328,1.69391071302542,-0.671071241499822,4.28085007588819,0.0171761958338572,0.0575903654098511
0010,3,circular,1,1.11350383618088,6239,295.189,89.1276697754557,0.957783236106847,0.177876369465178,0.745756633994741,90.0141619565703,88.5786919547889,0.899755499994441,1.01620559042026,1.38369918264214,0.509808407761352,3.76526069641113,1.17494404315948,0.625184719280206,2.17451782188233,2.21952639603416,3.53496461527733,0.0335104731789189,0.397908091545105
0010,NaN,unmatched,0,NaN,10,10.106,3.56824823230554,0.833333333333333,0.81836502903771,0.666666666666667,5.25578582940332,3.02049366529876,1.23041403458186,1.74004199703676,1.31156942927319,0.0289075120841303,1.38034296035767,1.31327152252197,0.0565072290480737,1.72104855876454,-0.162826076298099,4.60783619702241,0.0164289532528343,0.0424712896347046
0010,9,irregular,1,1.14935664837163,2988,207.583,61.680140723483,0.947068145800317,0.286204683418652,0.753024193548387,63.290371452831,60.6428404378305,0.871378597926491,1.04365776727946,1.18904801926729,0.199331698156892,1.87180161476135,1.14321976900101,0.350545441346509,1.45356497347437,0.75554336455851,4.48074184645087,0.0285461190059001,0.315064549446106
0010,NaN,unmatched,0,NaN,71,65.848,9.50789186287878,0.50354609929078,0.991291150358474,0.147916666666667,35.8551600251658,4.72171144984837,0.205770463286063,7.59367877643545,1.34158005219969,0.138276784404269,1.86164259910583,1.29986393451691,0.231241348088959,1.8189466416624,2.19002947536576,3.55418813415799,0.0273419506769406,0.0686372518539429
0010,NaN,unmatched,0,NaN,38,27.54,6.95579633830205,0.808510638297872,0.925582595813176,0.38,12.0545448031049,4.56319628121831,0.629601260443842,2.64168886460578,1.30138348725107,0.0660412015906384,1.75339603424072,1.2937206029892,0.210797508014091,1.6979555751525,2.90822227530457,3.32042214008137,0.02328896990949,0.059600830078125
0010,NaN,unmatched,0,NaN,22,26.316,5.29256742840123,0.611111111111111,0.95888267144054,0.244444444444444,12.3155763095397,3.49519489105249,0.399202074418223,3.52357356125317,1.27878407664683,0.0515701362929402,1.37418556213379,1.28437346220016,0.125341525536946,1.63794513677038,-0.878745162060705,4.29644574165058,0.0160094481579287,0.0643138885498047
0010,NaN,unmatched,0,NaN,37,31.113,6.8636625175777,0.616666666666667,0.840928411315622,0.342592592592593,12.3523222221237,6.68441448311589,0.480316836430358,1.84792882807078,1.28063104789833,0.0567689191055163,1.43107068538666,1.29058021306992,0.150816544767724,1.64323511826953,-0.973218963215927,4.1320996976515,0.0169743905060129,0.0610135793685913
0010,NaN,unmatched,0,NaN,17,14.233,4.65242649168128,0.894736842105263,0.827936287629495,0.607142857142857,6.57409800422925,3.68689989248134,1.0545468692556,1.78309642136901,1.29725685016609,0.0371324267037591,1.40397834777832,1.29579639434814,0.0728462523742371,1.68425202461155,0.221198272735366,4.59474372642935,0.0193659046748743,0.0560829639434814
0010,NaN,unmatched,0,NaN,20,16.747,5.04626504404032,0.833333333333333,0.810633816954335,0.571428571428571,7.51834964916627,4.40239539563952,0.896119275417383,1.70778609677201,1.29019544089282,0.0412004563180815,1.37407255172729,1.29144752025604,0.0850676578970989,1.6662992385198,-0.523050731531797,4.53834027534496,0.0168173087914308,0.0589892864227295
0010,NaN,unmatched,0,NaN,20,15.829,5.04626504404032,0.909090909090909,0.90861733789163,0.625,8.23207747870087,3.43795972218009,1.00307383368411,2.39446594606429,1.29018355746354,0.0402404010293713,1.37948834896088,1.29211980104446,0.0889298748886673,1.66619049216673,-0.275689352398205,4.46114319951602,0.016390241691359,0.0572226047515869
0010,NaN,unmatched,0,NaN,29,39.143,6.0765077797465,0.391891891891892,0.909726609086651,0.345238095238095,16.8998535994053,7.01695061692495,0.237848077974583,2.40843273980619,1.28327956957515,0.0396375679489809,1.37948834896088,1.28050011396408,0.0855499601431423,1.64837581317782,-0.00840098233973016,4.5071943617502,0.0176839655825737,0.0585253238677979
0011,11,irregular,1,3.1223121256171,1268,164.686,40.1804398025231,0.829842931937173,0.425683670038477,0.61256038647343,43.2695737891769,39.1534276070852,0.587510665489951,1.10512862943695,1.42142268925717,0.305583750629349,2.24528622627258,1.42957866191864,0.433158016832629,2.11380911464126,0.173370403858651,4.72003496606188,0.0417466399037424,0.447133660316467
0011,17,circular,1,0.728683154684089,5105,252.779,80.6218821156701,0.985901892622634,0.0781377839065106,0.787808641975309,80.7603340641033,80.5134149492641,1.00397668527685,1.00306680712767,1.56544475643171,0.806863431493471,4.27362394332886,1.13077157735825,0.619147166574794,3.1016119429632,1.72761494081424,3.11446693569057,0.0402612224243655,0.722399830818176
0011,15,circular,1,0.70720302384316,86,30.244,10.464157913909,0.966292134831461,0.488525937456716,0.781818181818182,11.2705577919358,9.83411813542003,1.18148947310157,1.14606695147805,1.42916288145127,0.1495525148205,1.97084593772888,1.3917663693428,0.288535905606086,2.06484844699358,1.54473077200531,3.95223691396444,0.0439930178761207,0.107552766799927
0011,2,circular,1,0.426174163777158,5525,263.481,83.8728113554194,0.983446066215735,0.153450200079545,0.773809523809524,84.4003069263035,83.4007019665013,1.0001002601414,1.01198557009992,1.64033583276492,0.795025781313144,4.68450593948364,1.29221606254578,0.669205044623319,3.32273818673493,1.69822935138268,3.28367173007142,0.0425876440988163,0.579410552978516
0011,16,irregular,1,4.2698439625685,184,53.07,15.3060797146516,0.897560975609756,0.770397166487917,0.613333333333333,19.7492712478349,12.5914298221132,0.820974204936935,1.56846931022488,1.47333813479968,0.200103175015565,2.26948308944702,1.40993410348892,0.287034280603606,2.21073793919157,1.89705303000246,3.90461413909191,0.0458554451722799,0.148964643478394
0011,9,irregular,1,6.02738584596968,704,126.295,29.9392825480764,0.772777167947311,0.65571250453714,0.505021520803443,35.8980763698101,27.1034306816915,0.554638750338338,1.32448459353374,1.43542617682735,0.208967061410937,2.18913412094116,1.35004884004593,0.303099477473359,2.10410593200954,1.59561844249013,4.02321785719962,0.0420174532517432,0.175202488899231
0011,3,circular,1,0.522770878313522,4740,246.196,77.6862628914834,0.978530140379851,0.136972289054009,0.769230769230769,78.1062769140756,77.3701158476711,0.982711912305411,1.00951479855418,1.51522362209495,0.694910058403841,4.21836614608765,1.15548872947693,0.640669850558374,2.77877669645009,1.68560319965237,3.39252117430667,0.0418159050663834,0.62671959400177
0011,10,irregular,1,4.58802611160534,4410,244.246,74.9332128784164,0.97029702970297,0.297631482595766,0.724971231300345,76.855587144024,73.3725562641046,0.928952554698748,1.04747048565927,1.52592944804318,0.685988526828945,4.02958631515503,1.22474896907806,0.6876298481835,2.79901549569892,1.8804756373517,3.74865582057573,0.0438154275088627,0.534995317459106
0011,4,irregular,1,4.48048737943561,208,53.351,16.2737157805129,0.896551724137931,0.580583358176388,0.679738562091503,18.2853085584025,14.8879130977866,0.9183073717785,1.22819823290888,1.44912474152035,0.277347197543865,2.45180702209473,1.3669468164444,0.392659068176939,2.17682927503515,1.40681626457001,4.19654857335067,0.0549917266825557,0.323568224906921
0011,5,circular,1,1.07517114452122,2038,203.919,50.9397898716736,0.849520633597332,0.28083779874981,0.662118258609487,52.9934251935569,50.8607177935137,0.615883626329644,1.04193231028909,1.55198320723217,0.31182134242296,3.05385327339172,1.4500116109848,0.516249178805674,2.50587419442356,1.7314606780297,3.5138462717703,0.0314250856045802,0.26628851890564
0011,1,irregular,1,10.5539433264912,36,20.874,6.77027500257308,0.9,0.729298574921035,0.642857142857143,8.58180520998964,5.87163317382126,1.03824776890796,1.46157039377932,1.44745000597661,0.231015182203439,1.95503354072571,1.45937567949295,0.372593299827989,2.14840894159852,-0.0841705912662748,4.73769019766217,0.0699973948213386,0.346043705940247
0011,19,circular,1,0.771247074276628,964,120.101,35.0343106272222,0.921606118546845,0.435496794816284,0.723723723723724,37.1635181347878,33.4542378264669,0.839834383308355,1.11087624615935,1.49744234469074,0.159996751858045,2.13520932197571,1.4520343542099,0.257624280948044,2.26792638268174,1.2194313416871,4.26172050238359,0.0379645250560533,0.212637662887573
0011,12,irregular,1,4.29786744447166,228,54.592,17.0381517835597,0.938271604938272,0.57237159558499,0.666666666666667,19.000456597689,15.5802673186161,0.961361444506393,1.21952057747984,1.48709598581801,0.310294778074148,2.5846905708313,1.37937611341476,0.378390515697867,2.30767235215169,1.88378436091811,3.96571027261271,0.0540792314226732,0.199523329734802
0011,NaN,unmatched,0,NaN,8211,443.716,102.247591178572,0.857098121085595,0.887417265163517,0.481527093596059,156.664603940912,72.2172162913903,0.524077768977765,2.16935257250547,1.3591386715643,0.416085926873155,3.60472011566162,1.19483256340027,0.611388445611974,2.02038229185176,2.2726091711198,3.36162868131616,0.0282720312232233,0.279693841934204
0011,7,circular,1,0.476331189187302,633,92.718,28.3894457821451,0.935007385524372,0.212679704397461,0.703333333333333,28.8758058009358,28.2151842359647,0.92530618276551,1.02341368957389,1.40568434349957,0.21077659103238,2.41617345809937,1.30378001928329,0.343823177301429,2.02036000936877,1.43248954113559,3.10636081282267,0.0375048203735946,0.259511828422546
0012,16,circular,1,2.25180687200253,3885,227.1,70.331611891781,0.961633663366337,0.444211238337285,0.760869565217391,74.6110043625464,66.8456463152905,0.94660025847674,1.11616849376591,1.39648491477443,0.462385407085964,3.24748754501343,1.21803259849548,0.626691160872805,2.16395513439146,1.26226455491825,4.1333729587323,0.0388203687944565,0.618958234786987
0012,3,circular,1,1.67279178082297,4880,278.954,78.82517984951,0.913344562979599,0.395919269742871,0.708478513356562,83.2889066640481,76.4829804408124,0.788069463361254,1.08898615331162,1.41920255785677,0.50720332141764,3.65650033950806,1.20435208082199,0.661379083471075,2.27137852853705,1.69241353558198,3.8448654927282,0.0379944041553295,0.524613618850708
0012,NaN,unmatched,0,NaN,149,66.749,13.7736230587866,0.650655021834061,0.94078516427059,0.398395721925134,27.7662736984848,9.41285993910645,0.4202489190422,2.94982331386104,1.15397747741243,0.15594632882183,1.52755165100098,1.14564335346222,0.322883980014632,1.35596762639032,-0.0967175316356778,4.60357284920087,0.0363567636711967,0.201720476150513
0012,NaN,unmatched,0,NaN,9,10.495,3.38513750128654,0.9,0.937614461876991,0.45,6.35959467611297,2.21108319357027,1.02680384819226,2.87623491264661,1.14202436983585,0.164002321298057,1.41822898387909,1.177754342556,0.288716243545839,1.33107159475448,-0.431417014487336,4.57899022131685,0.0349442817794657,0.331222951412201
0012,NaN,unmatched,0,NaN,24,17.326,5.52790639154137,0.857142857142857,0.839312777062779,0.571428571428571,7.93277309648315,4.31264289937052,1.00467243230963,1.83942266530833,1.22499119437318,0.100149923824656,1.41822898387909,1.2452626824379,0.171816652785143,1.51061914577431,-0.50461777433295,4.71926748743559,0.026495260409451,0.142869114875793
0012,9,irregular,1,14.7258459304993,15,19.766,4.37019372236832,0.6,0.966384518035056,0.333333333333333,11.7149242927448,3.01191964141974,0.482462475681111,3.88952086624152,1.13866094120618,0.170492120349431,1.52755165100098,1.16414070129395,0.319896904298932,1.32557620893929,-0.0133867853767789,4.64661093304453,0.0391296702110052,0.306643903255463
0012,NaN,unmatched,0,NaN,51,31.369,8.0582390620714,0.761194029850746,0.809271116646432,0.435897435897436,11.7847462518272,6.92277623148471,0.65129642106067,1.70231506230554,1.28749976898062,0.0536577398028626,1.40312099456787,1.2864054441452,0.108957182471398,1.66053179964652,-0.285612835321613,4.55727211037072,0.0192009887393054,0.0829271078109741
0012,NaN,unmatched,0,NaN,36,29.773,6.77027500257308,0.654545454545455,0.928654835382114,0.395604395604396,12.7174345740565,4.71746883143717,0.510348884619751,2.6958174030335,1.28830427513379,0.0598859250234236,1.40312099456787,1.29971444606781,0.124537116875511,1.66331020428891,-0.72962685032163,4.49415843593405,0.0193790960818843,0.0872484445571899
0012,12,irregular,1,4.55465022993782,240,83.728,17.4807748894733,0.645161290322581,0.910731443344326,0.416666666666667,30.5369306726552,12.6117242007455,0.430209177640571,2.42131291380842,1.18038822452025,0.125405520129875,1.63007628917694,1.1631863117218,0.294549559516747,1.40903621860911,0.794431940355939,4.33483086076774,0.0475229732825173,0.128362894058228
0012,NaN,unmatched,0,NaN,26,18.641,5.75362739175159,0.838709677419355,0.28347744245858,0.619047619047619,6.53781653482492,6.26962813955118,0.940253154401356,1.04277580572632,1.27404813735913,0.0661001276677289,1.38684213161469,1.2918307185173,0.122639703261266,1.62756165921604,-0.832245786616494,4.60467494876676,0.0182933507719152,0.0835283994674683
0012,17,irregular,1,3.53324089758853,2129,205.069,52.0646424240209,0.858467741935484,0.499598283638469,0.703801652892562,57.2882930924652,49.6263969765958,0.636188036871299,1.15439154527948,1.19863708515246,0.16729826599235,1.71075844764709,1.1637407541275,0.307979950947842,1.46471647046476,0.575783742535355,4.57076250607462,0.0279980061613517,0.27031397819519
0012,NaN,unmatched,0,NaN,146,66.286,13.6342573516614,0.648888888888889,0.94934918756673,0.510489510489511,28.3955523881828,8.9225368480941,0.417560197968043,3.18245280144158,1.28602912675114,0.0484752302260663,1.41948568820953,1.28759807348251,0.101958296173406,1.65621911493805,-0.0421644640187207,4.54453096237506,0.0181955970024741,0.0705612897872925
0012,NaN,unmatched,0,NaN,117,48.985,12.2052868353847,0.78,0.903104473366464,0.45,20.0649626103314,8.61631432195497,0.612730503063375,2.32871757698121,1.23569730095791,0.102165018049392,1.42646193504333,1.25517439842224,0.245335921133363,1.53737760316609,-0.979304200539242,4.40522202422883,0.022671052831098,0.127369403839111
0012,NaN,unmatched,0,NaN,370,77.269,21.704806646271,0.900243309002433,0.787648750736703,0.596774193548387,28.127250122039,17.3298889669575,0.7787552807458,1.62304849013566,1.24021452404251,0.102855283418844,1.49956142902374,1.22800248861313,0.185745657507307,1.54870690339904,0.428350230919855,4.71024906818576,0.0235407377651649,0.142860412597656
0012,1,irregular,1,2.4359824031715,3146,249.175,63.2899013092675,0.85027027027027,0.498822051071866,0.643222244939685,68.6430003671331,59.493192205046,0.636736357142595,1.15379588525947,1.22876918604854,0.255361557895263,2.40617942810059,1.1592401266098,0.456785010278674,1.57507899435517,2.06391980493678,3.90947868907762,0.025917879182376,0.23852813243866
0012,NaN,unmatched,0,NaN,37,32.585,6.8636625175777,0.660714285714286,0.952024372868218,0.316239316239316,14.3466066058597,4.39038027011129,0.437901202133318,3.26773667044928,1.25971079981315,0.0759711086612541,1.42118978500366,1.27564430236816,0.168753266707812,1.59263687757733,-0.579847979405958,4.4206767954481,0.02162711586695,0.120221972465515
0012,6,irregular,1,0.824966844254307,7783,330.553,99.5470912516974,0.961695292227851,0.395996766137299,0.742936235204276,104.002289088665,95.5003000898057,0.895106453686698,1.08902578306942,1.32752115270143,0.435728626855722,3.45912623405457,1.14226543903351,0.566082354367274,1.95216601427614,2.40002633863406,3.22043822748206,0.0252207919667913,0.269335389137268
0012,19,circular,1,1.01601424071516,6206,293.941,88.8916453589786,0.962319739494495,0.20083838972705,0.74951690821256,89.9061367116179,88.0742441373862,0.902612410575072,1.02079941295181,1.364867966766,0.546819414005326,3.93109583854675,1.13288927078247,0.606986011333136,2.16186390697,2.41967896375705,3.07627909183243,0.0287807190903874,0.290013194084167
0012,4,irregular,1,2.88003964518043,4640,265.525,76.8624192149268,0.942514726792606,0.276102284475028,0.690168079726313,78.7397330739457,75.6789824921833,0.82702189902899,1.04044386540317,1.28943456458187,0.377521320008044,3.15840697288513,1.16328990459442,0.549784177394014,1.80515677489006,2.46766937119204,3.61810906689893,0.0288777121829906,0.269112825393677
0012,NaN,unmatched,0,NaN,48,29.31,7.81764019044672,0.738461538461539,0.819571904681096,0.533333333333333,11.3560821371922,6.50676644766477,0.702133128240025,1.74527274469299,1.29190743599815,0.0418453935019606,1.42243838310242,1.2895747423172,0.0957181440021275,1.67077384745848,0.094304372731243,4.41087441286279,0.0207400728355046,0.0618216991424561
0012,NaN,unmatched,0,NaN,366,94.067,21.5871645514891,0.857142857142857,0.96292937806549,0.347248576850095,42.8860102737795,11.5686563084796,0.519776166928657,3.70708655614093,1.240658096211,0.102252730738578,1.52316224575043,1.24724102020264,0.212968360911603,1.54968507543828,-0.172166626506133,4.5752768195491,0.0239953596117282,0.131179451942444
0012,NaN,unmatched,0,NaN,225,91.891,16.9256875064327,0.626740947075209,0.956142965121799,0.288461538461538,36.6591479626621,10.7374782212995,0.334847011054725,3.41413013438696,1.2502127345403,0.0802543743784193,1.43405282497406,1.25624865293503,0.1608355054095,1.56947026074523,-0.402926658724615,4.63083804745098,0.0222301260381088,0.105084657669067
0012,NaN,unmatched,0,NaN,10,8.998,3.56824823230554,1,0.773102185456486,0.666666666666667,4.71284661933683,2.98927138434637,1.55209352224714,1.57658707202569,1.27673993504566,0.0453007406558985,1.42243838310242,1.27080464363098,0.0901769687299542,1.63211344987548,0.585936789837422,4.53105244542316,0.021948422666332,0.0597031116485596
0012,11,circular,1,5.69471149228909,544,128.28,26.3180985699182,0.686868686868687,0.677179108462366,0.457527333894029,32.7191719796518,24.0753629343684,0.415423309460559,1.35903130801588,1.23243222082393,0.124125724905945,2.0471715927124,1.23123133182526,0.4439882682659,1.53429269649563,0.647934601382373,3.57085531556926,0.0385090960629784,0.128300547599792
0012,NaN,unmatched,0,NaN,690,134.723,29.6400959152845,0.711340206185567,0.634007013477693,0.45484508899143,36.068082256824,27.8924325264303,0.477722245018526,1.29311354334717,1.23783120864426,0.111963349907869,1.53298938274384,1.24423515796661,0.256395494848515,1.54475925758574,-0.112318219572626,4.51732661348431,0.0267864413032197,0.164722323417664
0012,2,circular,1,1.07562699310947,6152,303.808,88.5040658908432,0.94923622897701,0.293721531390608,0.71953216374269,90.7169008921666,86.715471868431,0.837582855946535,1.04614434930143,1.31610189203873,0.451824079853025,3.96284890174866,1.15637880563736,0.623994173749663,1.93626126263317,2.76611266082063,3.17909218638472,0.0281144003882325,0.28352415561676
0012,NaN,unmatched,0,NaN,588,120.175,27.3617406665635,0.796747967479675,0.75742255919283,0.494949494949495,35.8420928207669,23.4021987624308,0.511633447754387,1.53156945570032,1.24963028104518,0.101492155851254,1.53590536117554,1.25457698106766,0.232874902091616,1.57187385851624,-0.14394602711296,4.47324673583711,0.0259638196139916,0.138207197189331
0012,NaN,unmatched,0,NaN,14,14.043,4.22200824564475,0.875,0.847704385715435,0.466666666666667,6.57049546163933,3.48544362739285,0.892109384651306,1.88512458213365,1.29161296019187,0.0582735823247574,1.43725323677063,1.29155135154724,0.108349160091317,1.67165462500888,-0.0712280376239071,4.66496104741325,0.025059864681167,0.0883612632751465
0012,NaN,unmatched,0,NaN,9,8.791,3.38513750128654,0.9,0.822473071247957,0.75,4.84830067916119,2.75773306096807,1.46344300571351,1.75807468379817,1.25142595063949,0.0990253571817597,1.64961719512939,1.27077567577362,0.236089198384794,1.57585516676746,-0.0411286598547266,4.15872837069077,0.0349525255250289,0.14325749874115
0012,5,circular,1,6.73860650963729,1141,493.056,38.1151717894964,0.285107446276862,0.23333967294546,0.229577464788732,88.7279913673811,86.2786807606399,0.0589797615275553,1.02838836413756,1.18351858329188,0.147927462513913,2.06540632247925,1.17004346847534,0.447541133239467,1.42259731291073,0.531945669562896,3.85179362015738,0.0353127228963928,0.213073372840881
0012,NaN,unmatched,0,NaN,13,13.77,4.06842894512822,0.866666666666667,0.937517852464853,0.464285714285714,7.45538539683068,2.59400571811083,0.861559619554731,2.87408209811515,1.28752447397989,0.116344867092087,1.70856928825378,1.28954946994781,0.2683173679596,1.67123451010928,0.588514247745927,4.24871134551364,0.0426283275070708,0.123608827590942
0012,5,circular,1,4.56203398415027,394,95.811,22.3976869481126,0.768031189083821,0.530760102987973,0.561253561253561,26.3504011384256,22.3325473566822,0.53935578324566,1.17991023225307,1.27913325211717,0.138702486405581,2.06540632247925,1.28568351268768,0.353891190484158,1.65541135798893,0.961917510416722,3.87634224017613,0.0455863197436886,0.162123560905457
0012,NaN,unmatched,0,NaN,191,121.912,15.5945103496203,0.304140127388535,0.959388662373003,0.146697388632873,53.5604360670625,15.1087330078227,0.161491741966814,3.54499851439105,1.09784368212414,0.166599591084993,1.74688589572906,1.04748791456223,0.370576391703219,1.23301022058523,0.762142985503993,4.32793426479983,0.0414232041690464,0.247927606105804
0012,NaN,unmatched,0,NaN,649,208.278,28.7459991047993,0.349676724137931,0.928945789327979,0.198107448107448,87.0902416921737,32.2421813736961,0.188004291759016,2.70112746661812,1.17490983524364,0.191634350969226,2.01120638847351,1.15785378217697,0.429710114008793,1.41713340751647,0.826690743649148,4.22624658231729,0.0400276981523778,0.268038272857666
0012,NaN,unmatched,0,NaN,11143,928.957,119.112166662285,0.627845391029975,0.813229401562026,0.362138446538837,193.116022824054,112.382564989356,0.162263474543868,1.71838062997001,1.30748975271186,0.426816996089239,3.94682312011719,1.18856477737427,0.742636376373875,1.89170022322193,3.3482484399473,2.91562885803805,0.0312015689989905,0.174592852592468
0012,NaN,unmatched,0,NaN,20,16.218,5.04626504404032,0.833333333333333,0.842176888306842,0.476190476190476,7.30441548093506,3.93855064059647,0.955532069774806,1.85459478561607,1.24191659264415,0.0686578828237185,1.39892089366913,1.24052739143372,0.127548466332178,1.54706401299448,0.0963077177408037,4.74210278374223,0.0234598024159386,0.103614568710327
0012,14,circular,1,0.763274291570841,15,10.751,4.37019372236832,1,0.475270820628804,0.9375,4.76095228569523,4.18887415264134,1.63081012583556,1.1365708570388,1.03479506427215,0.119547612296047,1.74688589572906,1.02445554733276,0.363969435103418,1.08506764478727,2.5986480938938,3.59615498023825,0.0553168006288872,0.111095368862152
0012,10,irregular,1,3.92936731455998,1296,156.324,40.6216500154385,0.834513844172569,0.506390152450888,0.58695652173913,44.7295362993959,38.5704794685562,0.666443823241243,1.15968318039346,1.28318307002732,0.210335143726682,2.3615825176239,1.23597186803818,0.402144651624166,1.69079324100033,2.36463980028387,3.75724933719557,0.0268154611681187,0.157281160354614
0012,NaN,unmatched,0,NaN,182,76.277,15.2226672151039,0.610738255033557,0.897462756114191,0.304347826086957,29.4339906895891,12.9830460696337,0.393091854368447,2.26710977776109,1.25106268901193,0.0932077271091288,1.45858061313629,1.26153373718262,0.207455309060399,1.57384114007672,-0.728941404730269,4.48248501627126,0.0255984160020232,0.112754583358765
0012,NaN,unmatched,0,NaN,9,8.328,3.38513750128654,1,0.760175561368687,0.75,4.4645049379061,2.90066796992654,1.63068824464419,1.53912994668575,1.25170348433481,0.0963140896258019,1.42707169055939,1.28144472837448,0.168882995018662,1.57602121147688,-0.636321676167388,4.61507418665046,0.0278880251119894,0.152745842933655
0012,NaN,unmatched,0,NaN,22,15.184,5.29256742840123,0.88,0.705513254010072,0.611111111111111,6.50963456511344,4.61335669903565,1.19911311965176,1.41104080819811,1.25107613734945,0.0644366843157894,1.42662298679352,1.25448554754257,0.132873060914767,1.56933744559135,-0.149654183134052,4.58433358125847,0.0218301664023721,0.0866039991378784
0012,15,circular,1,6.57517935988516,3762,269.091,69.2092997168277,0.802303262955854,0.718293401457198,0.630784708249497,88.1537987520832,61.3321519343824,0.652875407616698,1.43731788257481,1.43205874709,0.495772139994928,3.71899008750916,1.24226140975952,0.659164686899387,2.29656924033121,1.53089109472604,3.86230791223759,0.0413357292244562,0.515883922576904
0012,NaN,unmatched,0,NaN,1005,126.817,35.7715772990071,0.986261040235525,0.817421528608917,0.66468253968254,48.5845558506782,27.9866459904856,0.785273560359436,1.73599065308487,1.72324681713785,0.604087297046465,3.71899008750916,1.65359616279602,0.659164686899387,3.33444396488722,0.58877965393237,4.45277244253758,0.056733766858084,0.840059876441956
0012,20,circular,1,1.44342016667965,1858,175.66,48.6382470296569,0.911678115799804,0.309511959837312,0.728627450980392,50.2458729572803,47.7785769932249,0.756675751669754,1.05164021449206,1.15782664751087,0.154231426550673,1.76764905452728,1.12420523166656,0.315831262721005,1.36434626681936,0.496766276232011,4.29266506295456,0.0296866714597933,0.270967602729797
0012,NaN,unmatched,0,NaN,592,140.627,27.4546500703108,0.721951219512195,0.900568982996866,0.587301587301587,46.6085170404653,20.2613344061015,0.376178652688626,2.30036759209845,1.20706366780699,0.152181906341831,1.9102977514267,1.20669943094254,0.380799665776413,1.48015644211546,0.248048663862172,4.13098047233088,0.0319665331457059,0.243430376052856
0012,NaN,unmatched,0,NaN,180,64.88,15.138795132121,0.717131474103586,0.894337824549128,0.46875,24.720779623581,11.0598860524737,0.537354248273739,2.23517489296844,1.24566911078162,0.114659908509303,1.55240595340729,1.25738978385925,0.247965411802999,1.56483012836761,-0.523397994537237,4.47534426227669,0.0249674081019404,0.143659949302673
0012,NaN,unmatched,0,NaN,12,14.233,3.90882009522336,0.8,0.941322081972192,0.428571428571429,7.72976999451869,2.60887166939925,0.744386025356893,2.96287858279309,1.22795250147213,0.088303810657835,1.40749514102936,1.23564571142197,0.169538407538088,1.51565287557216,-0.369150899187712,4.68324400763039,0.0253390279545698,0.125116467475891
0012,NaN,unmatched,0,NaN,9,11.421,3.38513750128654,0.75,0.948721138928645,0.5,7.03389879064773,2.22351543492377,0.867049935756929,3.16341352084605,1.26254045544659,0.073799032340886,1.40749514102936,1.27896022796631,0.144238769172324,1.59944559129338,-0.809192919656093,4.54129184423283,0.0222863816043667,0.0907657146453857
0012,NaN,unmatched,0,NaN,20,18.525,5.04626504404032,0.714285714285714,0.940186260980312,0.5,9.86203318862297,3.35960831841537,0.732357993919829,2.93547111863166,1.23977951066835,0.0768934553336248,1.40003669261932,1.24386942386627,0.135533487907745,1.54295739196979,-0.170351378073903,4.73935029508913,0.0224886656430582,0.130711674690247
0012,NaN,unmatched,0,NaN,39,22.379,7.04672563994593,0.886363636363636,0.805428324049638,0.65,9.46728725222632,5.61119666097346,0.978572751223245,1.68721358815891,1.09579742420942,0.206050157291859,1.60685110092163,1.13634437322617,0.487441053187194,1.24317423059924,-0.465409163100982,4.43990489959868,0.0507131649153377,0.349053561687469
0012,NaN,unmatched,0,NaN,13,15.548,4.06842894512822,0.8125,0.963648792261256,0.40625,8.6879232869586,2.32117191490459,0.675778160627569,3.74290384575661,1.09535332928811,0.178398802695361,1.41114914417267,1.15070897340775,0.443827663167778,1.23157768846901,-0.751850765842712,4.44387156768685,0.045938584676135,0.27982360124588
0012,NaN,unmatched,0,NaN,23,19.187,5.41151637980601,0.851851851851852,0.83394820646675,0.469387755102041,8.17739980815102,4.51263856239239,0.785097417751027,1.81211051917611,1.04920402455395,0.207649396482291,1.48910927772522,1.11816155910492,0.531134556271441,1.14388820985034,-0.522586413409624,4.45052410092876,0.0517465655342667,0.315137147903442
0012,NaN,unmatched,0,NaN,11,12.918,3.74241031850956,0.733333333333333,0.933073629300359,0.44,7.34016914972438,2.64015183311857,0.82834639929023,2.78020720537655,1.07573048653603,0.255094451058563,1.4566262960434,1.16172289848328,0.554258668774065,1.22216514153757,-0.681512224524887,4.50421112741897,0.0521778339052799,0.448298096656799
0012,NaN,unmatched,0,NaN,26,18.062,5.75362739175159,0.838709677419355,0.617538630981057,0.619047619047619,7.08684601772112,5.57409177558894,1.00150134322254,1.27139026464492,1.11391492735626,0.208903787186364,1.4566262960434,1.19710600376129,0.446463077424178,1.28438509131711,-0.601745198158104,4.5179675936589,0.0506794447219665,0.356001377105713
0013,14,circular,1,1.14367995765741,4895,276.516,78.9462321550473,0.939178818112049,0.487364891112462,0.760329294812053,85.0345075120366,74.2519967392769,0.804492553211021,1.145215095166,1.36105716044852,0.421202553997002,3.33721852302551,1.19366276264191,0.55764927791858,2.02987684567492,2.0493212153871,3.67454903361055,0.0278263431313307,0.425575613975525
0013,2,irregular,1,2.86874688119417,764,112.417,31.1890206992407,0.883236994219653,0.782852812519813,0.624183006535948,40.2972674012534,25.0732393670942,0.75969495063981,1.60718233536824,1.35994415282602,0.238355173497396,2.62640404701233,1.27138495445251,0.406058697670251,1.90624696969876,2.5864361877576,3.27592495098539,0.0382586451348445,0.142907500267029
0013,20,irregular,1,14.4765879585941,25,17.897,5.64189583547756,0.833333333333333,0.648116119319215,0.510204081632653,6.95827099240347,5.29901231013319,0.980820188570426,1.3131260289955,1.15180275608646,0.162737722891931,1.49542331695557,1.19385063648224,0.376131659975846,1.35309682675703,-0.766706895751106,4.37242413140347,0.045394662485877,0.150115132331848
0013,8,irregular,1,9.39124880338283,27,20.047,5.86323014283504,0.84375,0.825833854553023,0.482142857142857,8.59235347142664,4.84534418933746,0.844257344538727,1.7733215919593,1.21921987461035,0.116902439311201,1.58642995357513,1.213682949543,0.284304051885427,1.50014520600368,0.165694991523344,4.39467325419303,0.0704224055662135,0.142499446868896
0013,8,irregular,1,8.33986207996737,23,21.916,5.41151637980601,0.741935483870968,0.973540854048711,0.365079365079365,12.7689075074686,2.91786176159686,0.601748638761838,4.37611804490715,1.21463267868658,0.121985922010016,1.68341016769409,1.21488153934479,0.319948280604918,1.49019410474876,0.242199753146964,4.21431859443568,0.0655089696993736,0.149580836296082
0013,NaN,unmatched,0,NaN,9,8.055,3.38513750128654,0.9,0.834965721446866,0.75,4.76095228569523,2.61996136056702,1.74309591035918,1.81718416055756,1.18173114609891,0.106572541268157,1.68341016769409,1.1794952750206,0.310707812828013,1.40782563265725,0.571889897662314,3.95360926216954,0.0659119323851491,0.113946080207825
0013,12,circular,1,1.02471809765975,3524,218.342,66.984297829019,0.965479452054795,0.27766801212898,0.751385927505331,68.4123966278245,65.7222222472735,0.928904775433657,1.04093249267241,1.2625239434149,0.36800261031218,2.92327260971069,1.13927131891251,0.555305793674209,1.72938330075355,1.54342519184379,3.89151927190478,0.0319131665722518,0.417493164539337
0013,NaN,unmatched,0,NaN,823,118.498,32.3709151139883,0.929943502824859,0.703571209198441,0.530625402965828,40.3216333991045,28.6535511722874,0.736525280895486,1.40721243090113,1.71394133452489,0.624019222834797,3.7644829750061,1.5584157705307,0.594237360050283,3.32692313631268,1.09273565052979,4.26395393627957,0.0412399319744112,0.689075946807861
0013,15,circular,1,9.64720277050363,4328,331.104,74.2332859949887,0.731451749197228,0.539493498841442,0.620768789443488,86.6285239143083,72.9403305105535,0.496098896836387,1.18766289250327,1.39979214228475,0.493003497401019,3.7644829750061,1.20773375034332,0.623852889148074,2.20245868680547,2.07137419699858,3.60080643574801,0.03054120146785,0.439493298530579
0013,NaN,unmatched,0,NaN,979,127.281,35.3058283332331,0.941346153846154,0.739646235778278,0.57051282051282,44.738966252627,30.1091396776926,0.759390917098051,1.48589321154777,1.67474646205447,0.624613404504959,3.7644829750061,1.51460367441177,0.594110607485895,3.19485656218002,1.17867519069107,4.18498518002735,0.0397137147925612,0.679545998573303
0013,17,circular,1,0.6547857719913,4369,262.92,74.5840704906076,0.933148227253311,0.134329082579554,0.709023044466082,75.2670469541939,74.5848849824249,0.79422702662121,1.00914611548881,1.29045087315971,0.376488933725724,3.47225475311279,1.1700285077095,0.61197355091046,1.80699976570415,2.45905258611551,3.4378956379064,0.0271765648341817,0.362433552742004
0013,9,irregular,1,1.19885516936328,115,56.015,12.1005184865998,0.709876543209877,0.906386384199383,0.342261904761905,22.825866404502,9.64277969910871,0.46057358208047,2.36714589742331,1.18580958239108,0.136788535802978,1.60201108455658,1.16458284854889,0.299696958208589,1.42484279231822,0.669403205093638,4.492462901431,0.0550508457400898,0.150928616523743
0013,7,circular,1,13.6707513480062,149,115.089,13.7736230587866,0.258680555555556,0.938854093478241,0.151422764227642,55.6471162747835,19.1601507338776,0.141360638906879,2.90431516159173,1.24740040470177,0.136354807242794,1.82276320457458,1.26299154758453,0.322437309737612,1.57459555369953,-0.202857804301662,4.22963046196293,0.0365551139483915,0.189023613929749
0013,NaN,unmatched,0,NaN,98,85.498,11.1703838512401,0.361623616236162,0.965199095841619,0.175,42.4001552786929,11.0883260711905,0.168470563450774,3.82385537785152,1.27139220458283,0.123834806970641,1.82276320457458,1.28059124946594,0.315986203375862,1.63176721171009,-0.227152723730978,4.14162454621841,0.0375229219696181,0.158965229988098
0013,7,circular,1,0.823952242553253,40,19.286,7.13649646461108,0.975609756097561,0.318286033948992,0.816326530612245,7.40690704543073,7.02170881531094,1.35140502825916,1.05485818911771,1.26191298134206,0.103029064423431,1.82276320457458,1.25528204441071,0.27062379784026,1.60302479956935,1.69724192863524,3.80029195102599,0.0486012378660739,0.0912474393844604
0013,18,irregular,1,3.71937495139603,44,30.889,7.48482063701911,0.709677419354839,0.944843474269959,0.483516483516484,15.2849534556868,5.0061619942413,0.57950187187459,3.05322789659411,1.17787691024284,0.154183982791396,1.5214763879776,1.17233717441559,0.319063689978818,1.41114003531169,0.00303498223299796,4.7058107104496,0.059662443988158,0.230994462966919
0013,NaN,unmatched,0,NaN,59,40.152,8.66724484131922,0.702380952380952,0.965521969982484,0.517543859649123,18.9820540081127,4.94143830807979,0.459883163647887,3.8414026088467,1.30712360355276,0.0994477915229457,1.57475125789642,1.31258541345596,0.201608521633504,1.71845222488673,-0.338045805381449,4.54240780882786,0.0382605085280176,0.139542698860168
0013,16,circular,1,0.820169092819751,4831,252.292,78.4284402536196,0.974188344424279,0.202395594868531,0.755315822388993,79.3295846278976,77.6877673433744,0.953761840103541,1.02113353672872,1.4097565484609,0.575405635751343,3.98277902603149,1.17134428024292,0.633458539184239,2.31848827570378,2.06797921950909,3.42178069450922,0.03506057999762,0.339553475379944
0013,6,irregular,1,3.39436160349411,577,91.411,27.1045977153727,0.921725239616613,0.630181347018674,0.68936678614098,31.0257481451472,24.0898795596737,0.867738281168827,1.28791628319653,1.35656919674865,0.254506823285606,2.64635443687439,1.27857255935669,0.43527552459362,1.9050306164298,2.56504499377994,3.5736018310691,0.0398866419691353,0.172309756278992
0013,19,circular,1,0.632005922996769,2880,191.927,60.5551805284838,0.975940359200271,0.201796151864889,0.761501850872554,61.2493786752233,59.9893285007175,0.982494667539084,1.0210045720797,1.22075177961751,0.235706023398936,2.39582848548889,1.16802287101746,0.491938642725273,1.54578742924495,0.827700564749856,4.1094167898901,0.0354449435415056,0.328598022460938
0013,5,circular,1,1.30145763268429,6036,396.864,87.6656939288194,0.815785917015813,0.345500469379003,0.604143729356421,93.1084306814216,87.3746810267719,0.481588030650036,1.06562255320729,1.54733709655055,0.599794962227144,3.61259317398071,1.25606143474579,0.620816058411494,2.75399127140876,1.54179938041039,3.872756214547,0.0404967953981757,0.601364612579346
0013,NaN,unmatched,0,NaN,16,13.952,4.51351666838205,1,0.912629634058583,0.571428571428571,7.32761988017468,2.99543879228661,1.0328967513749,2.44625925892515,0.998936909814308,0.228800075119333,1.64878416061401,0.987377226352692,0.544132539474605,1.05014363793808,0.0732694676484505,4.54610392943089,0.0622950998154686,0.296773970127106
0013,1,circular,1,0.736711912204817,4800,251.149,78.1764019044672,0.97799511002445,0.350273867362581,0.781504395962227,81.0013546039633,75.869702388486,0.956286874379285,1.06763770060941,1.45205480602398,0.500130366232747,3.61259317398071,1.20808362960815,0.620816058411494,2.35857798755337,1.3221735568418,3.82399560915358,0.0424870391165949,0.637491226196289
0013,11,irregular,1,4.45641861384214,5008,264.118,79.8522613332503,0.960306807286673,0.247119646974934,0.76329827770157,81.2552748191955,78.7351403681542,0.902148817654606,1.03200774697622,1.39298183610675,0.526368919615722,3.45184731483459,1.1743643283844,0.585960802723238,2.21744829520386,2.08036452111465,3.62590721189884,0.0334801440496502,0.377807259559631
0013,4,irregular,1,3.16574885489504,1370,192.747,41.7652747660921,0.814506539833531,0.400790480328231,0.647754137115839,45.8000425778075,41.9606130601712,0.463399090131379,1.09150079652389,1.26212268777146,0.184211665681286,2.04115438461304,1.24174058437347,0.371973170695455,1.62688231375416,0.93151069465669,4.2872662901278,0.0304309556441305,0.260769486427307
0013,NaN,unmatched,0,NaN,357,98.448,21.3200965633473,0.875,0.969538868823501,0.661111111111111,45.7652578332361,11.2096281146476,0.462875596415294,4.0826740517319,1.23025822826787,0.167568512086424,1.5867258310318,1.21238815784454,0.240173848984912,1.54160225815363,0.257807615207503,4.85605320347816,0.0239431527088358,0.291325211524963
0014,11,irregular,1,2.80493576276365,4208,279.492,73.1969398557451,0.905530449752528,0.379652792551516,0.738245614035088,77.8955044658058,72.0633939595826,0.676934786489608,1.08093027799238,1.7236716774377,0.858260869504765,4.51433753967285,1.26868736743927,0.656276329324776,3.70760159316262,1.36244250212547,3.85446711972868,0.0494987513487894,0.903209447860718
0014,NaN,unmatched,0,NaN,238,58.637,17.407785949022,0.944444444444444,0.630923317723334,0.569377990430622,20.2766903906822,15.7315728172796,0.869847932655155,1.28891692052623,2.29486111040209,0.822525911007708,4.32091093063354,2.02119016647339,0.620740620442196,5.94246261659347,0.547572724420016,4.67747853068458,0.0761744431739899,1.46191656589508
0014,14,irregular,1,10.5629532484615,1310,321.2,40.84046772018,0.49082053203447,0.701425577731237,0.383489461358314,76.2380629840238,54.338122987768,0.159562226031376,1.40303085186041,1.42907979492914,0.212856988814104,2.26398277282715,1.3858757019043,0.367689260284289,2.08757284290481,0.781797420935191,4.32793647247913,0.0352783006550939,0.290695190429688
0014,1,irregular,1,8.21998181882602,1165,139.511,38.5139464300461,0.902401239349342,0.66378335847017,0.666475972540046,45.3844549317822,33.9441638247211,0.752174984889024,1.33703263883995,1.50612691431824,0.304132006870469,2.53351426124573,1.4609922170639,0.452948896043074,2.3608985012553,0.914932439111968,4.40310784873068,0.0398176683142526,0.385945320129395
0014,4,circular,1,0.780217585705508,2155,185.105,52.3815923670164,0.918584825234442,0.332112688468784,0.629748684979544,54.3762734381974,51.2898607241577,0.790352513226259,1.06017588409216,1.34754200981227,0.418026670419162,3.19379711151123,1.2071071267128,0.620129961377441,1.99059913239072,0.951689656321489,4.06585773807683,0.0394443158804375,0.65172004699707
0014,17,irregular,1,0.58920033194806,3631,222.131,67.9936231343306,0.964152947424323,0.292884901118134,0.730583501006036,69.6156971833529,66.562889127339,0.92473600937615,1.045863514881,1.42876030342445,0.532835898277537,3.20828342437744,1.17392998933792,0.581792568278567,2.32525117909649,1.38679933687572,4.04477577148213,0.0409092060127972,0.597655177116394
0014,2,irregular,1,3.01231443935949,2572,262.895,57.2256245842615,0.856191744340879,0.346800175866636,0.726553672316384,60.3117532086252,56.5687477529065,0.467644871121154,1.06616737340675,1.61638035921686,0.557737021324827,3.43119883537292,1.49676918983459,0.641704323778654,2.92371912391071,1.16604307906868,4.34928250311684,0.0466190213033172,0.585200905799866
0014,NaN,unmatched,0,NaN,127,63.101,12.716187407449,0.835526315789474,0.981308090840288,0.585253456221198,31.3945768870356,6.04167656035747,0.400812356082958,5.19633525121677,1.48433066247183,0.169958612883983,2.00294995307922,1.45268833637238,0.252460471316656,2.23209580360913,0.693317479702492,4.61895958676908,0.0337237016753234,0.226921796798706
0014,13,irregular,1,4.92161246249218,186,53.649,15.3890401039422,0.845454545454545,0.379657537996142,0.683823529411765,16.6852192466474,15.4359485187576,0.812081366764627,1.0809325534075,1.3889565352384,0.281485822000653,2.38201093673706,1.31025183200836,0.381112779098674,2.00837503958267,1.56152835851738,4.11031017446951,0.0594206731440652,0.22749137878418
0014,5,irregular,1,2.79035329206019,243,54.617,17.5896904285051,0.968127490039841,0.612590251484228,0.675,19.936415817636,15.7577559738389,1.02367112814007,1.26518114957069,1.49780669329982,0.307320771988275,2.59920454025269,1.40054601430893,0.379248945749827,2.33780881182546,1.72048204418919,4.08534760269297,0.05553941415556,0.229828476905823
0014,15,circular,1,0.64520186446132,5220,256.302,81.5249067679169,0.983236014315314,0.098739130773889,0.766970320305613,81.7500567799683,81.3505730582985,0.998565084932438,1.00491064422353,1.66733145865562,0.87294194758194,4.56652116775513,1.24340736865997,0.658730995372459,3.54198430965508,1.68217583599168,3.37446345554543,0.0436828132706307,0.60136353969574
0014,8,circular,1,0.972245843069733,879,103.204,33.4541112544065,0.976666666666667,0.2025319670803,0.76038062283737,33.8325891206217,33.131430764945,1.03706428711027,1.02116293620554,1.6385007697675,0.276806931861598,2.78237318992615,1.53229427337646,0.373464974352245,2.76128556614488,1.3503538168205,3.81004865187264,0.0427526401020926,0.231478691101074
0014,6,circular,1,6.47335782434316,239,62.49,17.444318593505,0.875457875457875,0.780588933887777,0.603535353535353,22.790347982598,14.2449869340438,0.769106914192356,1.59988549572705,1.51975083089711,0.188101454089884,2.39443349838257,1.54137885570526,0.368785434832074,2.34500257577187,0.206890759334246,4.10606990760672,0.061050038211107,0.280105113983154
0014,9,circular,1,0.91258558106597,4416,240.059,74.9841705265217,0.971403431588209,0.11481667477911,0.764675324675325,75.275814605436,74.7779928885322,0.962948239355013,1.00665732921778,1.55548092783616,0.77060121852631,4.34119510650635,1.15042757987976,0.672381087177689,3.01331307196368,1.67961807999123,3.54086476733135,0.0429062606299442,0.650641083717346
0014,NaN,unmatched,0,NaN,77,35.868,9.90148700673831,0.802083333333333,0.592279698864102,0.534722222222222,12.0153272573699,9.68113889960478,0.752118492706576,1.24110679352616,1.34401117567904,0.230081760818071,1.92224645614624,1.32566905021667,0.362839342303156,1.85925196012003,0.215086875099871,4.75110827392123,0.0561613017379114,0.333178281784058
0014,20,circular,1,0.98892351513855,10,8.146,3.56824823230554,1,0.657535505639407,0.833333333333333,4.25832517937902,3.20832251080426,1.89374305228969,1.32727466301745,1.32064473769371,0.114357476514064,1.88197696208954,1.30124574899673,0.354716001022269,1.75715646426965,1.60321289049236,3.5378988606322,0.0486188306710739,0.103045225143433
0014,18,circular,1,1.23592281106604,3035,212.818,62.1633494775758,0.929555895865237,0.427576620002189,0.707789179104478,66.3397871140772,59.9697818124523,0.842077075567942,1.10622025141839,1.40252270112219,0.435233197267673,3.31965208053589,1.24292296171188,0.670231327008202,2.15648315602905,1.08014999613698,4.08172347931681,0.0446938361175951,0.588211059570312
0014,NaN,unmatched,0,NaN,26,22.578,5.75362739175159,0.702702702702703,0.879525071929947,0.371428571428571,10.1769249391273,4.84271566745703,0.640932471241729,2.10149131973948,1.51675925048781,0.106110422861416,1.87750232219696,1.51379650831223,0.20029653734915,2.31180414525938,-0.00276057081335431,4.38393314745604,0.0437300698806801,0.124521493911743
0014,NaN,unmatched,0,NaN,13,12.273,4.06842894512822,0.866666666666667,0.912195483357605,0.541666666666667,6.69035271087104,2.74140743532014,1.08455541710497,2.44048098238624,1.52042027601065,0.106275061129163,1.77289128303528,1.5347353219986,0.17759902219965,2.32295410434054,-0.427033527250127,4.58691535023566,0.0460064118130707,0.150606513023376
0014,16,circular,1,0.674380776675823,41,19.468,7.22515199384357,1,0.133225809218489,0.836734693877551,7.32297864670945,7.25769948840332,1.35941183199828,1.00899446972287,1.3454781742907,0.15077254238186,1.98332142829895,1.30211663246155,0.252046597973817,1.83301269409404,2.36420002438217,3.72801472654534,0.0458427624694556,0.0913156270980835
0014,NaN,unmatched,0,NaN,10,13.77,3.56824823230554,0.714285714285714,0.771764496434116,0.333333333333333,6.04428104354301,3.84360941477322,0.662738168888255,1.57255339741633,1.50838101625443,0.108790201695025,1.77792692184448,1.52256280183792,0.187062626626016,2.28703039001544,-0.347301999212998,4.58264324899357,0.0447799191826856,0.147318482398987
0014,NaN,unmatched,0,NaN,12,15.176,3.90882009522336,0.631578947368421,0.923236200494432,0.342857142857143,7.79752346430325,2.99606501955782,0.654751458186301,2.60258819932221,1.5086067393974,0.10311407996631,1.77814030647278,1.51684606075287,0.173809822565806,2.28651105577072,-0.15769974017069,4.61818897657952,0.0442791078497444,0.129901051521301
0014,NaN,unmatched,0,NaN,29,45.568,6.0765077797465,0.783783783783784,0.997213322973597,0.604166666666667,25.4261345300546,1.89686265525188,0.17550436674932,13.4043097214534,1.44224064323035,0.183034242214402,1.84930908679962,1.45538502931595,0.267344732260844,2.11349615693383,-0.0705299147000603,4.78350254962786,0.0537251173810228,0.308597207069397
0015,2,circular,1,0.807181263195592,4624,250.034,76.7297833624949,0.968985750209556,0.172648396470217,0.760151241163899,77.3703074238807,76.2084776133629,0.929457533892284,1.01524541424922,1.60143861079203,0.711700294440753,3.90687704086304,1.22343730926514,0.5943571888548,3.07109449319152,1.59806306550557,3.64006090221559,0.0374815979376876,0.580974221229553
0015,13,circular,1,0.694059387131731,1575,142.637,44.7811599108138,0.963302752293578,0.174166725097025,0.713315217391304,45.2706884511617,44.5787793220911,0.972805528699816,1.01552104251378,1.61733972258719,0.421019577402,3.3490731716156,1.47546255588531,0.542033542503715,2.79301952856844,1.72906333084104,3.82439506186411,0.0377623309734282,0.285699963569641
0015,7,irregular,1,2.16788741756066,145,45.188,13.5874844613195,0.935483870967742,0.800122394896165,0.732323232323232,17.8550772598347,10.710131909467,0.892342599183736,1.66712020083078,1.39708781434644,0.269168806227534,2.31405711174011,1.30238091945648,0.3515039877675,2.02424470312729,1.92046910702341,3.96762792389592,0.0521073419302261,0.181020975112915
0015,8,circular,1,1.05207816066169,5214,258.527,81.4780399018603,0.980075187969925,0.160360145765914,0.785004516711834,82.1043000087721,81.0417530839232,0.980322741952846,1.01311110488625,1.61664203207948,0.816726698463767,4.62831020355225,1.21188306808472,0.693662884916815,3.28054064439165,1.71252607548063,3.48846726365956,0.0463347411903577,0.661933779716492
0015,5,irregular,1,1.7175820172705,170,55.03,14.7122643602193,0.80952380952381,0.554663282704921,0.596491228070175,17.2321565513895,14.3384449766526,0.705439477444616,1.20181488156134,1.34150879627619,0.23824099307774,2.01493144035339,1.30542588233948,0.383103886199459,1.856363039752,0.551042092937126,4.66490500668939,0.0599030461730938,0.313674688339233
0015,9,irregular,1,3.69466766874119,417,76.508,23.0421546335095,0.918502202643172,0.607331109160706,0.671497584541063,26.1547831296449,20.7786365329117,0.895225038821967,1.25873432976306,1.50929492237189,0.339491940850586,2.68741726875305,1.4300422668457,0.447285198711703,2.3931689120113,1.22146388122755,4.39006462221674,0.057653057631759,0.360567450523376
0015,20,irregular,1,11.2554281933858,2789,360.12,59.5908138077201,0.728008352910467,0.392425439781744,0.548799685163322,71.1995985750563,65.4882387086765,0.270248875378327,1.08721199377169,1.50422802405383,0.250974814817443,2.62676811218262,1.4827396273613,0.454228047395648,2.32568526775907,0.453792743273355,4.23980604488173,0.0361579313179723,0.358577251434326
0015,19,circular,1,2.06143662714372,4878,305.52,78.8090254933921,0.903500648268198,0.444746132101868,0.699856527977044,84.8528309915517,75.9990043995731,0.656708094334346,1.11649924445626,1.61711453081292,0.733611905289861,4.5180401802063,1.30310416221619,0.65980507835941,3.15322040882045,1.80863793109513,3.68071601308031,0.0405667329698436,0.575285077095032
0015,NaN,unmatched,0,NaN,71,31.46,9.50789186287878,0.89873417721519,0.851466370509117,0.586776859504132,13.5406171489484,7.10082434662999,0.901468957462307,1.90690777407763,1.59542005268022,0.138000524703157,2.01951146125793,1.58795011043549,0.222070545473983,2.56438947230434,0.648768612552595,4.43980875536467,0.0405110592118976,0.166162729263306
0015,17,irregular,1,4.62869271376029,5318,267.658,82.2866204124437,0.969199927100419,0.305319405400742,0.772403776325345,84.4416660505839,80.4095764162278,0.932819766064097,1.05014439590484,1.62560398955423,0.845447810636519,4.38194513320923,1.2384866476059,0.676993209892933,3.35733632812984,1.73792381216881,3.81076767497163,0.0462059663467635,0.593965172767639
0015,NaN,unmatched,0,NaN,165,49.366,14.4942928382623,0.970588235294118,0.870968421446597,0.53921568627451,21.0420461840887,10.3387778427181,0.850820470728118,2.03525469878523,2.24722281823287,0.791641249303889,4.01353406906128,1.94439542293549,0.552580019945888,5.67626053275035,0.626838558764983,4.57613200068895,0.0702820064199375,1.49476683139801
0015,4,circular,1,0.830979644513779,2762,195.037,59.3016662713496,0.953071083505866,0.200242034197648,0.73030142781597,60.1248996080215,58.9071576058207,0.912429928307114,1.0206722247634,1.39912957664838,0.21900722498129,2.17648649215698,1.3137389421463,0.332345307725475,2.00552358626092,1.26846514176028,4.13424043824875,0.0358709018099947,0.241636157035828
0015,16,circular,1,2.81962378991561,1461,176.719,43.1300704249144,0.814835471277189,0.66312571837747,0.588164251207729,51.8755314477154,38.8292522182482,0.587886638031648,1.3359909986455,1.58926502756409,0.257879344222611,2.80455994606018,1.53802001476288,0.454651477372475,2.59225685767207,1.15990415026707,3.78329078227802,0.0307120726401042,0.224645972251892
0015,6,circular,1,0.544138374049788,5021,268.518,79.9558362730029,0.958206106870229,0.12089611937643,0.746839208686598,80.361476952909,79.7720387190036,0.875091122005245,1.00738903309193,1.53742338589944,0.634588064399634,4.17701196670532,1.22972416877747,0.663809676210808,2.76635270666286,1.66513164424786,3.55507598868399,0.0341856514246985,0.563042640686035
0015,15,circular,1,0.843798520378633,5002,252.672,79.8044121760526,0.98078431372549,0.170339143954637,0.753086419753086,80.516424281695,79.3397166896147,0.98455348879455,1.01483125528017,1.6406965430961,0.802495096008896,4.33938074111938,1.24897575378418,0.671554701839452,3.33585136110789,1.71416166369674,3.67982377679638,0.0447825072320653,0.624881982803345
0015,18,circular,1,1.07495340685644,1610,164.793,45.2759943791808,0.901455767077268,0.541410510496319,0.685106382978723,50.1474492075086,42.1618883233641,0.745003340483326,1.18940235368251,1.44840042563205,0.361205051239836,2.95364832878113,1.39994895458221,0.551979883202183,2.2283154396207,0.869612486102233,4.31018662118766,0.0402585797454887,0.492962241172791
0015,3,irregular,1,3.38742313371989,145,43.6,13.5874844613195,0.935483870967742,0.625744215828909,0.755208333333333,15.5856692072317,12.1572633313739,0.958528185275903,1.28200473925824,1.43825030016402,0.286356000754936,2.59465265274048,1.34072369337082,0.408647964793774,2.15049250474376,2.02755946828701,3.74969959884599,0.0540241304278288,0.164127469062805
0015,14,irregular,1,3.72415627585932,1919,256.94,49.4302203752601,0.744086855370299,0.666309912183099,0.560783167738165,59.4448808236877,44.3265573349461,0.365276219360868,1.34106694491301,1.30616187267523,0.335239706313806,2.29216885566711,1.18837529420853,0.498735896742436,1.81843380103632,0.696965320621434,4.5504614905406,0.0419654338688781,0.505244016647339
0016,8,irregular,1,1.46978305264108,5678,282.38,85.0261967572715,0.966468085106383,0.428194773017026,0.724974463738509,89.5358611037042,80.9123462740705,0.894823506888745,1.10657847938835,1.4808939976107,0.67005149952546,4.07320117950439,1.19802021980286,0.644729515162513,2.64199673866267,1.99221806676081,3.60358826648063,0.0370283727152308,0.398921489715576
0016,NaN,unmatched,0,NaN,34,22.95,6.57952464247954,0.790697674418605,0.806274815781806,0.472222222222222,9.34736456549576,5.52935069994569,0.811191518719224,1.69049949492036,1.46877530716323,0.106611812316184,1.91602838039398,1.44562458992004,0.201141071279776,2.16865298382412,1.83094395327498,3.96339041353391,0.0265293797106746,0.0922590494155884
0016,12,irregular,1,6.45823027799779,2573,193.316,57.2367482357582,0.940080379978078,0.643293195791327,0.735563178959405,65.6666519819253,50.2756969377529,0.865195096746324,1.30613111267713,1.43423031341684,0.313624025004043,2.79363465309143,1.36827182769775,0.48848526130215,2.15536807833724,1.84678503502594,3.98131099565184,0.0279417199653987,0.228909373283386
0016,1,irregular,1,0.855331287528155,723,115.089,30.3406030072496,0.850588235294118,0.413190041579235,0.607563025210084,32.6177547828346,29.7031894571407,0.685931153890425,1.09812297530874,1.40975749668528,0.257601970325259,2.54111862182617,1.31357753276825,0.377942230423738,2.05375684376292,2.09552782953849,3.66124225721866,0.0412290931175132,0.182020306587219
0016,18,circular,1,0.950557673577857,812,101.302,32.153856849917,0.957547169811321,0.193664954707251,0.746323529411765,32.5473279034238,31.9311330120623,0.994328422804179,1.01929762063653,1.41341893409175,0.201002679552254,2.34116649627686,1.33956116437912,0.343562971826443,2.03814355064396,1.8750462736479,3.71676570661702,0.0383436325785829,0.13576865196228
0016,NaN,unmatched,0,NaN,24,24.745,5.52790639154137,0.615384615384615,0.856609728511766,0.342857142857143,9.76088326233804,5.03627310894653,0.492545311532442,1.93811635135486,1.41332235483476,0.0884152428183139,1.54542195796967,1.44333374500275,0.173300588644164,2.00528768290598,-1.15940606379227,4.28273708406843,0.0242028540808466,0.10395073890686
0016,19,circular,1,2.36104735984723,378,82.305,21.9381983742944,0.838137472283814,0.596480872084419,0.632107023411371,25.3020164088294,20.3080889024938,0.701211815435832,1.24590829448863,1.29050513436025,0.184238701393199,2.17051362991333,1.21262848377228,0.371573592015797,1.69933024018378,1.27872044510245,3.78028024984958,0.0472605226074899,0.25751006603241
0016,3,circular,1,0.54282583189494,5335,259.793,82.4180378992493,0.98413576830843,0.205817491581459,0.783867176021158,83.3545410022444,81.5699531606851,0.993320498272933,1.02187800498112,1.50604991726214,0.713679297089831,4.40354061126709,1.16074019670486,0.660232413182927,2.77749940924496,1.83991115581405,3.35064954052637,0.0411885073570934,0.523934721946716
0016,20,irregular,1,2.35897689592524,1339,172.038,41.2900442043888,0.822987092808851,0.578223352547203,0.661561264822134,47.3821565020686,38.6580835811138,0.568514663602256,1.22567266953753,1.33510086605182,0.242984578541385,2.20770692825317,1.33007138967514,0.553024720246499,1.84152636616154,0.504038401570811,4.23239770858028,0.0390567173621238,0.30194103717804
0016,5,circular,1,0.332159243596222,2696,205.151,58.5888539963533,0.926142219168671,0.39335697685844,0.713227513227513,61.3598432647522,56.4133699064601,0.804975153131315,1.08768264272271,1.27121571509591,0.295237782910712,2.71919298171997,1.19662266969681,0.531748668652849,1.70314719859413,0.845404547639844,4.06557005903984,0.0347256148938731,0.467441320419312
0016,2,circular,1,0.726960397913764,4989,259.024,79.7006404534099,0.968926005049524,0.442029972671434,0.717635212888377,84.4650806594668,75.765201046022,0.934422648953335,1.1148268531375,1.44868971391783,0.611595089128225,4.04149055480957,1.21891504526138,0.807571847091195,2.4727332315456,1.84363760444751,3.77043274610687,0.0440611528609864,0.505000710487366
0016,NaN,unmatched,0,NaN,44,43.708,7.48482063701911,0.619718309859155,0.982959513035832,0.349206349206349,21.2342533672448,3.90332685278508,0.289428085391399,5.4400397835231,1.26995896241902,0.170564110204236,1.60349726676941,1.27758991718292,0.276549928770596,1.64186059100287,-0.20335337240953,4.84667843464644,0.0504811667570637,0.267583250999451
0016,NaN,unmatched,0,NaN,26,23.521,5.75362739175159,0.896551724137931,0.96528587225022,0.325,12.2725716351061,3.20554273078078,0.590570362307309,3.8285471964733,1.29015121126459,0.159093221096844,1.63655912876129,1.29744619131088,0.303814669354208,1.68977066919669,-0.647794358630517,4.53457004284078,0.0469148214387392,0.215313076972961
0016,NaN,unmatched,0,NaN,39,32.684,7.04672563994593,0.709090909090909,0.958145858280372,0.371428571428571,15.1096150323281,4.32558787128134,0.458779567237696,3.49307781553684,1.30087440039115,0.151353128967593,1.7793300151825,1.31779754161835,0.316769522225274,1.71515773421523,-0.322838653882326,4.40508000286656,0.0480501473575191,0.220985054969788
0016,6,circular,1,2.35925840880906,275,69.677,18.7120515925478,0.848765432098765,0.685849930171047,0.55668016194332,22.8057402224285,16.59671779471,0.711809321245061,1.37411146616578,1.41717667231459,0.154378371076607,2.43752884864807,1.42259728908539,0.376676276762409,2.03220911734812,1.61515813783193,3.59896399118222,0.0456233024240666,0.144191980361938
0016,NaN,unmatched,0,NaN,16,15.548,4.51351666838205,0.8,0.91465307216577,0.5,7.74871712951971,3.13233930367617,0.831726966926238,2.47377961909352,1.28455370238849,0.128022333909347,1.5848947763443,1.26581436395645,0.270660418301975,1.66644354283829,0.0380733360009387,4.51554111250234,0.0468861316452088,0.182565331459045
0016,NaN,unmatched,0,NaN,55,47.877,8.368283871884,0.723684210526316,0.988339199373371,0.190972222222222,24.3342490820851,3.70533408404712,0.301521784417133,6.56735628424258,1.29083496654591,0.172985778583335,1.81414556503296,1.29605185985565,0.336381712473766,1.69615711612248,-0.224803764037316,4.52132576457427,0.0456433505741923,0.249290347099304
0016,NaN,unmatched,0,NaN,21,26.432,5.17088294582641,0.7,0.98745305181663,0.212121212121212,14.8949618231683,2.35210597886056,0.377719240255832,6.3326065904496,1.28402566366121,0.152080087933111,1.60625898838043,1.28658258914948,0.287068253190369,1.67182453133091,-0.384877207426364,4.64843005243338,0.0459464922351929,0.226941823959351
0016,10,irregular,1,4.55722925109899,2001,178.414,50.4752645264496,0.924249422632794,0.630486402341434,0.694791666666667,58.0202595197964,45.0353424993477,0.789949070553194,1.28832726254134,1.32620412949161,0.2845944747943,2.45807695388794,1.2380536198616,0.530720207636121,1.8398029430705,1.08548550546571,4.17262434125044,0.0360426755115184,0.393560409545898
0016,NaN,unmatched,0,NaN,40,50.746,7.13649646461108,0.465116279069767,0.984452414706726,0.277777777777778,25.9572395794858,4.55942760440839,0.195193892662937,5.69309172809071,1.26648530145208,0.159611761073107,1.6613609790802,1.25170481204987,0.306959487110174,1.62943866391119,-0.0418684864914735,4.66004976722714,0.0498820933699285,0.233357191085815
0016,NaN,unmatched,0,NaN,11,9.461,3.74241031850956,1,0.786338456323699,0.733333333333333,4.9898866532733,3.08273175028809,1.54428859550433,1.61865743031549,1.36033211376356,0.0649260772858724,1.56372439861298,1.35722970962524,0.14464296310258,1.85471152412553,0.389590760908722,4.23823784071133,0.0266095323009952,0.0607433319091797
0016,9,circular,1,1.23524889309533,3535,223.652,67.0887605388473,0.958254269449715,0.27991655737047,0.754374733247973,68.6046949067675,65.8621765027597,0.88808331298121,1.04164026379986,1.33354775939202,0.363649829427667,3.08870148658752,1.17883068323135,0.557133679104204,1.91058171373671,1.60038107484944,3.7156377997893,0.0355628997868192,0.408321499824524
0016,14,irregular,1,3.25038781180308,5501,305.561,83.6904459038672,0.910761589403974,0.525783679061454,0.659434188444018,91.7020874195111,78.0034753533162,0.740381679348963,1.17561540693087,1.44503429416342,0.499934315107723,3.43588805198669,1.24152374267578,0.59277224706492,2.33804636127342,1.79704484353115,3.8555156320903,0.036558368038315,0.439581394195557
0017,2,irregular,1,4.50174357333195,301,73.614,19.5766468774733,0.855113636363636,0.816992375936626,0.557407407407407,26.4242114647884,15.2374811054384,0.698000166028903,1.73415876823351,1.44794532562059,0.250470996740207,2.39148497581482,1.36620289087296,0.349467835411746,2.15925372494225,1.88857668544072,3.78929384907066,0.0449332712960007,0.122618436813354
0017,14,circular,1,1.11571483038718,59,24.339,8.66724484131922,0.983333333333333,0.493064596434676,0.819444444444444,9.35984689414502,8.14299850162875,1.25157365897886,1.14943492772016,1.33341182122383,0.22358088931932,2.00589323043823,1.29126238822937,0.367287654970293,1.82791393696198,0.852289954977782,4.5087658777046,0.0723526433027664,0.243144869804382
0017,6,irregular,1,9.02012031111905,6021,308.842,87.5566976241705,0.930458970792768,0.680248406029242,0.72875816993464,104.924055668327,76.9074079393098,0.793242142440026,1.36429062530786,1.59140818807955,0.772389818947462,4.50013160705566,1.26357960700989,0.675042264767909,3.1291441845109,1.96029675539463,3.64556870702059,0.0419566212422981,0.450496912002563
0017,NaN,unmatched,0,NaN,8,8.328,3.19153824321146,1,0.908403436625896,0.8,5.10917439001668,2.13611884478938,1.44950066190595,2.39180249847964,1.46974991765889,0.178235487934937,1.78467953205109,1.48677253723145,0.310756091871089,2.19187494981925,-0.729092812445942,4.59799389668413,0.0602930204597366,0.24186110496521
0017,5,circular,1,4.0109144352893,755,162.014,31.0047715081896,0.730880929332043,0.757062957527538,0.537749287749288,41.9276757266314,27.393108606718,0.361452910859349,1.5305921036048,1.52423897047916,0.2106516522235,2.51271319389343,1.53523463010788,0.493418326715809,2.36766881372447,-0.0543074212319495,4.03027859363514,0.0533905898519079,0.273591160774231
0017,10,circular,1,0.505591193528489,1063,150.982,36.7893141557909,0.827237354085603,0.455467728182856,0.538500506585613,40.0954764106423,35.695089889891,0.585993475449957,1.1232770819271,1.4418706687977,0.318674671620118,2.6528537273407,1.40230929851532,0.49516892385412,2.18052807519387,0.804021967723618,4.33231622279232,0.0392553177581784,0.458779692649841
0017,1,irregular,1,0.562571456488178,6908,397.972,93.7845337730615,0.835207350985371,0.5922872096734,0.578172079009039,107.58445162568,86.6836882904224,0.548096662664471,1.24111529801584,1.62860315392362,0.797805310553535,4.54387521743774,1.24630689620972,0.700147159645774,3.28882452797963,1.83393561998638,3.64006799725874,0.0410957441943847,0.591784000396729
0017,4,circular,1,1.31249902316646,4262,242.482,73.6650998754584,0.958398920620643,0.28945576441932,0.768759018759019,75.6777352488429,72.4380767274911,0.910886569081001,1.04472314378996,1.58743568842432,0.685142279761667,4.1397557258606,1.24126452207565,0.675623254219238,2.98934443439039,1.32273843751207,3.92311080832681,0.0467580724152574,0.856852293014526
0017,13,irregular,1,13.1079814411915,96,36.769,11.0558127830827,0.872727272727273,0.297111622585327,0.666666666666667,11.9480064522726,11.4084673785554,0.892313492386463,1.04729286203083,1.44689232646488,0.216450743016128,2.09970784187317,1.35325086116791,0.294847545629569,2.14030257567955,0.867737146798632,4.42909870167506,0.0566179638579572,0.332129836082458
0017,13,irregular,1,5.33334705825395,133,49.357,13.0131033750515,0.836477987421384,0.886773914159078,0.461805555555556,20.0411306308146,9.26307963220311,0.686062996120248,2.16354942703306,1.45181212482745,0.235014530008209,2.09970784187317,1.35269767045975,0.3075937144193,2.16294990096674,0.63567301890401,4.45148863491507,0.0592215905581197,0.385007619857788
0017,20,irregular,1,2.81675056578684,78,52.93,9.96557497033376,0.523489932885906,0.918157502777051,0.337662337662338,23.9990587209583,9.50880140243173,0.34986514523262,2.52387842644615,1.40621024318608,0.190350610269223,1.85301852226257,1.39787447452545,0.297622889157887,2.01363209511771,0.242742890879642,4.77645947263767,0.0624378885517598,0.288311362266541
0017,20,irregular,1,14.4017788328909,17,14.605,4.65242649168128,0.772727272727273,0.855113324694575,0.566666666666667,7.15175100497019,3.7077618494176,1.00151085954607,1.92885932145118,1.39996733665466,0.165940244739779,1.77131307125092,1.39041185379028,0.242557074135508,1.98740234519374,0.322124269943023,4.7696693895776,0.0597288425655198,0.266931176185608
0017,19,circular,1,0.937083286966834,3531,212.81,67.0507929293894,0.97622338954935,0.25268302552571,0.731055900621118,68.275252367398,66.059659957689,0.979768602798523,1.03353926452434,1.45718073313951,0.591897454853731,3.8173508644104,1.2013486623764,0.641120270994306,2.47369455336284,1.59134415026362,3.92985149821865,0.0394969154523453,0.622118353843689
0017,17,irregular,1,2.98585648506405,95,52.524,10.9980796846468,0.71969696969697,0.911594132315367,0.431818181818182,20.0603973081172,8.24665678404272,0.432730876119117,2.43254907212024,1.31569664402614,0.204439225327545,2.00204372406006,1.25326204299927,0.304710440547859,1.77281988500427,1.36301205048024,4.35269227260199,0.0468014839707875,0.221213698387146
0017,8,circular,1,0.6179777550776,16,11.901,4.51351666838205,1,0.370218496076462,0.64,4.85183697384051,4.50708826693474,1.41959001601423,1.07649033843756,1.30328325614929,0.122428455165424,1.93550992012024,1.2735481262207,0.251317424968278,1.71351199043067,2.75250024404786,3.62330561146358,0.051618657999499,0.0862178802490234
0017,NaN,unmatched,0,NaN,22,14.324,5.29256742840123,1,0.693472684215337,0.733333333333333,6.36496051390022,4.58584532894525,1.34742288781906,1.38795795700423,1.39830451176717,0.156168431918975,1.91003119945526,1.38296228647232,0.278784559101345,1.97960656586548,0.578697047878515,4.50403511050847,0.0617706004534563,0.222288250923157
0017,NaN,unmatched,0,NaN,21,17.971,5.17088294582641,0.777777777777778,0.821268987020486,0.6,8.05334604980359,4.59476564912367,0.817117798416732,1.75272182844397,1.42954172805504,0.139629753903416,1.83926069736481,1.41344094276428,0.224388482754442,2.06305713676915,0.556485642493256,4.62761341601093,0.0598602876648154,0.202280282974243
0018,10,irregular,1,7.02692295916212,2900,213.074,60.765077797465,0.931278098908157,0.291585868094791,0.7080078125,62.8423069927688,60.1114730102232,0.802688321088989,1.04542949699604,1.35824988658774,0.346675535443824,2.60541009902954,1.24040728807449,0.498092834434792,1.96501412288683,1.03138707052257,4.35938346417845,0.035813618583753,0.474049687385559
0018,12,circular,1,0.576332959820345,724,92.684,30.3615781933064,0.98236092265943,0.123533437427848,0.804444444444444,30.501098033298,30.2674721357784,1.05910469468988,1.00771871190536,1.5455872791376,0.276510699250122,2.68812036514282,1.40939664840698,0.369005762496413,2.46527198400994,1.43064441644486,2.93376646360502,0.0394206371475548,0.106457114219666
0018,9,irregular,1,3.34326148048975,5282,315.741,82.0076293724622,0.896926473085414,0.542163702426789,0.720993720993721,91.8196654360139,77.1535750939532,0.665803847765686,1.19008957555371,1.32734705185571,0.336202285543522,2.92365384101868,1.2132585644722,0.655155067198576,1.87487764543837,1.92407031979063,3.71190455524001,0.0294051960021123,0.331869721412659
0018,8,irregular,1,2.52032467294031,2835,233.212,60.0802306031209,0.886768845792931,0.612106362766049,0.684121621621622,69.3564119969371,54.8453473958718,0.655029923848414,1.26458150581717,1.33884179100225,0.385275328124331,3.19465827941895,1.22680008411407,0.609725821479804,1.94092387738929,2.0689692013452,3.80270716412876,0.0336225386286816,0.336474180221558
0018,NaN,unmatched,0,NaN,77,49.621,9.90148700673831,0.669565217391304,0.978449620120771,0.478260869565217,26.3917318345313,5.44951500356959,0.39297920043066,4.84295057766498,1.27022838679806,0.200739184038371,1.63225591182709,1.34378564357758,0.448698687399492,1.65374166643615,-0.927234683157901,4.28654564067173,0.0444853754029137,0.289257287979126
0018,18,circular,1,0.255836978520425,8,6.831,3.19153824321146,1,0.580947501931112,0.888888888888889,3.65148371670111,2.97209241668783,2.15442450565183,1.2285902336679,1.09013760202548,0.131092386557674,1.63625490665436,1.05392062664032,0.292722017201492,1.20555271893677,1.48555541876191,4.17059708401402,0.0457777106230091,0.143905878067017
0018,5,circular,1,0.509002020372123,580,88.971,27.174968922639,0.923566878980892,0.364370403525028,0.714285714285714,28.3187716446406,26.3719723571596,0.920748274785187,1.07382076930444,1.33796198503644,0.181604621707219,2.22663426399231,1.27258050441742,0.355476170355481,1.82310957860115,1.33421063854032,3.81361738633908,0.0431634890915634,0.204590439796448
0018,6,irregular,1,14.9087109107611,476,118.571,24.6183269799948,0.652054794520548,0.842193243356395,0.391447368421053,39.8158682327153,21.4677525162088,0.425461093049394,1.85468265495669,1.30599913548942,0.179359842758071,1.82996511459351,1.29796898365021,0.312028046254816,1.73779557136774,0.126997656320673,4.63127309803623,0.0409319973017123,0.277154803276062
0018,16,irregular,1,3.38320631947725,5800,322.746,85.9347971398312,0.911949685534591,0.55507383062379,0.708180708180708,95.191325165592,79.180247415107,0.699706841994637,1.20221050417468,1.41632700712145,0.36152557851023,2.75766706466675,1.33564889431,0.528180058191169,2.13667616681702,1.34286214905282,4.25420138717931,0.0327719275421506,0.42741584777832
0018,6,irregular,1,13.3770183660048,415,136.434,22.9868312532435,0.540364583333333,0.846250406882972,0.296428571428571,43.0542153787189,22.938656004523,0.280164262729912,1.87692842031502,1.29092716523579,0.180672176982433,1.82996511459351,1.28054451942444,0.322259933470364,1.69912820731763,0.191918069786227,4.6267426578891,0.0385969178028344,0.281640529632568
0018,7,irregular,1,4.71888296284415,771,97.473,31.3315765481217,0.969811320754717,0.234466875616442,0.75366568914956,31.834280660287,30.9468717379223,1.0197543728645,1.02867523832069,1.46228778511153,0.264654606336872,2.52291774749756,1.35179841518402,0.356935751074319,2.20830679988608,1.82001433558168,3.7118090864613,0.0385728566057415,0.16718602180481
0018,NaN,unmatched,0,NaN,12,12.273,3.90882009522336,0.8,0.798765506590857,0.5,5.73385773357229,3.44973234743379,1.00112807732767,1.66211669662942,1.37461759092716,0.111348465418221,1.58753383159637,1.38748925924301,0.177925057241331,1.90194219799711,-0.509951899053561,4.62980511416352,0.0270000027660659,0.152483940124512
0018,NaN,unmatched,0,NaN,67,41.268,9.23618154310838,0.807228915662651,0.968817945274215,0.587719298245614,20.0405477732251,4.96551996419676,0.494376505049963,4.03594143568546,1.39089346925418,0.103297967553507,1.64941143989563,1.40073746442795,0.195531738506567,1.94523801280226,-0.313445311607839,4.53584553507041,0.026185461416072,0.148772239685059
0018,11,circular,1,7.8704942851655,2504,243.939,56.4640754818216,0.815104166666667,0.423415587259833,0.525939928586431,63.6183792398719,57.6341520788955,0.52878814526073,1.10383126922358,1.73589156653179,0.820504064001781,4.19336128234863,1.41818976402283,0.666554572735932,3.6864989088831,1.46626753603105,4.21502974754505,0.0458136623015147,0.759539484977722
0018,19,irregular,1,5.60215493561955,7634,419.732,98.5896073859118,0.834499344118933,0.546097555958255,0.648598130841122,110.65872302884,92.7012012065512,0.544525043298178,1.19371401436618,1.55694229453341,0.728932528357103,4.19336128234863,1.25282740592957,0.666554572735932,2.95539698464385,2.00957817368168,3.68182274464931,0.0389974290079186,0.436801314353943
0018,3,circular,1,1.07125799582458,3143,220.146,63.2597177444115,0.931811443818559,0.276499371081714,0.722196691176471,64.6629191502444,62.1419769628242,0.814953158646238,1.04056746036465,1.33751389912435,0.123299872653183,1.78967452049255,1.32159668207169,0.2522705982483,1.80414515879111,0.479624238570069,4.35286800432865,0.0230628597281891,0.186488032341003
0018,14,irregular,1,2.23462148240069,34,18.732,6.57952464247954,0.944444444444444,0.691312381243557,0.708333333333333,7.87543808299826,5.69044513979184,1.21764441985371,1.38397575049574,1.29277965459195,0.106032843962233,1.70361459255219,1.2746667265892,0.212218927037398,1.68250675569373,1.3002077327697,4.29147744400624,0.0412825776799543,0.108451366424561
0018,1,circular,1,0.629329034514157,5243,258.709,81.7043140418329,0.982571214392804,0.0556492110437653,0.779744199881023,81.7941740058183,81.6674242812486,0.984388762321898,1.00155202304573,1.5287740621786,0.597805713848373,3.41049909591675,1.25846111774445,0.554373304508578,2.69450408144694,1.6778074560725,3.40976202176249,0.0344649165192309,0.346362948417664
0018,15,irregular,1,2.20649715985736,4086,234.188,72.1280582005912,0.965957446808511,0.021592240408883,0.726529160739687,72.4340034434671,72.4171162088798,0.936222234337187,1.00023319396672,1.34513447559102,0.429998225163313,2.85281825065613,1.17283272743225,0.563998303083002,1.99427445609782,1.60529117082094,4.00212921130281,0.0341308289339986,0.386891722679138
0018,13,circular,1,0.731703380719263,5451,263.605,83.3092357326087,0.981454807346057,0.107320275697616,0.76344537815126,83.5857508301964,83.1030014113541,0.985777176609009,1.00580904913955,1.47314546467562,0.681221235233183,4.11598348617554,1.14427256584167,0.623467525785999,2.63419830891412,1.91437265589158,3.15420822468491,0.0363166080876442,0.442850470542908
0018,17,irregular,1,2.25983550784535,260,66.087,18.1945673658689,0.878378378378378,0.747850794308954,0.684210526315789,22.8833028789787,15.1914661123543,0.748085327267494,1.50632616429096,1.29647329801168,0.218807951548359,2.05990052223206,1.22427147626877,0.3373858587394,1.72868924178495,1.46598439455986,4.20826548726595,0.0466812448931561,0.209027528762817
0019,15,circular,1,0.650756768900021,4609,241.416,76.6052286837156,0.981682641107561,0.125813212809534,0.777365491651206,76.9368023757761,76.3254585333086,0.993766774346529,1.00800969760569,1.67606635124772,0.66360629534432,3.57184982299805,1.30515718460083,0.569451980971103,3.24954135214714,1.24851887083411,3.69743382722065,0.0399977044776001,0.719192624092102
0019,19,irregular,1,0.559604824548657,36,19.749,6.77027500257308,0.923076923076923,0.772686112843891,0.75,8.718505353766,5.53440509043163,1.15990426451011,1.57532837067516,1.32282171029966,0.178103587461334,1.77493453025818,1.29103064537048,0.293354874147848,1.78153459245854,0.507576058678755,4.73109670467313,0.0638070747389697,0.252317309379578
0019,16,irregular,1,4.46871947188583,362,71.406,21.4688778280126,0.935400516795866,0.722594843469938,0.638447971781305,26.3133457273842,18.1896736882818,0.892172892008946,1.4466090034554,1.51716294768689,0.292262298841261,2.59152674674988,1.41097712516785,0.384048916176594,2.38715633461341,1.5449645171899,3.99145034589063,0.0505677207523817,0.221108436584473
0019,18,irregular,1,1.32224627275004,13,10.222,4.06842894512822,1,0.576018432884783,0.65,4.71767000291566,3.85639661754271,1.56344087865191,1.22333630868128,1.26369027058283,0.180077523472063,1.80553162097931,1.21966123580933,0.299110190098871,1.62928696790145,0.663707696494958,4.61635732204582,0.0504718309786239,0.253615260124207
0019,4,circular,1,0.412829892330752,128,37.464,12.7661529728458,0.962406015037594,0.348592081397301,0.757396449704142,13.2341081466035,12.4039926074498,1.14601827750938,1.06692325329629,1.47398979309177,0.149406563016417,1.95077550411224,1.44451344013214,0.261919136358025,2.19494773321193,1.00796697740393,4.16642963128353,0.0496864522508833,0.095963716506958
0019,13,circular,1,0.454459470029756,876,106.661,33.3969735333608,0.957377049180328,0.277198874442633,0.758441558441558,34.1727734668511,32.833630109103,0.967615168916062,1.04078572345788,1.48251611416656,0.182396703281728,2.38647961616516,1.40879619121552,0.32526879166757,2.23111334229789,1.34589950740551,3.64132794768344,0.0394677501385328,0.242177963256836
0019,NaN,unmatched,0,NaN,13,12.455,4.06842894512822,0.866666666666667,0.869415484975691,0.541666666666667,6.32772712311915,3.12641409862669,1.05309063966559,2.02395681554106,1.48231823016436,0.130876497712239,1.88289093971252,1.45145702362061,0.202463298028731,2.21436854335913,0.891887065345697,4.54736934291862,0.0535217702949421,0.161716818809509
0019,NaN,unmatched,0,NaN,36,25.026,6.77027500257308,0.8,0.825671743003793,0.467532467532468,9.96248990004477,5.62034706796169,0.722319741064642,1.77257556865751,1.43547511357133,0.120031940823322,1.82637548446655,1.42022919654846,0.241139530810595,2.07497925503948,0.574785085278731,4.32996347598077,0.0492857470989681,0.13023829460144
0019,NaN,unmatched,0,NaN,58,30.608,8.59347971398312,0.816901408450704,0.427272716081978,0.585858585858586,9.61005715493864,8.68867172256125,0.777979139706274,1.10604445210939,1.45820140056271,0.133684234434955,1.88289093971252,1.45700693130493,0.271682249198397,2.14420291985747,0.208180004145706,4.30355344684865,0.0533061277225824,0.136565208435059
0019,NaN,unmatched,0,NaN,31,17.144,6.28254931431422,0.96875,0.605639645255117,0.738095238095238,7.17515661351551,5.70955223690927,1.3254008408869,1.25669340007643,1.45971986812744,0.1401194607967,1.95638978481293,1.46013325452805,0.31716878713454,2.15038758880351,-0.0983166672046945,4.15672972637807,0.0572563498300071,0.150786399841309
0019,NaN,unmatched,0,NaN,434,89.361,23.5071470496754,0.883910386965377,0.749354781106011,0.496,30.7035678704238,20.3309421964802,0.682973028661543,1.51018912816246,2.11021162182984,0.889537537878137,3.9200599193573,2.00505757331848,0.592602336221605,5.24401577207035,0.438081941755355,4.44350153470143,0.0662109503292626,1.38587212562561
0019,14,circular,1,2.26564540119735,4379,264.31,74.669377701942,0.904378356051219,0.527324934783385,0.702100368767035,83.0082055231653,70.5290595264835,0.787694149513297,1.17693623139829,1.51780209971402,0.733982551060676,4.15600299835205,1.14172780513763,0.647285193361427,2.84242488983807,1.78798408191759,3.24822105074235,0.040359851318855,0.643866062164307
0019,NaN,unmatched,0,NaN,11042,464.408,118.571122339993,0.876975617504567,0.872181769422166,0.679048029026505,174.7144155377,85.4671350717527,0.643366171935218,2.04422922789001,1.53324324498671,0.76054514118422,4.86042785644531,1.20833444595337,0.707635513166269,2.9292539769235,2.18725787414274,3.19938871367669,0.0386750801419357,0.310071110725403
0019,7,irregular,1,8.3195190426618,681,104.602,29.4461564548694,0.901986754966887,0.66117323915446,0.652298850574713,34.4456086574884,25.8422413542063,0.782126496964103,1.33291877377663,1.52359216931488,0.279239529558219,2.55907201766968,1.41718643903732,0.346232391180936,2.39928643861781,1.63360679270369,3.91212988234068,0.0430142510225138,0.203868627548218
0019,12,irregular,1,2.87472108384261,3105,264.872,62.876138450152,0.853490929081913,0.596597880306274,0.616071428571429,71.500061755405,57.3816826188682,0.556159508815178,1.24604331020252,1.40136785316016,0.214681357998153,2.18616580963135,1.36820763349533,0.382484673862531,2.00991718524652,0.573558473852688,4.41801123137771,0.0274344357378935,0.310815811157227
0019,NaN,unmatched,0,NaN,10,11.14,3.56824823230554,0.909090909090909,0.894401334216454,0.555555555555556,5.90656788391899,2.64180288805267,1.0126036356571,2.23580945824193,1.62040099013211,0.08911654149827,1.88469517230988,1.61224693059921,0.139207625860712,2.633627846258,0.57189872764274,4.44651787209607,0.0360061786250066,0.0871853828430176
0019,11,circular,1,0.773301531068961,4433,235.776,75.1283628319623,0.983362910381544,0.123278922931541,0.767486149584488,75.4443779686946,74.8688928445361,1.00209386729377,1.00768657184972,1.47028718948966,0.668976375985259,3.94224214553833,1.13259249925613,0.634437756814774,2.60924812655092,1.7096555806717,3.54337972285776,0.0387331270599913,0.614216089248657
0019,5,circular,1,1.42264285022419,1230,150.883,39.5737872843155,0.865587614356087,0.469226141116941,0.635330578512397,43.0718076140683,38.03576753884,0.678944624839388,1.13240274618057,1.45785829822154,0.307759990554729,2.70498204231262,1.39078986644745,0.513719972097855,2.22005063124352,1.3465938012606,4.21288270010083,0.0363505209675722,0.328878045082092
0019,3,circular,1,0.568322740259834,969,123.715,35.1250497344612,0.898886827458256,0.372276724078445,0.689189189189189,36.7842511177605,34.1402646669604,0.795589278994157,1.07744481411003,1.4935736027386,0.156930739887004,2.32704472541809,1.43009090423584,0.309225273262109,2.25538303950786,1.35971033949939,3.51079612420489,0.035942143356677,0.232736349105835
0019,10,circular,1,1.16203619234965,1694,212.406,46.4420907020923,0.803986710963455,0.400858786669096,0.653549382716049,49.2081857731877,45.0815801584023,0.471834517715208,1.09153640134809,1.45561503177973,0.136787367244779,1.95959782600403,1.41678792238235,0.274155399029046,2.13752364263893,0.445534870146665,4.22855434464467,0.0296618240959228,0.20431113243103
0020,NaN,unmatched,0,NaN,144,54.732,13.5405500051462,0.857142857142857,0.91318061730338,0.666666666666667,22.57517588676,9.2006280839212,0.604073410125491,2.45365595488115,1.30031716067825,0.117198084739994,1.58248472213745,1.28636765480042,0.220338496919678,1.70454367952745,0.10921547137743,4.66563853562545,0.0303067741063552,0.155343770980835
0020,13,irregular,1,3.42720756876907,5520,316.982,83.8348512668693,0.916638990368648,0.553428381322934,0.663461538461538,92.3794404394855,76.9425374050494,0.690366547887116,1.20062898307046,1.45164089621939,0.387242902343994,3.03204798698425,1.31275695562363,0.517704601054095,2.25721115651876,1.47167556293814,4.12227830623048,0.033785946876564,0.435236215591431
0020,9,circular,1,4.70138162246343,4514,300.334,75.8116304067821,0.894215530903328,0.836287386224189,0.68238851095994,103.313052772413,56.6456534746864,0.628872231151377,1.82384784065703,1.30201015310134,0.315727882301465,3.25969457626343,1.23712974786758,0.751072521353069,1.79491002017221,1.80792867637913,3.55613019939782,0.0314759820756335,0.304561138153076
0020,2,irregular,1,2.655959577448,5049,305.702,80.1784663196287,0.901124397644119,0.637990095778726,0.649222065063649,92.4198300447036,71.1673881603332,0.678920112729687,1.29862613247083,1.36466144389574,0.376708959502128,3.13494348526001,1.21877002716064,0.561009574637432,2.00420499134334,2.0846461178601,3.73374574927169,0.0308083360039029,0.336473822593689
0020,7,circular,1,13.5865328620455,2852,488.268,60.2600960967097,0.538011695906433,0.786985939680471,0.373689727463312,107.611043737204,66.3928859316661,0.150329031723454,1.62082190323766,1.28462043065574,0.195301932051274,2.61558699607849,1.25871872901917,0.684483021385639,1.68839107946661,0.789697157170982,3.46912623731845,0.0293768117152371,0.223355650901794
0020,4,irregular,1,1.50472521876224,3878,227.597,70.2682215121669,0.967082294264339,0.109933246867972,0.758607198748044,70.6279127403819,70.1998350253443,0.940772474775171,1.00609798747936,1.33048799755127,0.424481630896566,3.05817079544067,1.16278827190399,0.542179715591701,1.95037115275877,2.02015789217962,3.8204389880421,0.0319380548325248,0.374445915222168
0020,NaN,unmatched,0,NaN,50,26.407,7.97884560802865,0.862068965517241,0.596776473693608,0.555555555555556,9.36081037642067,7.51118471104005,0.901035158363041,1.24624952474701,1.25569763128785,0.16132221101027,1.73450529575348,1.27223706245422,0.304225637246638,1.60277148335984,-0.0560125224810919,4.58003312409587,0.0430936696784585,0.228188395500183
0020,NaN,unmatched,0,NaN,8,8.146,3.19153824321146,0.888888888888889,0.273861278752583,0.666666666666667,3.65148371670111,3.51188458428425,1.51499444183175,1.03975048982007,1.11892439727334,0.152782449024184,1.47495627403259,1.12732791900635,0.358367282232072,1.27529199644781,-0.328153397637363,4.56403539232107,0.0486384337249868,0.176493287086487
0020,NaN,unmatched,0,NaN,12,11.992,3.90882009522336,0.857142857142857,0.453742606486515,0.48,4.76095228569523,4.24264068711929,1.04859521210375,1.12216721537356,1.28175912513733,0.0935110378691128,1.55245244503021,1.2821934223175,0.19717168526617,1.65163677817344,0.0603334654168129,4.54189519661778,0.0480138210579759,0.141616225242615
0020,1,circular,1,4.17784503230498,3762,290.394,69.2092997168277,0.843876177658143,0.641887734001172,0.655400696864112,80.7095793784797,61.8879947884059,0.560600366588441,1.30412335468978,1.3117872900268,0.274536900954982,2.85702085494995,1.2583429813385,0.524627178026625,1.7961523213523,1.893329718029,3.80237148866558,0.0315553877782828,0.304427266120911
0020,NaN,unmatched,0,NaN,146,52.566,13.6342573516614,0.789189189189189,0.853268549242922,0.521428571428571,19.9937094686461,10.4261546047368,0.663976728774024,1.91764943324001,1.29266724139452,0.0987511443901236,1.50015211105347,1.30374503135681,0.17289165761582,1.68073321506014,-0.288842621109624,4.76013923879952,0.0246657659996582,0.147382020950317
0020,18,circular,1,2.14684647518727,2526,199.388,56.7115780947861,0.917544496912459,0.197501486091186,0.701861628230064,57.731570327713,56.59440777071,0.798445313291591,1.02009319651528,1.27727925354168,0.287570152349946,2.65049052238464,1.19322836399078,0.499531386451681,1.71413123757876,1.60121907290993,3.96525409102852,0.0295846545996807,0.333165287971497
0020,5,circular,1,0.70603840708629,5688,271.313,85.1010371878839,0.978496473421641,0.106257341159734,0.769168356997972,85.3653613272824,84.8820792792895,0.971020155489484,1.0056935698571,1.55423037754544,0.698696308627554,3.81814050674438,1.2475084066391,0.591617652092087,2.90378631006215,1.79005387836592,3.39499948171161,0.0364455802745817,0.310518980026245
0020,NaN,unmatched,0,NaN,9,10.222,3.38513750128654,0.818181818181818,0.918945461143987,0.45,5.98435221839268,2.36013655867648,1.08238214675902,2.53559574609894,1.27320809821288,0.0854797450705875,1.47081911563873,1.28001981973648,0.181400889986676,1.62835347019415,-0.296715027630441,4.52093429143437,0.0265245730418132,0.12338387966156
0020,NaN,unmatched,0,NaN,51,28.466,8.0582390620714,0.85,0.563475064330851,0.566666666666667,9.72012105612148,8.03011346374737,0.790910151941699,1.21045874382769,1.15769108205006,0.166344758528109,1.69433748722076,1.15937036275864,0.325508278893546,1.36788741488515,0.532834646446429,4.51368411393638,0.0504819556328763,0.256783962249756
0020,NaN,unmatched,0,NaN,129,46.917,12.8159237384917,0.871621621621622,0.811613757537564,0.5375,17.5542144806091,10.2550739700181,0.736442944204424,1.7117589333759,1.1373488612473,0.194334441863325,1.80513834953308,1.09731471538544,0.394984573509661,1.33129880288479,0.846923725163793,4.45190708755412,0.0525026385919961,0.262074947357178
0020,NaN,unmatched,0,NaN,41,24.24,7.22515199384357,0.891304347826087,0.705376326348433,0.585714285714286,9.21640717132487,6.53289365068814,0.876856427455244,1.41076950951958,1.1543597869667,0.187867501488223,1.73040902614594,1.1381716132164,0.36439387576983,1.36779714279714,0.199995646538842,4.56594913361415,0.0510349553557758,0.317140460014343
0020,3,irregular,1,1.38998688193379,7012,329.462,94.4878600016053,0.937809281797512,0.44687102315233,0.701270127012701,100.584273549813,89.9825296984679,0.811785164902616,1.11782002447444,1.38955516650655,0.51713532435761,3.44619464874268,1.19884061813354,0.713678013269296,2.19828346451003,2.11144582772891,3.5076261542662,0.0314079371581999,0.274592399597168
0020,11,circular,1,0.811851111442538,6319,291.865,89.6972724400329,0.96991557943208,0.26926294898497,0.75531914893617,91.4692223734727,88.0909619364502,0.93216798469797,1.03834968267754,1.35141738770218,0.512134160654146,3.94387698173523,1.14764887094498,0.628264368277427,2.08860004205718,2.42505011870329,3.28251806759971,0.029118809578772,0.345276236534119
0020,8,irregular,1,3.00027850818241,338,102.494,20.7449985808745,0.665354330708661,0.828704638507035,0.459863945578231,30.8996278875071,17.2940947519258,0.404324147226539,1.78671554254473,1.30276420235343,0.120405517059427,2.07096576690674,1.27668070793152,0.303474809613927,1.71168699879645,2.03673916535055,3.68384535180238,0.0327315173650829,0.134923815727234
0020,14,irregular,1,0.567351559173983,5433,266.681,83.1715723462418,0.974529147982063,0.387783765108846,0.760924369747899,86.729080616178,79.9425624734143,0.959987148499199,1.0848924269224,1.39700404812401,0.582518500406738,3.75275754928589,1.15385210514069,0.619262740239952,2.2909323031581,2.17562304348891,3.47040849547172,0.0326387849370916,0.360965251922607
0020,NaN,unmatched,0,NaN,32,23.223,6.38307648642292,0.761904761904762,0.680615838724466,0.444444444444444,8.45603383044593,6.19523272565452,0.745629699031244,1.36492593658821,1.33971560456483,0.0709760039746727,1.47160363197327,1.35216462612152,0.110765231545404,1.79986929032227,-0.380751611617003,4.76346130400151,0.020515895276032,0.113974928855896
0020,NaN,unmatched,0,NaN,9,8.791,3.38513750128654,0.9,0.822473071247957,0.75,4.84830067916119,2.75773306096807,1.46344300571351,1.75807468379817,1.33769591239052,0.0686631504053058,1.47160363197327,1.34019166231155,0.109099690131999,1.79413644125671,-0.24757992755224,4.77263776199724,0.020501686023009,0.103211522102356
0020,16,irregular,1,3.25712732376286,705,117.66,29.9605386973981,0.854545454545454,0.863328956033775,0.626666666666667,43.3160713792767,21.8590902456787,0.639943000002342,1.98160449005145,1.28314806764869,0.125488274787072,1.80203330516815,1.249351978302,0.279677742228237,1.66221289209416,1.42805300537387,4.02514565208081,0.0344149643120703,0.116811394691467
0020,20,circular,1,1.06666661334,4127,282.422,72.4890309020752,0.90365666739654,0.249027159739213,0.6612722320141,74.0917687863552,71.7576188707961,0.650200478091755,1.03252825208375,1.27271131898441,0.229448800219308,2.36706781387329,1.21839535236359,0.401088983004803,1.67243804840875,1.30933150749945,3.62142121303392,0.020713676446301,0.328261613845825
0020,15,circular,1,1.37014807713287,5862,348.161,86.3928828737502,0.905468025949954,0.410898708525784,0.703721488595438,91.5883042544229,83.4993170908025,0.607708675069884,1.09687489006436,1.27560339151394,0.204921493335391,2.46343970298767,1.22813159227371,0.440495710263984,1.66915521824525,0.936041696818418,3.693885890085,0.0215498445280902,0.318583965301514
0020,NaN,unmatched,0,NaN,95,42.997,10.9980796846468,0.778688524590164,0.814743939154374,0.452380952380952,15.4769869156584,8.97388098367262,0.645739212152084,1.72467040111383,1.31142608598501,0.0803384489659212,1.49681508541107,1.31871944665909,0.152995731337434,1.72628722163094,-0.23952784552,4.64006042172032,0.0215348856114918,0.107672095298767
0020,19,irregular,1,4.37018826931052,302,76.21,19.6091392597946,0.805333333333333,0.689122093059278,0.599206349206349,23.7438924753927,17.2058989399263,0.653420692723716,1.37998558275238,1.28498229344774,0.194095264928875,2.13894319534302,1.22946107387543,0.358971845012088,1.68883158331992,1.79390531618328,3.95975943711047,0.0419840982315544,0.152867674827576
0020,10,irregular,1,10.6535214706418,2091,381.466,51.5979058493775,0.512625643540083,0.934078787876097,0.388950892857143,108.937022380227,38.8978120406745,0.180572755775819,2.80059511486955,1.32885163517615,0.233926381963906,2.6417601108551,1.29946541786194,0.468220767945657,1.82056490523692,1.90587522786736,3.83261516930652,0.0275061849845714,0.259696841239929
0020,NaN,unmatched,0,NaN,175,77.028,14.9270533036046,0.751072961373391,0.968910464990536,0.555555555555556,32.9339332017981,8.14823784102561,0.370638619194841,4.04184731034468,1.34202148893018,0.0813835751512233,1.55375015735626,1.34317225217819,0.174945460522956,1.80764002767004,-0.358629593693739,4.41484681026503,0.0226176506289437,0.0808315277099609
0021,NaN,unmatched,0,NaN,241,93.139,17.5171553136111,0.63254593175853,0.976036717927844,0.4198606271777,44.1707364023082,9.61181259900141,0.349111186526404,4.59546375330884,1.33979895689958,0.103584728309814,1.56163656711578,1.35437548160553,0.24415129442258,1.80578760621442,-0.922995001584768,4.33783473215607,0.0228172595566611,0.125975489616394
0021,NaN,unmatched,0,NaN,20,19.948,5.04626504404032,0.689655172413793,0.815932604493459,0.37037037037037,8.11692721986017,4.69277734120849,0.631598573694813,1.72966382798164,1.37443267793175,0.0587654855105985,1.51740872859955,1.37657487392426,0.113809997696069,1.89251398837132,-0.152318633254673,4.58144106222497,0.0225322095241611,0.0859298706054688
0021,NaN,unmatched,0,NaN,140,59,13.3511623562491,0.740740740740741,0.643861311510731,0.43343653250774,17.8632134461822,13.6678987308317,0.505398415975376,1.30694657591272,1.36938220531017,0.0874265556789045,1.66690623760223,1.37461054325104,0.199209430437777,1.88284572997469,-0.264752166112144,4.31828910048558,0.0353350858654271,0.117077827453613
0021,18,circular,1,3.17571827511317,5114,275.334,80.6929181017493,0.951441860465116,0.487221350584891,0.717452300785634,87.0724097953424,76.0384642635789,0.847717013402336,1.14511005237449,1.40167245775623,0.503326728553462,4.02282333374023,1.1864333152771,0.673622971431829,2.21801198005341,2.0449814197051,3.56179593910309,0.0344220631332426,0.46153998374939
0021,NaN,unmatched,0,NaN,23,16.011,5.41151637980601,0.92,0.843897831352733,0.657142857142857,7.63822001449137,4.09793493733296,1.12745907076096,1.863919298695,1.30849878867467,0.0951124195575909,1.50894546508789,1.31953942775726,0.264244288319304,1.72120205028406,-1.3461198321264,4.00330588852463,0.0285888937837742,0.0776932239532471
0021,NaN,unmatched,0,NaN,1290,226.506,40.527509332654,0.595842956120092,0.950366558987242,0.478664192949907,87.5352695735511,27.2350631814558,0.315965855024967,3.21406522872153,1.25921158417585,0.164130108306375,1.82307851314545,1.25347149372101,0.50387526081406,1.61255028038896,0.0574225313330981,4.1084638343121,0.0336309638748814,0.223010897636414
0021,NaN,unmatched,0,NaN,13,12.918,4.06842894512822,0.764705882352941,0.712454668366593,0.52,5.62160254157377,3.94478046934888,0.978954835524817,1.42507360935643,1.19104512777328,0.147833117055189,1.75460779666901,1.18613481521606,0.359723663808396,1.44040815948193,0.218010985017156,4.32915833137898,0.0705502446213987,0.206383109092712
0021,NaN,unmatched,0,NaN,11,9.643,3.74241031850956,1,0.848964551560678,0.733333333333333,5.3234767213015,2.81319020400894,1.48654553108507,1.89232733489377,1.11239903076835,0.199097614599902,1.56185305118561,1.12457096576691,0.390109647302107,1.27700252490654,-0.191505429206688,4.722605944802,0.0510226759399781,0.306405067443848
0021,NaN,unmatched,0,NaN,22,17.318,5.29256742840123,0.916666666666667,0.768930842155403,0.523809523809524,7.33485477578612,4.68940710825398,0.921800786270033,1.56413265183904,1.09497234743205,0.229275363266605,1.59305346012115,1.1209608912468,0.451871603431734,1.25145675180172,-0.133915388694043,4.73876132015819,0.0609202322789642,0.386379659175873
0021,NaN,unmatched,0,NaN,30,18.55,6.18038723237103,0.909090909090909,0.786175361562343,0.612244897959184,8.29142555712661,5.12412984564912,1.09557797002572,1.6181138665264,1.32516457857909,0.122546131531574,1.64134907722473,1.33685612678528,0.233409268238934,1.77105811446231,-0.100358057443819,4.63345896694762,0.0415925370455672,0.175865530967712
0021,NaN,unmatched,0,NaN,17,18.732,4.65242649168128,0.653846153846154,0.76393967195381,0.404761904761905,7.51324161326872,4.84820217803959,0.608822209926857,1.54969643124635,1.29103215348687,0.142956991409696,1.55752718448639,1.33190268278122,0.319655883084546,1.6871716106196,-0.888793987486268,4.33269577799199,0.0433163930602181,0.163385391235352
0021,13,circular,1,1.67773264076313,4765,257.394,77.890862305299,0.958945461863554,0.358284558222196,0.726704285496416,81.0158735243085,75.6374268051174,0.90380747927283,1.07110827200731,1.44371006179277,0.532151072621176,3.70029377937317,1.20682036876678,0.650151158882551,2.3674692597572,1.5201977041754,3.8845369054063,0.0399381280867613,0.585574269294739
0021,NaN,unmatched,0,NaN,17,16.119,4.65242649168128,0.944444444444444,0.949474565148922,0.404761904761905,8.94662971504397,2.80784596790728,0.82220969767127,3.18629647683702,1.35724926742054,0.087359581555511,1.62288725376129,1.36491620540619,0.191006008455204,1.84974639904062,-0.129105584985954,4.37860755654951,0.0322505483565578,0.0999248027801514
0021,NaN,unmatched,0,NaN,49,31.435,7.89865416966859,0.830508474576271,0.95407725964258,0.5,15.9538493966504,4.77914548473054,0.623130508247392,3.33822216704288,1.23352084245557,0.144346072789494,1.5552476644516,1.25838106870651,0.304433525808413,1.54238676056443,-0.428579375722135,4.61024563151554,0.0492342352831028,0.202009201049805
0021,NaN,unmatched,0,NaN,196,86.267,15.7973083393372,0.588588588588589,0.953769050798856,0.384313725490196,34.6989616209831,10.4284435982101,0.330960790052497,3.3273384752197,1.21521097554909,0.161635138903066,1.7068772315979,1.21006864309311,0.357370160985454,1.50285301293124,0.199653135075879,4.46914916741188,0.0443456797818314,0.264661908149719
0021,11,irregular,1,2.49994243361164,4812,305.553,78.2740614077589,0.89226775449657,0.679970692908693,0.628526645768025,92.5803348385477,67.8835390093203,0.647682821637596,1.36381125954315,1.31501208834737,0.221696157780833,2.19460821151733,1.26083099842072,0.412143843437478,1.77840383748438,1.25801710278262,4.15524219500491,0.0268054025344326,0.24573540687561
0021,NaN,unmatched,0,NaN,375,81.007,21.8509686118416,0.842696629213483,0.648149186421613,0.51440329218107,26.1968356779795,19.9492409550629,0.718118365945726,1.31317455821952,1.25373795543552,0.190980085158512,1.74715602397919,1.24065470695496,0.367500010205254,1.60831574255792,0.318138069065899,4.63643622893297,0.0478346387923078,0.298752903938293
0021,7,circular,1,0.555324267087363,5238,273.612,81.6653459878961,0.951325826371231,0.342532943166568,0.725384295803905,84.6852395575809,79.5622752986666,0.879235220629461,1.06438936342234,1.52347274778949,0.595427265254543,3.99526643753052,1.24399173259735,0.68868552611131,2.67548643167045,1.4334815354892,3.91084105348086,0.0440660597045248,0.719210743904114
0021,NaN,unmatched,0,NaN,36,25.555,6.77027500257308,0.857142857142857,0.891175720363044,0.5,10.9158604852338,4.95207049753842,0.692724573925771,2.20430231973876,1.33227045217959,0.0829047460138719,1.56081628799438,1.34109675884247,0.174225834253331,1.78180949360844,-0.365590505619819,4.45752452958563,0.0261276732388786,0.10935640335083
0021,5,circular,1,3.53692318298725,3315,217.35,64.9676003158272,0.951219512195122,0.474923224288459,0.738636363636364,69.5673515202678,61.2211638738128,0.881808148555647,1.13632847071738,1.49900332992882,0.558805011736581,3.57552647590637,1.27813398838043,0.658381928271531,2.55925121137482,1.34338715002823,4.16150952411489,0.0420721374339517,0.710391759872437
0021,16,irregular,1,4.27491542348076,2850,216.581,60.2389633252035,0.898770104068117,0.275162832954952,0.674715909090909,62.1042703538598,59.7068987312831,0.763508743433147,1.04015233873336,1.29264432375312,0.315922131920098,2.56680417060852,1.20244991779327,0.486910874729641,1.77072832422001,1.57654343370255,4.15455570200508,0.0323380878206545,0.34744918346405
0021,NaN,unmatched,0,NaN,142,60.431,13.44618962206,0.763440860215054,0.954868970263177,0.385869565217391,26.0165834167907,7.72763695887479,0.488628333812857,3.36669327962049,1.31777888301577,0.117473878033839,1.52863109111786,1.3419326543808,0.232164502598153,1.75033238174155,-0.847734933295188,4.55973719057187,0.0262536439418013,0.155387043952942
0021,NaN,unmatched,0,NaN,10,8.146,3.56824823230554,1,0.657535505639407,0.833333333333333,4.25832517937902,3.20832251080426,1.89374305228969,1.32727466301745,1.13296640955884,0.154905942234445,1.50885701179504,1.11958891153336,0.296961727737083,1.30756526538372,0.3062762128187,4.72581891668178,0.0625475468090955,0.237549662590027
0021,NaN,unmatched,0,NaN,20,14.233,5.04626504404032,0.952380952380952,0.745260850425976,0.714285714285714,6.37922142741002,4.25349275851499,1.24064337559482,1.49976073537202,1.34485845470134,0.0681363583401546,1.51610088348389,1.34723919630051,0.140409228168,1.81327966205995,-0.122537177505976,4.54524820587488,0.0237340773206465,0.0928082466125488
0021,8,irregular,1,11.2788400794767,18,17.045,4.78730736481719,0.75,0.897485687496489,0.428571428571429,8.16091106920418,3.59931744586334,0.778553314590587,2.26734962724208,1.31069550860641,0.0799746274635813,1.49922263622284,1.31921738386154,0.174853242495538,1.72430954629184,-0.413598586339819,4.50062007685931,0.0392732610507272,0.110819339752197
0021,NaN,unmatched,0,NaN,8,9.734,3.19153824321146,0.888888888888889,0.913849903848607,0.533333333333333,5.66750954241373,2.30130446775649,1.06100435668158,2.46273781753829,1.36155980980915,0.0591939160583555,1.49629521369934,1.37055122852325,0.112968506795387,1.85734294161245,-0.465912587985169,4.55786101361568,0.0232718236200927,0.0825170278549194
0021,19,circular,1,0.398901627439056,6130,299.738,88.3456756679496,0.959611772072636,0.116117683717929,0.75679012345679,88.7145265250598,88.1144137639537,0.857406414428489,1.00681060833831,1.33490774316437,0.411363010793593,3.46695613861084,1.14123666286469,0.561151017926866,1.95119107416201,2.03304976352408,3.33636273434618,0.0242250713725594,0.399733066558838
0021,10,circular,1,0.842323134597155,4979,252.631,79.6207240185391,0.979732388823298,0.337520852719383,0.768364197530864,82.1379617290946,77.3179460846423,0.980344480362385,1.06234019252368,1.38193544965754,0.570386351781129,4.06890344619751,1.12885236740112,0.734982540283777,2.23506921659531,1.79198299698126,3.39465496551441,0.0374235350113695,0.45130455493927
0021,9,irregular,1,9.39547215376871,4540,245.493,76.0296490396848,0.970915312232677,0.293692781323609,0.746219592373438,77.905442169838,74.4698015832877,0.94664575249408,1.0461346816227,1.38792864969351,0.513406471404951,3.36746692657471,1.16215574741364,0.595080137172998,2.18991746195912,1.95206026798557,3.73825792437294,0.0353827247340083,0.417248010635376
0021,4,irregular,1,3.99069326354618,326,67.394,20.3734162963324,0.900552486187845,0.459143876915879,0.674948240165631,22.0617084079464,19.5987816321215,0.901955262709714,1.12566734106513,1.3020433829849,0.272704572975207,2.40675806999207,1.22144329547882,0.457506278072924,1.76964257277558,1.6563461003434,4.13737207616166,0.0492538758072119,0.260192632675171
0021,12,circular,1,0.825902297097907,4720,244.567,77.5221945712966,0.981288981288981,0.118013780568418,0.775805391190007,77.819212247526,77.2754082794585,0.99164482565494,1.00703721895717,1.34302751711371,0.47620325377947,3.41537356376648,1.11115157604218,0.591843006313343,2.03047912535925,1.56217769699235,3.55290524754852,0.0365417029442892,0.530663132667542
0022,17,irregular,1,4.9093498589044,605,108.919,27.7544577422218,0.82537517053206,0.475362399027182,0.591397849462366,30.421896944933,26.7648832286213,0.640852300899304,1.13663477195376,1.35738082280604,0.204827544567801,2.35700488090515,1.29662787914276,0.351433843530853,1.88442432309561,2.26199707350114,3.69640037615592,0.0376832136203838,0.145620465278625
0022,7,circular,1,0.760083412557566,3740,217.672,69.0066366178609,0.979313956533124,0.126109816336189,0.774327122153209,69.3082376633413,68.7549006045281,0.991919278158205,1.00804796536608,1.28296504486562,0.369490537083176,3.04268741607666,1.15471619367599,0.569125595384441,1.78251331505106,1.3884846858516,3.81778002035039,0.0323431866725392,0.430222392082214
0022,12,circular,1,0.556333743579274,4054,230.831,71.84506325668,0.972415447349484,0.156657421903496,0.760743103771815,72.3633288620076,71.4698589780559,0.956104456195415,1.01250135227252,1.34852168993731,0.381080509961276,3.16347241401672,1.18530404567719,0.555829662901902,1.96372409949973,1.74067331822175,3.63513600271354,0.0353168073527146,0.349817514419556
0022,10,irregular,1,6.29931255591256,1519,189.496,43.9778452001995,0.769893563101875,0.512723801560024,0.6076,49.6529048050101,42.6296807271794,0.531578667037004,1.16474962885079,1.34524064775064,0.24387380880329,2.62284755706787,1.30170434713364,0.477707408487601,1.86913915491432,1.99367781085978,3.85821799873203,0.0312670422269679,0.213689208030701
0022,NaN,unmatched,0,NaN,13,11.231,4.06842894512822,1,0.73458330918516,0.65,5.30531096504978,3.59975166550062,1.29513894193928,1.47379915561813,1.32604907572269,0.0704210823598221,1.49525094032288,1.32829385995865,0.13487307397645,1.763357014851,-0.265983488644426,4.58506741553895,0.0240971703413856,0.0841456651687622
0022,NaN,unmatched,0,NaN,10,8.791,3.56824823230554,1,0.630126037812604,0.833333333333333,4.25832517937902,3.3065591380366,1.62604778412612,1.28784183243357,1.37749900744445,0.0784422207328757,1.65497064590454,1.37729531526566,0.154271640244453,1.90364555043512,0.653713141776552,4.38756922611114,0.0244504106725878,0.109418869018555
0022,3,irregular,1,4.61606838184069,5311,276.119,82.2324462854441,0.956247749369824,0.421732449237425,0.727733625650863,86.5609342893652,78.4865581605152,0.875373875991467,1.10287591045,1.3539863147548,0.532500076986856,3.5552875995636,1.16085565090179,0.792431112658698,2.11682257863458,2.020952620153,3.57485258773943,0.0338146089946651,0.345144748687744
0022,6,circular,1,1.50558487840505,6561,352.984,91.3987125347365,0.933817250213493,0.334745054325003,0.726980609418283,95.6742070205952,90.1546408144437,0.661713296349441,1.06122331758286,1.41335110161355,0.581964448304418,4.1769118309021,1.14463531970978,0.614209959180341,2.33623120823736,2.21596182550124,3.16552724111214,0.0291700240110954,0.387640118598938
0022,9,circular,1,0.753908758662478,4934,307.919,79.2601029126464,0.896113330911733,0.125442852336923,0.659625668449198,80.1930004868256,79.5595437137041,0.65393718555592,1.007962046331,1.30293082008984,0.375932384838676,3.39292216300964,1.16068387031555,0.565613386830916,1.83894763983817,2.35217001621501,3.47199435713627,0.0251769739771519,0.353378653526306
0022,NaN,unmatched,0,NaN,175,59.225,14.9270533036046,0.988700564971751,0.959000385753019,0.378787878787879,28.6795255895297,8.1279141746367,0.626957026361248,3.52852219810891,1.92997424230066,0.623033206698935,3.69162678718567,1.71377331018448,0.552450014846418,4.11274553425637,0.884839736922055,4.43950564159597,0.051513201825909,0.750454425811768
0022,5,circular,1,0.797741508586027,3676,218.45,68.4136577478975,0.972744112198994,0.0973613433785257,0.761076604554865,68.6053065051088,68.2793694773916,0.968013175881832,1.00477357992922,1.23737884128815,0.274996279384864,2.75338935852051,1.11893582344055,0.505521712467343,1.60672400692006,1.25024678041704,3.70598374471205,0.0329053346734668,0.353482484817505
0022,18,circular,1,0.454083426584657,4345,247.024,74.3789339925915,0.954315835712717,0.220041069480669,0.732838589981447,75.5242996749922,73.6732450646927,0.894790459904255,1.02512519448104,1.35159733698915,0.432412100688464,3.44903111457825,1.17197501659393,0.626476231256955,2.01378501575429,1.51050030905386,3.79201563882046,0.0362088897503172,0.464716553688049
0022,NaN,unmatched,0,NaN,11442,586.9,120.699655636873,0.7991339572566,0.888424905128628,0.487474437627812,186.854938313077,85.7705257567973,0.417429933248091,2.17854486333574,1.34036228723325,0.350213882935487,3.50575494766235,1.20476394891739,0.631406088470556,1.91921913404993,1.93800771523357,3.45885177630389,0.0302450059551168,0.339212775230408
0022,NaN,unmatched,0,NaN,37,23.14,6.8636625175777,0.822222222222222,0.840378572010355,0.587301587301587,9.82612690963843,5.32575947704162,0.86833014616096,1.84501890331268,1.36230573343591,0.0856314797355645,1.69199192523956,1.36474919319153,0.209139515750658,1.86320029673112,-0.177254776350886,4.17952083421444,0.028951755868355,0.0996987819671631
0022,8,irregular,1,5.1934339117912,3030,213.512,62.1121229756925,0.93403205918619,0.42453531828141,0.730472516875603,66.0889603282981,59.8376966458056,0.835233519729271,1.10447032611391,1.33046544979303,0.320510794696764,2.73083138465881,1.22205013036728,0.555890466420262,1.87285763964406,1.38036954569055,4.02431175331485,0.0362778264464877,0.376245260238647
0022,NaN,unmatched,0,NaN,13287,587.932,130.067420328444,0.775430405602568,0.870707982139255,0.498387096774194,209.117607257736,102.84411787869,0.4830394506288,2.03334533438656,1.37957772451626,0.449921195094724,3.74816346168518,1.19843631982803,0.655678954970771,2.10566129409364,2.31829484699179,3.35957787216222,0.0331920689325243,0.305960416793823
0022,19,circular,1,1.06568928854596,2718,213.158,58.8274177793839,0.897029702970297,0.417229006044738,0.674441687344913,63.0290383523998,57.2808773199529,0.751719892467778,1.10035043633043,1.25721841978144,0.349434345026145,3.02033448219299,1.17929917573929,0.725555342592575,1.70269269316188,1.51537935984404,3.87875591489303,0.0339215512598029,0.382350564002991
0022,NaN,unmatched,0,NaN,89,37.828,10.6451077721848,0.855769230769231,0.858403733157135,0.55625,15.2879523370217,7.8423325858037,0.781579410307641,1.94941392369615,1.31267887740223,0.110978573185806,1.54842698574066,1.33093124628067,0.194671818471538,1.73543067495499,-0.339996569055453,4.7219409083497,0.0280943864006214,0.175508499145508
0022,1,irregular,1,1.00787776647908,7299,336.996,96.4021547322566,0.934690741452171,0.48653663516885,0.715518086462112,103.428841514933,90.3616598524209,0.807651000963148,1.14460980114634,1.41443747243193,0.471691308096545,3.30962014198303,1.21690237522125,0.582162746042307,2.22311861953664,1.9106034790482,3.71378767162505,0.031636255623072,0.340374112129211
0023,7,irregular,1,5.60548623998012,1238,128.247,39.7022739447268,0.960434445306439,0.412196153510232,0.687777777777778,41.7744307009434,38.060480258314,0.945880079601168,1.09758023065981,1.50404197183571,0.328593907222957,2.75145173072815,1.40616571903229,0.44787324474574,2.37009773919214,1.97809589677598,3.84629076100632,0.0360950616886978,0.215749502182007
0023,2,circular,1,0.68848230141785,120,43.89,12.3607744647421,0.833333333333333,0.653652080654788,0.625,14.7060340082489,11.1294557805155,0.782816459178093,1.32136146620888,1.36598964775395,0.213920859270383,2.12621402740479,1.38175249099731,0.372218764401354,1.91165012772726,0.645241577981478,4.31797880830022,0.0689168531962897,0.314431428909302
0023,NaN,unmatched,0,NaN,10,9.552,3.56824823230554,0.909090909090909,0.842069540155331,0.625,5.24156177707008,2.82713579508035,1.37727681434365,1.85401839776894,1.17662321010398,0.192833213519798,1.7051020860672,1.13250583410263,0.326075138985443,1.42156227011079,0.637324233587203,4.59924352671189,0.0574746122254741,0.300414800643921
0023,20,circular,1,0.586284532862667,3963,225.868,71.034134863356,0.97707100591716,0.151842157787891,0.764467592592593,71.4901328808189,70.661187253708,0.976167903080219,1.01173127227731,1.45530604947051,0.613096402825276,3.81097030639648,1.15742498636246,0.646136888027667,2.49377508624716,1.47042210392782,3.92039961628824,0.0402508718278446,0.738728404045105
0023,19,irregular,1,5.84668266218476,4196,292.544,73.0924970821817,0.858428805237316,0.337270394107325,0.616696061140506,76.7207083349008,72.2254746887573,0.616116660819049,1.06223889376311,1.41262539333779,0.200799603115377,2.34453725814819,1.37662088871002,0.43089880909605,2.03582899667479,0.936169491987528,4.08845855941502,0.0346959515555313,0.239470481872559
0023,NaN,unmatched,0,NaN,26,17.971,5.75362739175159,0.896551724137931,0.791462163767239,0.619047619047619,7.6964479602155,4.70420878729169,1.01166965518262,1.63607703403966,1.49288965001745,0.0837074372292076,1.74750673770905,1.4809490442276,0.139119422002429,2.23571646078774,0.709478238094539,4.55119293018858,0.0262866670299021,0.11536967754364
0023,6,irregular,1,2.1097410333137,217,60.985,16.6220630851748,0.84108527131783,0.664180215743161,0.589673913043478,19.8215149024339,14.8180194263204,0.733201832222116,1.33766290434375,1.41963553139868,0.235777307466153,2.34453725814819,1.38220781087875,0.43089880909605,2.07092006926647,1.27754806894627,4.14649412368935,0.0563828207469425,0.200741529464722
0023,17,circular,1,2.25764051482363,4352,243.194,74.4388238669004,0.966681474900044,0.352761511454311,0.773688888888889,77.1750097188608,72.213680392177,0.924683352251939,1.06870345479887,1.4778285857061,0.478472750518419,3.67332696914673,1.30645787715912,0.64537699436536,2.41289974436207,1.42939857774997,3.94867161326528,0.042234787403716,0.505591869354248
0023,1,circular,1,0.85870880650912,5578,282.065,84.2741370797277,0.957432200480604,0.287774221378261,0.74572192513369,86.297317302934,82.6467924395259,0.881028533002993,1.0441701940953,1.51949377711408,0.628096771501709,3.74034285545349,1.24639081954956,0.640810114783553,2.70334947405744,1.82258133888728,3.73545330111217,0.0375739839527803,0.433318972587585
0023,5,circular,1,2.03861381846818,1559,220.782,44.5531194221249,0.793384223918575,0.703362056253773,0.579985119047619,55.4927179684073,39.4459874266812,0.401909852648059,1.4068026075289,1.30113099408913,0.278538487470088,2.67551732063293,1.25088667869568,0.531353914896497,1.7705175379376,0.77055293389489,4.1161652919851,0.0420652497276324,0.413623809814453
0023,NaN,unmatched,0,NaN,32,22.859,6.38307648642292,0.864864864864865,0.914358886080613,0.444444444444444,10.9388445485561,4.42918972377474,0.769565140713801,2.46971686262144,1.40989702257323,0.187924728426979,1.73449683189392,1.42610627412796,0.311087311820574,2.02308182556946,-0.543729357254048,4.73360581313813,0.0477830276142641,0.244186639785767
0023,NaN,unmatched,0,NaN,90,67.286,10.7047446969166,0.526315789473684,0.980715793067488,0.32258064516129,32.837204622937,6.41768139803423,0.24980604925928,5.11667728363629,1.3753310637369,0.219708255442251,1.89181804656982,1.3610692024231,0.381283697807831,1.93978065640153,0.108659053522072,4.69702999392714,0.0504200677252219,0.299003958702087
0023,NaN,unmatched,0,NaN,81,52.846,10.1554125038596,0.680672268907563,0.988669530885803,0.405,29.5808030373157,4.44032966982135,0.364477431616244,6.66184838444795,1.37318447965478,0.201475441584152,2.04632019996643,1.39655947685242,0.384675566827129,1.92619575257267,-0.297466128173265,4.40628992117411,0.0498978948586506,0.301772594451904
0023,NaN,unmatched,0,NaN,15,15.73,4.37019372236832,0.833333333333333,0.948795353731951,0.46875,8.49276592369209,2.68279171942566,0.761804752785048,3.16564489975027,1.39900952169583,0.158470502438713,1.78698468208313,1.40188109874725,0.292784893551441,1.98230317155165,-0.108732252209894,4.60392229518599,0.0504780966417593,0.223444700241089
0023,9,irregular,1,3.06988871955449,999,124.649,35.6646366193521,0.901624548736462,0.557683352773147,0.595706618962433,39.6846780155208,32.9404170031708,0.807974686669484,1.2047412153799,1.44672182474898,0.273037904762814,2.65064597129822,1.34529387950897,0.405640876157524,2.16753973569909,1.91703244598661,3.80236744296977,0.0400491738603426,0.209375381469727
0023,11,irregular,1,1.16613297745614,2863,218.136,60.376194121332,0.912946428571429,0.267827813543769,0.721522177419355,62.0834934390051,59.8153843566679,0.756095270999558,1.03791849048086,1.44751505884859,0.218738019996028,2.19351601600647,1.40876829624176,0.346388573480708,2.14314213951711,0.930353440387228,4.46830100147952,0.0307985130213571,0.266360759735107
0023,10,circular,1,0.706605259238915,5350,258.27,82.5338207302505,0.985811682329095,0.0634611436810866,0.776600377413267,82.6399180074617,82.4733415609256,1.0078959984481,1.0020197610935,1.58602154409397,0.817023032954289,4.58229112625122,1.17982578277588,0.652317649677014,3.18295833122251,1.79644345314595,3.0806474127226,0.040099072853516,0.560716390609741
0023,4,circular,1,0.788961141792608,2111,174.047,51.8440804618611,0.937805419813416,0.288714543583083,0.738111888111888,53.1458960539573,50.8826900078378,0.875719486211237,1.04447889932256,1.32447081782452,0.33327209359876,2.69460892677307,1.23875027894974,0.50451239375542,1.86528052736948,1.11349706207828,4.2075960231752,0.0344514589417639,0.503195881843567
0024,NaN,unmatched,0,NaN,15,11.396,4.37019372236832,1,0.8,1,5.77350269189626,3.46410161513775,1.45143048979046,1.66666666666667,1.20715906236483,0.113835083302127,1.64853847026825,1.17799580097198,0.260249123727283,1.47016889164655,1.31731993183845,4.14132973823488,0.0523736820190388,0.112037777900696
0024,18,irregular,1,0.448655382538461,69,40.847,9.37302131581521,0.669902912621359,0.943107615301628,0.450980392156863,18.7692808244055,6.24055375052752,0.519683136081816,3.00763066463756,1.25935173740147,0.143217941526306,1.64853847026825,1.2507483959198,0.282901999552805,1.60645906135428,0.1518311390423,4.65546388328884,0.0571137073406986,0.207297205924988
0024,8,irregular,1,1.61379183405967,2612,203.639,57.6688970836815,0.928876244665718,0.295355149113595,0.627884615384615,59.7742384288752,57.1075621169491,0.791518600655131,1.04669567764887,1.23618377824273,0.259763982062734,2.15403056144714,1.15716075897217,0.444124796672521,1.59562232832041,0.871815190457533,4.36998525613522,0.0320546657096421,0.368216156959534
0024,16,circular,1,0.684689715624555,4555,240.374,76.1551451070029,0.981892649277862,0.232434546998862,0.778366370471634,77.2797038450045,75.1631704473502,0.99065688983368,1.0281591820177,1.35492359067821,0.490268797894147,3.35922002792358,1.12347131967545,0.613612043965966,2.0761677395201,1.58537251401289,3.64598070515793,0.0373836834278036,0.499183297157288
0024,4,circular,1,0.703429966417791,3647,216.01,68.1432654020127,0.976439089692102,0.0760474619340516,0.766015542953161,68.2737412279291,68.0760340553554,0.982195439987303,1.00290421108276,1.34088089481921,0.476872823297252,3.39210057258606,1.15204751491547,0.586207891301482,2.02535320495968,1.76737143065449,3.78031015790427,0.0331627444178078,0.504651784896851
0024,12,irregular,1,1.34178786148736,387,75.565,22.1978310609958,0.94390243902439,0.825600907036972,0.645,29.9032653783985,16.8730520949838,0.851685896637619,1.77224992906224,1.39829788707724,0.251462984631742,2.5038115978241,1.3138741850853,0.389034399104314,2.01843867746646,2.05451284344132,3.79209766332942,0.0475526154301985,0.161034941673279
0024,2,irregular,1,2.48158417693068,4453,249.066,75.29764732517,0.960733549083064,0.211980045129662,0.771082251082251,76.2606309184636,74.5275314062723,0.902056347935356,1.02325448702633,1.38040471710883,0.553568298400034,3.52883672714233,1.13390398025513,0.615570257844676,2.21193745588717,1.85623421432705,3.75452128399241,0.0351088407286304,0.465426206588745
0024,20,irregular,1,2.65533045093099,4339,248.108,74.3275614062904,0.95804813424597,0.544827474557076,0.696245186136072,81.3118197794906,68.1838771691664,0.885763904190534,1.19253734394941,1.32860041103251,0.443871848080804,3.29499506950378,1.15699565410614,0.578610406855919,1.96219106765263,2.23345485107829,3.69477241494884,0.028422970617903,0.378770589828491
0024,6,circular,1,3.05235793482026,4964,326.766,79.5006987394787,0.889605734767025,0.512001398910921,0.664613736778685,89.5705453639423,76.9397203573494,0.584208555970099,1.1641652055392,1.29798149620667,0.306632841962261,3.08284616470337,1.17414438724518,0.636514396363226,1.77877583422284,2.01131633912017,3.40280472870201,0.0258134892719316,0.323865056037903
0024,NaN,unmatched,0,NaN,126,60.645,12.6660247369343,0.608695652173913,0.769317218404719,0.428571428571429,20.2759279808562,12.9536208652222,0.430517102173227,1.56527106913349,1.34493827674447,0.177766156441102,1.67189788818359,1.39231890439987,0.340424558375218,1.84043710547013,-0.717264359768334,4.53921136221648,0.0395078296012113,0.243128538131714
0024,5,irregular,1,4.44234326253593,994,158.235,35.5752738213882,0.745686421605401,0.89541503152146,0.537878787878788,56.5417114709089,25.1742038867462,0.498874316359799,2.24601785721919,1.27268694694928,0.175745083067652,1.93693232536316,1.25574326515198,0.422086040534071,1.65061366561973,0.45204261804661,4.18293315797121,0.030201311431568,0.266164898872375
0024,15,circular,1,0.772966252005419,4567,241.168,76.2553932571689,0.980674253811467,0.14045987929058,0.780416951469583,76.6641698951232,75.9041497676327,0.986737224094775,1.01001289296853,1.42934834164703,0.620200721524196,4.01905155181885,1.14003211259842,0.62588344581408,2.42766370692057,1.95149262236459,3.46976934141237,0.0349299048242852,0.47929048538208
0024,3,circular,1,0.696268877866511,763,95.124,31.1686023528956,0.983247422680412,0.0793232543689733,0.793964620187305,31.2421798981682,31.1437341049737,1.05962987324913,1.00316101443914,1.48690607673866,0.232133464670491,2.57355546951294,1.36894977092743,0.337738604344882,2.26475781292659,1.51252604705851,2.8113682395727,0.0391881292917986,0.162622570991516
0024,1,irregular,1,9.41306149781628,673,100.029,29.2726871606753,0.913161465400271,0.695213225647563,0.61070780399274,35.0710553467346,25.2091997537218,0.845226439927671,1.39120066044766,1.38057741020538,0.22968152896727,2.39556789398193,1.30517208576202,0.375338500909998,1.95873356756303,2.0822778573582,3.81438724295115,0.036677879515894,0.150730967521667
0024,NaN,unmatched,0,NaN,31,20.717,6.28254931431422,0.861111111111111,0.873500551511248,0.492063492063492,9.47364779746726,4.61199113216423,0.907648774830015,2.05413400112537,1.32634731240352,0.0977567694412431,1.56274342536926,1.32893776893616,0.165893465327338,1.7687413742564,-0.113593160660408,4.72548270485755,0.0291884017694673,0.129509091377258
0024,13,circular,1,0.886340616148367,4788,276.904,78.078620250309,0.943076620051211,0.189257654570315,0.739573679332715,79.0429586086173,77.6144517176916,0.784703422911404,1.01840516629714,1.32296071355075,0.197786275003693,2.44927573204041,1.32991105318069,0.427333922706197,1.78934247784297,0.678514286011828,3.86261002122445,0.0238812251890541,0.307948350906372
0024,9,circular,1,0.620165169296025,97,32.576,11.1132459632328,0.96039603960396,0.503502198411476,0.808333333333333,12.0320082755719,10.3955822907007,1.14864568551848,1.15741551931488,1.24989530580739,0.181827812377023,1.89994502067566,1.21795737743378,0.358073504790047,1.59526518992342,1.17175524714781,4.24843655479907,0.0552397570322526,0.156626462936401
0024,19,circular,1,0.709448510223237,5444,262.191,83.2557270194563,0.983026363308053,0.125417763019694,0.780837636259323,83.6047086123717,82.944567430219,0.99515887534672,1.00795882361685,1.49730134425394,0.729120591242865,4.11259651184082,1.12470787763596,0.607680039845571,2.77350233541057,1.89534346862697,3.0079363571729,0.0356983203319614,0.478068947792053
0024,11,circular,1,0.568790431979446,22,13.588,5.29256742840123,1,0.526810031433486,0.733333333333333,5.8672176049847,4.98703553385956,1.49734359238202,1.17649404443765,1.02660353880662,0.152323011849692,1.73208272457123,0.985839158296585,0.357006937425876,1.07708142998318,2.35795859972455,3.8032904463553,0.0484892583252735,0.115892469882965
0025,7,circular,1,0.723448815951648,4631,244.402,76.7878397382589,0.978035902851109,0.0767182739173794,0.761176857330704,76.9241081339074,76.6973981916478,0.974260587303724,1.00295590134222,1.52068831637656,0.751287291112045,4.23497247695923,1.13597440719604,0.640635472823592,2.87689314793885,1.73925454093315,3.51075729035269,0.0403393421668204,0.642335534095764
0025,13,irregular,1,2.42562513722483,608,98.879,27.8231853532082,0.868571428571429,0.419514565051905,0.698850574712644,29.9510600589787,27.1880329840024,0.781457407282538,1.10162658977949,1.51266133343732,0.256765359061377,2.47457027435303,1.42847400903702,0.356549728279329,2.35404972349377,1.50149437707739,4.15841264739976,0.0412365537990219,0.222176790237427
0025,14,irregular,1,0.819254800577824,23,14.233,5.41151637980601,0.958333333333333,0.468230473974237,0.766666666666667,5.84893957000595,5.16816028211488,1.42673988193405,1.13172565298468,1.28961800153439,0.154383914623183,1.81928193569183,1.27673673629761,0.305059322557494,1.68691231467886,0.707470603873706,4.46046005900371,0.0644870133064922,0.197981476783752
0025,18,irregular,1,4.7945334829834,95,56.486,10.9980796846468,0.650684931506849,0.962812458007792,0.294117647058824,25.5811983730854,6.9112885464366,0.374155234900559,3.70136454312486,1.27504945619191,0.151992876613295,2.07213091850281,1.23788368701935,0.323538814296947,1.64883694068911,2.23906251954896,3.72377607029845,0.0473487757693708,0.109561800956726
0025,11,circular,1,0.809759131941163,5404,259.751,82.9493007791435,0.98649142022636,0.153889681812037,0.784438960661925,83.4656783209977,82.4714381210625,1.006492974953,1.01205557005658,1.60195849003772,0.747747806200787,3.95012354850769,1.24243891239166,0.610295107889855,3.12537044298206,1.6946133273794,3.35352072855628,0.0398929120174311,0.565393805503845
0025,5,circular,1,0.906217004005102,5388,261.24,82.8264128586591,0.982673718767098,0.123586616754193,0.772805507745267,83.1792991315988,82.5416290471427,0.99210605654782,1.00772543614437,1.58221739699605,0.757942698266733,3.91880011558533,1.21791714429855,0.628916988717741,3.07786112713912,1.75093000008156,3.35334776138345,0.0413319614051007,0.540188550949097
0025,12,circular,1,0.710973278414273,2955,204.217,61.3385918871016,0.953533397870281,0.330089429454897,0.746212121212121,63.2962899103008,59.7485116065662,0.890396748150822,1.05937852188011,1.44024205475058,0.498875846088893,3.64298510551453,1.30405777692795,0.612627215983385,2.32315407189289,1.76987732557691,3.88610371710341,0.0366712447543601,0.522485136985779
0025,15,circular,1,1.10557719460168,5065,253.573,80.3054063814112,0.981398953691145,0.14620350052601,0.771985977747295,80.7782771060649,79.9102770144685,0.989881701543189,1.01086218348911,1.6226744585807,0.678331759795155,3.4945855140686,1.30642247200012,0.600748075277846,3.09318255965124,1.54594526813851,3.82181353076658,0.0411810246788311,0.50380551815033
0025,17,circular,1,2.90816831368188,3452,247.546,66.2964773455255,0.893837389953392,0.605751665761718,0.641397250092902,75.3401528804634,59.9446765633775,0.707894967361784,1.25682808215353,1.44038642433508,0.46724090785409,3.6445689201355,1.30568009614944,0.618581633061739,2.29301408370555,1.87013024494487,3.83265204669743,0.0361480842698447,0.459829211235046
0025,16,irregular,1,0.498772758083637,4332,239.638,74.2675818092438,0.971736204576043,0.323070877439929,0.750519750519751,76.520039909033,72.4166352848306,0.947953292394081,1.05666383984927,1.42820568161703,0.556780377789974,3.31328296661377,1.16511243581772,0.595292132104119,2.34975806220598,1.65432828164105,3.79796506701982,0.0376486787745797,0.532404661178589
0025,6,circular,1,0.710230266302421,3028,204.044,62.091620541407,0.958834705509816,0.0462598443588966,0.727884615384615,62.1700472722545,62.1034905282661,0.91394082528822,1.00107170697528,1.31627263047752,0.375804125879259,3.03091287612915,1.14176738262177,0.564983103430579,1.87379121973757,1.10165130276393,3.96566276046644,0.037131370869333,0.517797470092773
0025,9,irregular,1,2.537220803272,68,42.443,9.30485298336256,0.673267326732673,0.899820347850947,0.363636363636364,16.6300996477762,7.25505783136187,0.474358437211988,2.2922077307073,1.38082431302241,0.118953172718628,1.94462049007416,1.36009073257446,0.249488643379157,1.92081330432797,1.87505338785998,3.92364336182283,0.0449785236950386,0.110821604728699
0025,1,circular,1,0.556005902532042,9,7.683,3.38513750128654,1,0.66581188486039,0.75,4.05369123455442,3.02453869019341,1.91597883403779,1.34026760765133,1.08256548794283,0.142297791622057,1.77314603328705,1.06029522418976,0.361863296107975,1.19216001482763,2.25695181771548,3.7878552337207,0.0544624660166633,0.109415292739868
0025,19,irregular,1,3.50601818223077,2992,222.529,61.7214121504653,0.916947594238431,0.366718712860142,0.666666666666667,64.3162223713935,59.8354313368028,0.759273461746544,1.07488524665878,1.43835750311909,0.460887317363907,3.26991128921509,1.32744967937469,0.560621569365771,2.28127390759384,1.8063305477854,4.01487453894673,0.0339166234701626,0.47233510017395
0025,NaN,unmatched,0,NaN,498,91.255,25.1808120059324,0.934333958724203,0.762169751540198,0.546052631578947,32.7122742526068,21.1771812883754,0.751494606367897,1.54469444290791,2.15024861557917,0.883993229189616,4.3132791519165,1.85499155521393,0.590077556826053,5.4047854445715,0.551152258858772,4.39644972211252,0.0622301898900056,1.83536279201508
0025,10,circular,1,2.48120521259232,4656,307.051,76.9948265813159,0.844396082698585,0.415302330632673,0.676744186046512,85.2210103131845,77.5241424384402,0.620585756283255,1.0992834958588,1.57505362175141,0.781784466188056,4.73142147064209,1.17508465051651,0.659854762436454,3.09195178098235,1.81656973623904,3.29323189958081,0.0364532267567175,0.570585370063782
0025,NaN,unmatched,0,NaN,333,72.133,20.5909875527331,0.973684210526316,0.616956499575061,0.629489603024575,24.5904783768849,19.3526389544762,0.804240811793675,1.27065246423136,2.21875686926607,0.83620089290183,3.83145427703857,1.95173418521881,0.551179687743009,5.62173581058307,0.432465441218279,4.5913209413994,0.067295340027293,1.74679911136627
0025,4,irregular,1,0.521695489465996,3938,233.378,70.8097262186987,0.957451981522003,0.193910600131074,0.728989263235839,71.6736647498448,70.3132415603824,0.90858538853198,1.01934803686009,1.4140808774547,0.536716588430233,3.2267849445343,1.18274050951004,0.586838918218794,2.28767170376399,1.61536218686731,4.04855182158039,0.0375883856838243,0.529888391494751
0025,3,irregular,1,4.15195113278926,1010,151.213,35.8604509199552,0.848739495798319,0.808318606097925,0.498027613412229,50.2889026073734,29.6073551702875,0.555076675365533,1.6985273530221,1.48091708048426,0.204670300436338,2.39663934707642,1.43036675453186,0.391467748014407,2.2349992864275,1.49814600810366,3.97301673744171,0.0389040577491432,0.188840270042419
0025,NaN,unmatched,0,NaN,87,37.158,10.5248202071085,0.836538461538462,0.755241913246791,0.621428571428571,13.491606789038,8.84302169554635,0.791816333075232,1.52567835447389,1.41782886946903,0.163128522454348,1.70009529590607,1.42829793691635,0.296269654440691,2.03682352880575,-0.510851039236809,4.64720437121071,0.0425918742942923,0.240427255630493
0025,20,irregular,1,12.9553473616248,285,78.559,19.0492327994993,0.766129032258065,0.771606783863758,0.576923076923077,24.6600573374827,15.6862578414961,0.580313709947681,1.57208032576435,1.42149338096281,0.173121610800172,1.80476725101471,1.39092540740967,0.300142642694221,2.05059781795272,0.0431627694559251,4.64623653662749,0.0436362849328394,0.26608943939209
0026,1,circular,1,0.52041691114981,4428,283.158,75.0859820744678,0.899817110343426,0.33318856989773,0.667873303167421,77.7987446417726,73.3533407638276,0.694000532853464,1.06060260966515,1.31644477980941,0.310243841611039,2.80854964256287,1.19528448581696,0.478421433708448,1.82927342261398,2.00456458992209,3.66340085794986,0.0245899951990513,0.323732376098633
0026,20,irregular,1,6.16744323620616,3895,261.159,70.4220705939797,0.902246930738939,0.419013350072466,0.665811965811966,74.264718308834,67.4308843307667,0.717641147667665,1.10134575641253,1.3150021804687,0.392402516047787,3.01866364479065,1.17232227325439,0.544241686788475,1.8832016974633,2.10704057517226,3.75243559008632,0.0310407826755949,0.345514535903931
0026,8,circular,1,0.791095062037502,4666,247.792,77.0774656805364,0.973909413483615,0.291664203927405,0.757467532467533,78.9236065633759,75.4920692803483,0.954948688182268,1.04545559971716,1.36692122381282,0.463101466554898,3.67230105400085,1.18683445453644,0.623251117241773,2.08292508873541,1.75013329642598,3.51732824815923,0.0358692796005179,0.392609834671021
0026,19,circular,1,0.845245709187271,5653,267.864,84.8388068420807,0.983986074847694,0.173152042828077,0.764435429344151,85.5228175694228,84.2310044859498,0.990056888474918,1.01533655085033,1.5334169608308,0.716607271189823,4.00727462768555,1.19985783100128,0.61430079663331,2.86487011142249,1.93251898246578,3.12626419216003,0.0385271056556535,0.389777421951294
0026,9,irregular,1,11.3847707561676,78,51.152,9.96557497033376,0.586466165413534,0.926449008519354,0.288888888888889,18.8472738885622,7.09449630008371,0.374609881327648,2.65660493590501,1.21926974107448,0.140239294222832,1.69902110099792,1.20907044410706,0.291908344663181,1.50627097388106,0.354094678113981,4.51144238768402,0.0648106030242452,0.197175025939941
0026,NaN,unmatched,0,NaN,834,141.852,32.5865275890072,0.875131164742917,0.954655347109218,0.378231292517007,60.7537438343326,18.087193405255,0.520840788727967,3.35893703755506,1.24402072147433,0.169739607121855,1.69279885292053,1.22706472873688,0.378676839845301,1.57639490500159,0.449553418969956,4.49002815446011,0.0317604742910832,0.237212777137756
0026,3,circular,1,0.732646702708079,957,110.647,34.9068796129295,0.963746223564955,0.26240541152299,0.759523809523809,35.6050770744606,34.3573939686596,0.98229631588922,1.03631483537253,1.53049774269854,0.296087169561978,2.80158066749573,1.40596878528595,0.379228462057482,2.43006920942523,1.90057751956292,3.30915180824416,0.040900773210533,0.133872389793396
0026,17,circular,1,0.855210881068645,23,14.026,5.41151637980601,1,0.55514520247107,0.92,6.00965406899478,4.99855051453687,1.46916316424689,1.20227935108736,1.14287519750595,0.168094813576499,2.07640075683594,1.10194623470306,0.389701130608906,1.33437437403942,2.10787469789449,3.74664125265643,0.0523900283682661,0.182204246520996
0026,NaN,unmatched,0,NaN,16,16.102,4.51351666838205,0.666666666666667,0.584647988562203,0.533333333333333,5.7907784646518,4.69798376327458,0.775479286531295,1.23260929718827,1.40747605818969,0.0825556575824586,2.03534007072449,1.40533071756363,0.229436920832496,1.98779380568897,2.46565136028908,3.47899922856883,0.0315010607865515,0.095298171043396
0026,NaN,unmatched,0,NaN,24,18.914,5.52790639154137,0.827586206896552,0.869898541781407,0.533333333333333,8.39983867724645,4.14305834118431,0.843051948197006,2.02744880364038,1.218436435831,0.136663233333312,1.56758737564087,1.21502113342285,0.294361751338164,1.50323842634795,0.178125059256209,4.56206400015495,0.0536532120147464,0.190435647964478
0026,NaN,unmatched,0,NaN,378,126.569,21.9381983742944,0.73972602739726,0.989893865786129,0.224598930481283,63.331117753128,8.98099884433789,0.296515203462765,7.05167864408038,1.38067047140194,0.305947340823425,2.80158066749573,1.34828519821167,0.530176730215835,1.9998399128904,1.69647514220915,3.77954616120357,0.0339842969780648,0.273133754730225
0026,NaN,unmatched,0,NaN,457,111.839,24.121991458915,0.766778523489933,0.944998569917964,0.393626184323859,44.7239452759959,14.6280602822615,0.459134062530229,3.05740777745015,1.36363532544529,0.211348050248097,2.39441537857056,1.36559903621674,0.428523868914959,1.90415920468306,1.03112069505774,4.01273355055202,0.0272249376720927,0.285074949264526
0026,14,irregular,1,4.43735599154089,3124,276.822,63.0682197128843,0.82405697705091,0.54637716326962,0.606837606837607,73.2090268078204,61.3154334131453,0.512294490375273,1.19397389421576,1.33663097884053,0.269440545083866,2.56105661392212,1.30290144681931,0.478279883389447,1.85917614013075,1.69783095215186,4.0370334079709,0.0261428794413572,0.301027774810791
0026,5,circular,1,0.64539056939878,4071,230.425,71.9955428246558,0.969516551559895,0.165076980980719,0.753609774157719,72.5622255270971,71.5667215254402,0.963500122210858,1.01391015237862,1.32083120526687,0.442832320543717,3.63109183311462,1.1475145816803,0.59699860917103,1.94068347365815,2.10224831788094,3.39974766115523,0.0302527597694526,0.432884812355042
0026,NaN,unmatched,0,NaN,18,13.861,4.78730736481719,0.947368421052632,0.786454161944716,0.6,6.39199978972531,3.94801002184594,1.17731653093974,1.6190434559071,1.12298025910671,0.172067778455081,1.56749129295349,1.10431164503098,0.367095672222753,1.29064643300217,0.131121577757593,4.66510071310969,0.0522818077740708,0.230157136917114
0026,NaN,unmatched,0,NaN,35,30.815,6.67558117812455,0.673076923076923,0.947577450314578,0.336538461538462,13.4921141134789,4.31108359729617,0.463184016333988,3.1296340720326,1.21007478733857,0.176021319430337,1.53629195690155,1.22788006067276,0.29719485352689,1.49523096391479,-0.40366593095836,4.81358498926618,0.0412179670122811,0.254327654838562
0026,NaN,unmatched,0,NaN,54,34.297,8.29185958731205,0.75,0.927393077144472,0.346153846153846,14.612862311792,5.46650129433044,0.576887803120543,2.67316543525704,1.18917473552353,0.168856871523517,1.58736383914948,1.16303282976151,0.302026347269087,1.44262219405921,0.234402050275931,4.76064923963101,0.0432330047332211,0.267027497291565
0026,2,circular,1,0.820874222028896,5737,280.029,85.4668079908547,0.969579178637823,0.278164786251847,0.784815321477428,87.7773037526228,84.3130292370761,0.919366542458441,1.0410882463469,1.53825564124135,0.720878021259532,4.45910930633545,1.20586556196213,0.721661900831882,2.88587165328591,1.92131458767122,3.25850962793218,0.0424241175594668,0.427993655204773
0026,NaN,unmatched,0,NaN,163,60.083,14.4061808190732,0.734234234234234,0.816094343537493,0.529220779220779,20.5023712500087,11.848703715535,0.567406425909893,1.73034719596606,1.2937086845229,0.173251860928274,1.84809565544128,1.29881030321121,0.338791685440367,1.70367734797205,-0.09476505505848,4.52069686837766,0.0478802989875049,0.253825545310974
0026,NaN,unmatched,0,NaN,59,35.422,8.66724484131922,0.694117647058824,0.882327772767116,0.468253968253968,15.0473311098234,7.0818070422354,0.590902351453788,2.12478693927724,1.33596550481315,0.153963569696574,1.86191046237946,1.33974730968475,0.352365089914082,1.80848456948452,-0.0861046597341858,4.30527774853398,0.0563075235412358,0.194528579711914
0026,NaN,unmatched,0,NaN,152,65.36,13.9115926766041,0.666666666666667,0.869408107482488,0.361904761904762,22.7456040351898,11.238481713303,0.447125423926133,2.0239036388933,1.27316836260461,0.192347974209149,1.86191046237946,1.28844946622849,0.375497466060463,1.65793542393955,-0.178987744467455,4.53527901262913,0.0488693011522897,0.301796197891235
0026,16,irregular,1,4.35216155411258,309,96.853,19.8350956469377,0.673202614379085,0.952851037722767,0.33956043956044,42.4167203897481,12.8708643764627,0.413944568616922,3.29556113319915,1.36591045643012,0.14669453650943,1.86191046237946,1.37330877780914,0.315379314541182,1.88722387788843,0.0337704636423669,4.39440311530775,0.0537573436300129,0.204653382301331
0026,NaN,unmatched,0,NaN,151,62.556,13.8657553438321,0.758793969849246,0.936109928634531,0.387179487179487,25.1855623460524,8.85795245620371,0.48489629901832,2.84327133957618,1.2782149422613,0.186601018707867,1.81481230258942,1.26505774259567,0.330553493465167,1.66863175151082,0.327947415332601,4.66901482327875,0.0518435128895679,0.275765419006348
0026,NaN,unmatched,0,NaN,67,46.826,9.23618154310838,0.663366336633663,0.960231916492479,0.262745098039216,19.6577159706758,5.48850564046916,0.383981716015746,3.58161533546232,1.27477627918987,0.176740799693628,1.71274268627167,1.2902694940567,0.294977553802138,1.6562677507864,-0.211724314015919,4.6967503805697,0.0484109066240586,0.293389797210693
0026,NaN,unmatched,0,NaN,21,14.671,5.17088294582641,0.91304347826087,0.582653121272325,0.84,5.9924456635749,4.87018612405467,1.22605435574779,1.23043463040913,1.12327145996548,0.249409066962795,1.57778906822205,1.20914721488953,0.508555214988244,1.3238251699654,-0.592747866578618,4.62582687613635,0.06058714234572,0.379704833030701
0026,6,circular,1,0.787816449203941,5835,270.544,86.1936931772254,0.984976367319379,0.198332999034732,0.770907649623464,87.1247088128103,85.3939499503706,1.00178589090486,1.02026793307308,1.67519162717104,0.803216253791517,4.02445268630981,1.28415703773499,0.647525971263129,3.45138941642315,1.58531858713657,3.6519059724998,0.044690610472918,0.675647616386414
0026,NaN,unmatched,0,NaN,66,28.375,9.16699568847508,0.916666666666667,0.470804088885683,0.66,10.050743284519,8.8671454963942,1.03010633769437,1.13348126390913,1.26762596289317,0.154337574364073,1.75977325439453,1.26297670602798,0.287534766411038,1.63066920189824,0.309833790460813,4.58946221129406,0.0526580834282481,0.225312829017639
0026,NaN,unmatched,0,NaN,104,75.21,11.5072547835032,0.442553191489362,0.970360800572283,0.185714285714286,39.1541394264366,9.46201858777731,0.231042580202522,4.13803239374465,1.23658449175812,0.153404308392027,1.7498379945755,1.23031204938889,0.290834968875975,1.55266288095571,0.300910515170134,4.52897044156938,0.0476044713073916,0.255306243896484
0026,18,irregular,1,14.2764345442996,33,18.55,6.48204481442857,0.942857142857143,0.744075053856526,0.673469387755102,8.17533296557968,5.46190755284854,1.20513576702829,1.4967907981738,1.30211982347674,0.110913289160444,1.75977325439453,1.29005515575409,0.25720695460916,1.70780091756437,0.493913586815139,4.23721496662069,0.0524204155439893,0.13773238658905
0026,NaN,unmatched,0,NaN,109,51.093,11.7806243627463,0.698717948717949,0.887456443492038,0.432539682539683,19.9917455066238,9.21402744221221,0.524703008868397,2.16970761504743,1.24975614594977,0.157671230377272,1.76554417610168,1.2364758849144,0.319320756999455,1.58673169289186,0.319668912748207,4.53185551342521,0.0500563022746105,0.206149101257324
0026,NaN,unmatched,0,NaN,35,19.286,6.67558117812455,0.921052631578947,0.640816511012798,0.729166666666667,7.80361056746866,5.99078562889939,1.18247939972676,1.30260220459638,1.29991308673398,0.12727115975746,1.76319074630737,1.30404567718506,0.273291026362778,1.70594973123954,0.173965282472623,4.39761293289833,0.0475445660867466,0.157147526741028
0026,18,irregular,1,11.2394268205364,58,25.679,8.59347971398312,0.950819672131147,0.767639629157858,0.644444444444444,10.9242422491319,7.00114733888102,1.10530374882339,1.56035028551161,1.27471610396758,0.137780826412518,1.59808886051178,1.27983266115189,0.255832089026782,1.64386288166174,0.0803083893879894,4.71217053019526,0.0497103374951033,0.18245005607605
0026,NaN,unmatched,0,NaN,97,37.621,11.1132459632328,0.873873873873874,0.550520410390417,0.62987012987013,12.5937820033185,10.5135625538824,0.861233526061353,1.19786056712698,1.30123001699757,0.163593454813657,1.85949003696442,1.30471777915955,0.329505814780419,1.71993523277545,0.138217556607941,4.46435212316486,0.0530923752126857,0.202240228652954
0026,NaN,unmatched,0,NaN,54,33.304,8.29185958731205,0.72,0.897470730420961,0.551020408163265,13.5724604800141,5.9864596578031,0.61180190943907,2.26719317523889,1.33436132651918,0.157940065750889,1.85949003696442,1.32017707824707,0.288434518821091,1.80542853016123,0.430642848732233,4.53923136190043,0.0613810666807848,0.205931782722473
0027,15,circular,1,1.6240492822933,7895,440.747,100.260790968774,0.845741831815747,0.482993678758484,0.633475086255316,109.726551340247,96.0791840529889,0.510720474188183,1.14204291410022,1.506003092548,0.579988462367152,4.2023401260376,1.29734969139099,0.648144497695,2.60442107866169,2.04340056896356,3.65080902644936,0.0367011054920977,0.457061409950256
0027,2,circular,1,6.27472515184553,6654,448.051,92.044206393818,0.81594114040466,0.701715731905087,0.663542082169924,114.123359792028,81.3079909321856,0.416521821206507,1.40359340433355,1.21370062620695,0.128294297006052,2.13506197929382,1.17991483211517,0.38591058329128,1.48952811894458,0.991654109933509,3.53670083891353,0.0201763731268752,0.202653288841248
0027,1,circular,1,0.461198308882533,4300,248.736,73.9927702033192,0.946927989429641,0.270595337087548,0.706888048660201,75.6622306348533,72.8395136015559,0.873375545566833,1.03875255192859,1.32345801977636,0.397279795994527,3.4854462146759,1.18028771877289,0.590588741802619,1.90936383269123,2.2116763272646,3.50966112652666,0.0314583187656332,0.296776056289673
0027,9,irregular,1,13.2851470122604,4585,621.386,76.4055188622571,0.644866385372714,0.818206757514663,0.469389844389844,117.128007157534,67.3397121844445,0.149219738825133,1.73936007978054,1.31802377897556,0.305508955933605,3.40101027488708,1.26176756620407,0.577828854127242,1.83051949535841,3.48256255882559,3.21514622829318,0.0283094315730189,0.207472801208496
0027,NaN,unmatched,0,NaN,18,21.536,4.78730736481719,0.642857142857143,0.803250102999899,0.36734693877551,8.02772971919486,4.78165217585556,0.487699470459018,1.67886107645596,1.26816990836658,0.0739534345218874,1.4616265296936,1.27582776546478,0.162661890979859,1.61371652475491,-0.270963127567192,4.49982426047455,0.024353395819405,0.107975125312805
0027,NaN,unmatched,0,NaN,9,8.146,3.38513750128654,0.9,0.761302566431461,0.75,4.40449823807301,2.85586253632196,1.70436874706072,1.54226549144257,1.18915282794531,0.076191494645747,1.38650250434875,1.17800253629684,0.170801607186057,1.41987907550172,0.205970687813001,4.50638745426901,0.0252541203983604,0.10452663898468
0027,NaN,unmatched,0,NaN,217,73.233,16.6220630851748,0.818867924528302,0.945839683394457,0.398897058823529,30.8974207398693,10.030356109308,0.508459009383295,3.08039120477456,1.23221808225436,0.0800209403755282,1.44066953659058,1.23154145479202,0.178818050065285,1.52476196421728,0.10097428788487,4.54470835902755,0.0223993480225476,0.109170436859131
0027,NaN,unmatched,0,NaN,14,11.603,4.22200824564475,1,0.841497986449233,0.777777777777778,6.02599379578901,3.25560492058891,1.30676446219961,1.8509597886647,1.24641568983678,0.0643789938373996,1.39362919330597,1.25623518228531,0.142003301575443,1.55768979585785,-0.507181913727465,4.46323185899292,0.0210515483359915,0.0825619697570801
0027,19,circular,1,0.56942746963147,18,12.273,4.78730736481719,0.947368421052632,0.465043718917539,0.72,5.20611486021154,4.60890953205097,1.5016921159915,1.12957627482326,0.95531771736145,0.115295950382376,1.57252156734467,0.93088036775589,0.326790073616449,0.925903828229386,2.88458368621991,3.53968675926339,0.0434449507763675,0.0822079181671143
0027,NaN,unmatched,0,NaN,10,10.106,3.56824823230554,0.909090909090909,0.840822419068787,0.666666666666667,5.33097623812347,2.88571637816844,1.23041403458186,1.84736666377,1.2638949949845,0.0485939190967944,1.38635659217834,1.26735997200012,0.0903408805380524,1.59978782059141,-0.0847865287574299,4.69668394998594,0.0205290493133831,0.0737079381942749
0027,NaN,unmatched,0,NaN,791,196.544,31.7353506343559,0.596981132075472,0.97783184097458,0.220703125,78.8147494847214,16.5031556495309,0.257315985206202,4.77573811690745,1.2009429301117,0.133381337292172,1.61781847476959,1.21551895141602,0.379795400807391,1.46005291690983,-0.491630768536428,4.23716004823863,0.0292402034283085,0.175049901008606
0027,NaN,unmatched,0,NaN,391,103.85,22.3122536287003,0.689594356261023,0.723759779129322,0.46547619047619,29.689901860226,20.4875765760307,0.455589409117715,1.44916612026049,1.25574086627022,0.0947147755088965,1.48071980476379,1.26985323429108,0.191433332462064,1.5858530706458,-0.513026913230724,4.58463427562276,0.0210571039089968,0.116998195648193
0027,11,irregular,1,7.92548564177055,828,234.677,32.4690982788361,0.507352941176471,0.845814546285131,0.346153846153846,61.8752024413721,33.008999910764,0.188929225960802,1.87449491377032,1.20574385440223,0.10915334827615,1.56823170185089,1.1879910826683,0.260214240945373,1.46573111988275,0.746058430757862,4.35200443593135,0.0294420219799546,0.129876375198364
0027,NaN,unmatched,0,NaN,204,60.389,16.1164781241428,0.825910931174089,0.565853643138353,0.666666666666667,18.8389372295034,15.532811187241,0.702949870636276,1.21284788712157,1.24023802423715,0.112454702752654,1.53681397438049,1.2237069606781,0.224278147347838,1.55082742258195,0.336604496851332,4.64030576117827,0.0355653436432771,0.164119958877563
0027,NaN,unmatched,0,NaN,16,15.639,4.51351666838205,0.727272727272727,0.811181236334906,0.533333333333333,7.00515579025353,4.09657894113419,0.822075844693311,1.71000141603864,1.28971416675127,0.0437503884141634,1.37075924873352,1.29573994874954,0.103661638114826,1.6652737836415,-0.866193458735939,4.3326242979461,0.0184973229616374,0.055680513381958
0027,NaN,unmatched,0,NaN,23,18.153,5.41151637980601,0.821428571428571,0.843531688747271,0.657142857142857,8.04943320214123,4.32318481580578,0.877083386398111,1.86192206558278,1.25307463601783,0.0795453762201333,1.43080770969391,1.25303292274475,0.1960475623444,1.57651413628422,-0.672194279126857,4.36373752607517,0.0314274547763347,0.100473523139954
0027,NaN,unmatched,0,NaN,35,19.079,6.67558117812455,0.945945945945946,0.481888630426593,0.833333333333333,7.32706602902665,6.42021319115565,1.20827751122967,1.14124964559125,1.09458699100717,0.154103912939716,1.46805810928345,1.10364603996277,0.286025723252564,1.22183486778287,0.0810154508917172,4.73276407374912,0.0433746208243458,0.268773376941681
0027,NaN,unmatched,0,NaN,27,18.732,5.86323014283504,0.9,0.898585405892051,0.551020408163265,9.18253976877088,4.02928619092567,0.966952921648537,2.27894950461718,1.11633920416093,0.166690904870603,1.45822775363922,1.13464188575745,0.308726075496986,1.273960961482,-0.221845956001693,4.70319625319146,0.042645147703289,0.307825922966003
0027,NaN,unmatched,0,NaN,112,48.141,11.9416426428837,0.805755395683453,0.851503446192465,0.565656565656566,18.1536636834344,9.51885552548272,0.607292156511426,1.9071267165297,1.25260619366311,0.0690250515134206,1.42575299739838,1.25373667478561,0.136857004770441,1.57378268960842,0.0254244251082314,4.62439623254115,0.0209139240899365,0.112683415412903
0027,NaN,unmatched,0,NaN,68,39.581,9.30485298336256,0.731182795698925,0.954799792200916,0.444444444444444,19.519850529705,5.80226881641381,0.545437825038572,3.36417548847204,1.08473097211495,0.160411796510813,1.45517718791962,1.08173751831055,0.321035718168118,1.20234924501635,0.180942361829443,4.73637413220425,0.041532564364442,0.276112675666809
0027,NaN,unmatched,0,NaN,10,9.461,3.56824823230554,0.909090909090909,0.804316459824926,0.666666666666667,4.97924787312083,2.95867492041427,1.40389872318576,1.68293172013086,1.25077710193136,0.071279151175857,1.42575299739838,1.25538313388824,0.148718820028081,1.56951524007792,-0.0810981409001624,4.53487247588138,0.0211775079600951,0.114132285118103
0027,4,irregular,1,2.2258617520819,480,132.383,24.7215489294841,0.58679706601467,0.686182917320498,0.394736842105263,36.6135169717436,26.633735394626,0.344180819349525,1.37470454028507,1.23293837506061,0.101409742110254,1.61781847476959,1.22809797525406,0.268660961456764,1.53041837553847,0.474491640191328,4.16117632300949,0.0398736247742527,0.109486937522888
0027,NaN,unmatched,0,NaN,28,16.383,5.97082132144185,0.96551724137931,0.684895534060676,0.777777777777778,7.14040384994319,5.20279296420912,1.31093462033854,1.37241744944748,1.243461168553,0.0585491466894214,1.40585768222809,1.24683183431625,0.12096893583751,1.54961860926751,0.0129035872164928,4.53572029268636,0.0192253072469571,0.0652709007263184
0027,NaN,unmatched,0,NaN,161,86.052,14.3175265567193,0.516025641025641,0.951904203812593,0.338235294117647,34.7953296612301,10.6611428965634,0.273220827885087,3.26375230112021,1.23128546344928,0.102568549401158,1.42494666576385,1.25691640377045,0.231889768749863,1.52657880479837,-0.933221125365672,4.41678840411632,0.0224637275946914,0.132322192192078
0027,14,circular,1,0.823083508994708,21,12.736,5.17088294582641,1,0,0.84,5.21901286050296,5.21901286050296,1.62690823694343,1,0.952885838127136,0.157413840642358,1.84235513210297,0.909317791461945,0.428463023182677,0.93273089114147,2.49688461493171,3.61462871634158,0.0563834544697234,0.134111702442169
0027,NaN,unmatched,0,NaN,73,50.482,9.64087582980234,0.603305785123967,0.969224833995141,0.260714285714286,24.0931087880065,5.93117442123947,0.359964455877079,4.06211435997049,1.07821902829935,0.166993147857164,1.42291879653931,1.07058930397034,0.317482886740676,1.19042247948315,0.187479003597085,4.74345285992696,0.0421030626610393,0.301040887832642
0027,NaN,unmatched,0,NaN,17,13.96,4.65242649168128,0.944444444444444,0.83124931882435,0.607142857142857,6.70875599621013,3.72939600982227,1.09619533318746,1.79888539016532,1.24136157085498,0.064999543088021,1.40619945526123,1.23054122924805,0.202488474677727,1.54519697022713,-0.0939670586000195,4.05564201750178,0.026803471076898,0.0940582752227783
0027,NaN,unmatched,0,NaN,154,66.584,14.0028172125903,0.641666666666667,0.79279555588904,0.410666666666667,19.801784417033,12.0689432298106,0.436506607000347,1.64072231014577,1.26243444889311,0.0708009549480823,1.4155855178833,1.27113127708435,0.158984239636657,1.59875033025917,-0.876708760513496,4.40954796305358,0.0210008264304462,0.0880798101425171
0027,NaN,unmatched,0,NaN,57,33.883,8.51907589177983,0.814285714285714,0.955322231017266,0.59375,16.5958144911634,4.90516340683088,0.623908651874786,3.38333570458677,1.09874853090598,0.161826853009036,1.4924556016922,1.09346109628677,0.299857875699184,1.23340828596478,0.215236046989968,4.73004267179083,0.0443650241754723,0.292052328586578
0027,NaN,unmatched,0,NaN,8,7.501,3.19153824321146,0.888888888888889,0.76533286778399,0.666666666666667,4.26009462802185,2.7419446433081,1.78674065810242,1.55367638016285,1.24345198921535,0.0754074195430443,1.40840923786163,1.25758737325668,0.187904991273147,1.55184882717583,-0.958124064695725,4.28985887705238,0.0320505413491129,0.0873990058898926
0027,NaN,unmatched,0,NaN,11,11.992,3.74241031850956,0.785714285714286,0.828922684742755,0.458333333333333,5.64302068456161,3.15649807350569,0.961212277761774,1.78774722909757,1.28461152735429,0.0647657809174009,1.42700469493866,1.29421138763428,0.144741714809382,1.65441466046375,-0.803940453777411,4.36378161357092,0.0217805526502183,0.0803855657577515
0027,NaN,unmatched,0,NaN,392,91.039,22.3407677024802,0.813278008298755,0.81243388444676,0.509090909090909,30.1478736812082,17.5778180848185,0.594348230055332,1.71510898199852,1.20941389421296,0.121336913800718,1.44613826274872,1.2321954369545,0.239914124476377,1.47739958593972,-0.588894629506425,4.64088279728408,0.0245693155537417,0.184741020202637
0027,NaN,unmatched,0,NaN,30,17.897,6.18038723237103,1,0.634659236395898,0.625,7.17952043207645,5.54827678241503,1.17698422628451,1.29400906148582,1.23600131993765,0.0611835652006812,1.45222091674805,1.23648345470428,0.155364073619592,1.53143754946596,0.180659747547715,4.26011195029436,0.0241468635650292,0.0636411905288696
0027,NaN,unmatched,0,NaN,354,131.671,21.2303273370018,0.573743922204214,0.970070888068744,0.335227272727273,53.198035017525,12.9176476108071,0.256585941973153,4.11824479350395,1.23283373335704,0.09474948198655,1.43606519699097,1.25291818380356,0.170544566216639,1.52885463577467,-0.334678149839048,4.67320408633704,0.0204654163421406,0.16290271282196
0027,6,irregular,1,6.49136935644071,3317,256.287,64.9871954302271,0.888323513658275,0.737220932579636,0.696848739495798,80.1499744502604,54.1534710506944,0.634603087465258,1.48005239359874,1.24271615621514,0.262682271411811,2.82063722610474,1.19296687841415,0.706121885667895,1.61334144265598,2.39219062048323,3.35638059523848,0.0277262074647851,0.197445511817932
0027,NaN,unmatched,0,NaN,35,25.853,6.67558117812455,0.74468085106383,0.762413436623517,0.454545454545455,9.41487418659502,6.09227300021021,0.658045640039642,1.54537956297595,1.00961962196277,0.205160132939271,1.57176756858826,0.990438520908356,0.466508254901166,1.06137217364895,0.0474062165493716,4.62300089637033,0.0495566598670384,0.324479460716248
0027,NaN,unmatched,0,NaN,28,18.641,5.97082132144185,0.875,0.714968087579558,0.571428571428571,7.54474049054548,5.27495879131311,1.01258032012454,1.43029373100891,1.23038745842189,0.0744614045828329,1.41924095153809,1.24435877799988,0.15898211293281,1.51939019298913,-0.42943486995892,4.4834799646774,0.0217247726796089,0.0919498205184937
0027,NaN,unmatched,0,NaN,87,35.686,10.5248202071085,0.878787878787879,0.794786330117437,0.58,13.9936546071546,8.49260002146661,0.858486310682775,1.6477468115516,1.06179300938334,0.239018278500289,1.55983233451843,1.1143673658371,0.524997715677353,1.1844797229588,-0.480135517133424,4.60603888624635,0.0505084585387965,0.336758375167847
0027,NaN,unmatched,0,NaN,15,13.381,4.37019372236832,0.882352941176471,0.855672334165948,0.625,6.66291941641815,3.44818057745856,1.05274692530694,1.93230002511324,1.10065642018349,0.184398775355313,1.43010687828064,1.14811897277832,0.366812120479496,1.24539297180336,-0.623743213648898,4.64371430703109,0.0487611292866531,0.303687214851379
0027,NaN,unmatched,0,NaN,416,101.94,23.0145095670064,0.796934865900383,0.878447683356017,0.383410138248848,35.8396319352846,17.1255572967307,0.503053223379082,2.09275711816552,1.2092883260318,0.108468771526551,1.49020326137543,1.21365344524384,0.23193874606859,1.47414034607275,0.0460700070781374,4.59148321054852,0.0261032278115401,0.16824471950531
0027,NaN,unmatched,0,NaN,145,53.376,13.5874844613195,0.796703296703297,0.863960923232688,0.587044534412955,20.1688951490138,10.1562258014832,0.639566661040716,1.98586517700978,1.14299310592134,0.182676645588538,1.53018772602081,1.18986344337463,0.407625149577673,1.33977806792319,-0.822361482999867,4.48669892185417,0.0441010166647252,0.205553412437439
0027,NaN,unmatched,0,NaN,38,23.876,6.95579633830205,0.808510638297872,0.666954399058469,0.59375,9.08743698629755,6.77103600196628,0.837664904376612,1.3421043668441,1.00615405412961,0.230964269315097,1.50455796718597,1.04686295986176,0.438471852593057,1.06562243289566,-0.1453438600708,4.71278450296802,0.0529155742364073,0.424054205417633
0027,NaN,unmatched,0,NaN,23,22.669,5.41151637980601,0.676470588235294,0.849084780441793,0.319444444444444,9.05602305106534,4.78390394800789,0.562435824115146,1.8930194145801,1.25082536166525,0.0586647832808976,1.39771640300751,1.25600528717041,0.137977045948188,1.56800140381194,-0.480272121112722,4.41404091096065,0.0237358633274832,0.0706033706665039
0027,NaN,unmatched,0,NaN,15,16.582,4.37019372236832,0.75,0.912203780694362,0.46875,7.77772824687364,3.18682164651127,0.685531320294119,2.44059100558332,1.27598683110305,0.0414045952588688,1.41369891166687,1.27629625797272,0.10372689219343,1.62985418255501,-0.157529715192144,4.30287165109692,0.0182640454168105,0.0553734302520752
0027,NaN,unmatched,0,NaN,24,16.474,5.52790639154137,0.96,0.823024669270381,0.685714285714286,7.65613210719464,4.34872612784033,1.11127867999142,1.76054593509131,1.01223954191914,0.221056843250687,1.55311977863312,1.0387841463089,0.452524590240697,1.07342262390901,-0.041787203660304,4.66049113006057,0.0545242559611621,0.38384598493576
0027,NaN,unmatched,0,NaN,617,114.626,28.0283570531987,0.806535947712418,0.765727633831194,0.550892857142857,36.0286628447299,23.1723741980398,0.590104264382435,1.55481102354103,1.20654690086548,0.11957395237653,1.52334809303284,1.20474493503571,0.297388029357093,1.47004983241738,-0.0122961463371279,4.45193597050565,0.0265024316362002,0.14779806137085
0027,NaN,unmatched,0,NaN,16,14.787,4.51351666838205,0.8,0.708582197327226,0.666666666666667,6.09271164091255,4.29918963612393,0.919538041756234,1.41717676041051,1.04546683969406,0.1874442526838,1.44031834602356,1.09141385555267,0.518225562362205,1.12807995411685,-1.06015497902566,4.32855200244428,0.0468890086384987,0.168322622776031
0027,NaN,unmatched,0,NaN,113,45.974,11.9948350782774,0.784722222222222,0.283684574369601,0.543269230769231,13.058347806667,12.5218802106024,0.67183670068479,1.04284241559909,1.24842755240623,0.0730459989015385,1.42975854873657,1.25299048423767,0.166768537044418,1.56390258021746,-0.265089387528293,4.50972900525947,0.0215411234869347,0.100996613502502
0027,7,circular,1,0.678743957401652,5611,265.664,84.5230565319842,0.984558694507808,0.0983167047894357,0.776608996539792,84.7467195602892,84.3361366722307,0.99904423489382,1.0048684099635,1.4338928394875,0.639989857821076,4.05960607528687,1.12344372272491,0.626261619433215,2.46561673878313,1.93807141031185,3.16563059623803,0.0376605644454795,0.374231219291687
0027,NaN,unmatched,0,NaN,27,29.707,5.86323014283504,0.642857142857143,0.973798102048808,0.25,14.8234946757272,3.37107442411168,0.384464314850901,4.39726117278865,1.26500634913301,0.0620877688995984,1.38002049922943,1.27467232942581,0.132762831640192,1.60409180041632,-0.747249967902031,4.50448194046116,0.0203518556095855,0.0816298723220825
0027,NaN,unmatched,0,NaN,36,34.272,6.77027500257308,0.553846153846154,0.922707791063847,0.272727272727273,14.0714716557752,5.42455382553705,0.385153160969019,2.59403300406592,1.27520945319726,0.0689091165718767,1.38233721256256,1.29586941003799,0.130815079913854,1.63090282910993,-1.12227540739784,4.43215596716543,0.0197994153623949,0.076478123664856
0027,NaN,unmatched,0,NaN,12,17.806,3.90882009522336,0.571428571428571,0.851397292566189,0.3,8.15389348877057,4.27689124850782,0.475618098170336,1.90650007563681,1.27681384001459,0.0622155436167394,1.38233721256256,1.28976225852966,0.141740526652241,1.63411882624338,-1.43656588757311,4.2292289616026,0.0181365750826071,0.0634937286376953
0027,NaN,unmatched,0,NaN,9,12.364,3.38513750128654,0.692307692307692,0.910138880768506,0.375,6.74059810381386,2.79265198406381,0.739834161312299,2.41369069339069,1.2688990703378,0.0443347962619633,1.38811576366425,1.27563047409058,0.128678955647454,1.61206727490512,-0.815142917105801,4.07307627310627,0.0195927917913757,0.0532091856002808
0027,NaN,unmatched,0,NaN,295,89.972,19.3805486428241,0.687645687645688,0.552513100119812,0.436390532544379,24.3943113713341,20.3327613174437,0.457949016697294,1.19975398277094,1.23984335236153,0.0941621426892162,1.49386966228485,1.25255036354065,0.184119170428768,1.54607385728919,-0.17062739675897,4.58761540421803,0.0226563347340656,0.139051675796509
0027,NaN,unmatched,0,NaN,22,15.159,5.29256742840123,0.916666666666667,0.782568715239337,0.733333333333333,7.04227398434486,4.38426779823778,1.20307150048004,1.6062599978896,1.09404409931256,0.126890522561729,1.50582635402679,1.09936720132828,0.322929540298844,1.21300892487244,0.356800536123093,4.38400775865356,0.0516536055048278,0.160344243049622
0027,13,circular,1,4.63744799329004,9046,464.309,107.320664001274,0.845974001683344,0.478567436266267,0.656649245063879,117.070956500118,102.794247116018,0.527293288430619,1.13888626829464,1.31814477355867,0.295723839994973,2.76605367660522,1.22076404094696,0.604812804784088,1.82495572167873,1.67016653101208,3.63637651805073,0.0271723369450392,0.222862482070923
0027,20,circular,1,2.17127101564199,7318,371.401,96.5275452312547,0.908616836354606,0.442702211398101,0.692140357514423,103.036599681189,92.3896935704541,0.666678011961221,1.11523911054664,1.2312353000721,0.172292115310129,2.55663537979126,1.18706154823303,0.522698239992184,1.54562403005008,2.20199382281775,3.26984790138676,0.0218013974131886,0.221027970314026
0027,NaN,unmatched,0,NaN,18,18.269,4.78730736481719,0.692307692307692,0.778212204884248,0.428571428571429,7.46855004018911,4.69025991550245,0.67772392526315,1.59235312642349,1.28445382318605,0.0604521268370185,1.44126057624817,1.29509097337723,0.14801618423682,1.65347087775342,-0.956237927850435,4.18389144983753,0.0200828448767884,0.0674740076065063
0027,NaN,unmatched,0,NaN,58,32.502,8.59347971398312,0.753246753246753,0.67549575407223,0.585858585858586,10.6866488739316,7.87994883948584,0.689950105902262,1.35618251991455,1.26594392529319,0.0881886340674507,1.44126057624817,1.29108202457428,0.231987467939098,1.61038260618078,-1.58395372870256,4.01319176901842,0.0226055982891649,0.0771279335021973
0027,NaN,unmatched,0,NaN,35,20.973,6.67558117812455,0.897435897435897,0.662778218821815,0.625,8.13825595932862,6.09405426817364,0.999900521011152,1.33544199004444,1.08776484682131,0.229749721576374,1.53300476074219,1.12012875080109,0.470235361228315,1.23594747520259,-0.553017734363679,4.66025848220186,0.0557389358491394,0.294863879680634
0027,NaN,unmatched,0,NaN,52,28.284,8.13685789025644,0.852459016393443,0.843709367433906,0.541666666666667,12.0453020119816,6.46592107418487,0.81682975672808,1.86289035603487,1.03884305971275,0.260811370787085,1.53300476074219,1.10065025091171,0.578791161715428,1.14714155579706,-0.374061227716065,4.65508757581463,0.0573146873680468,0.443631708621979
0027,NaN,unmatched,0,NaN,14,12.091,4.22200824564475,0.933333333333333,0.901147164395537,0.56,6.68161011838979,2.89656690433233,1.20340956032438,2.30673426130647,0.996486835193634,0.263404236091041,1.50534236431122,1.102783203125,0.577788658524224,1.06225679343838,-0.599060930843217,4.47005987864987,0.0523593706343178,0.417964935302734
0027,NaN,unmatched,0,NaN,21,16.077,5.17088294582641,0.84,0.655107791014145,0.7,6.34580256873129,4.79447865636585,1.0209844677968,1.32356467168869,1.01837388194524,0.254072006503428,1.49120140075684,1.10349196195602,0.557440118378907,1.10153863624846,-0.609634036754447,4.57681145759759,0.0534743624078348,0.409832060337067
0027,NaN,unmatched,0,NaN,293,105.198,19.3147401382313,0.654017857142857,0.921051759618461,0.348809523809524,37.0169369569179,14.4158827011123,0.332707444083411,2.56778844031949,1.24315525489485,0.0915146932653996,1.44951295852661,1.25905120372772,0.205685575741849,1.55380694432797,-0.767740884464312,4.4683087007319,0.0200103801415442,0.119765520095825
0027,NaN,unmatched,0,NaN,34,20.601,6.57952464247954,0.918918918918919,0.836071097894861,0.68,9.10399941598612,4.99464623954255,1.00672806740764,1.82275159828335,1.28323197523753,0.0618609015581546,1.43975174427032,1.2853741645813,0.116673613412311,1.65050597105207,0.0301088835874439,4.65789053162982,0.0231889686432745,0.0969157218933105
0027,NaN,unmatched,0,NaN,961,182.103,34.9797541799609,0.658219178082192,0.891466333839003,0.447809878844362,58.9370002994503,26.7035851466245,0.364165710546593,2.20708193210155,1.21313272713106,0.14700587824823,1.56030631065369,1.23702317476273,0.368810999516218,1.49329900634076,-0.592703421506913,4.40545363198943,0.0278990370715293,0.215205430984497
0027,NaN,unmatched,0,NaN,14,14.142,4.22200824564475,0.777777777777778,0.891069319250824,0.466666666666667,7.25530810110562,3.29294663717925,0.879662814937933,2.20328748094155,1.16849973706099,0.107013501224006,1.43262016773224,1.19096124172211,0.238662365661552,1.37682590666436,-0.621333460873598,4.48885226090245,0.0448077927435614,0.126407623291016
0027,18,irregular,1,9.66307858430903,327,94.479,20.4046399411604,0.663286004056795,0.536289546376757,0.417091836734694,24.8718475720507,20.9926868985907,0.460348827006635,1.1847862873485,1.20556753211021,0.1247081891947,1.84558737277985,1.17443549633026,0.299755857787555,1.46893898607755,1.5470124491269,3.94546467278068,0.0373990726622937,0.127297401428223
0027,NaN,unmatched,0,NaN,40,29.128,7.13649646461108,0.769230769230769,0.863181145409001,0.43956043956044,11.3834734584136,5.74745149507672,0.59244566153792,1.98061235804508,1.25130431151684,0.0807177026573324,1.4356381893158,1.26516246795654,0.162772191191592,1.5722705151439,-0.522119124535662,4.58152005789147,0.0213236289211182,0.110886573791504
0027,NaN,unmatched,0,NaN,984,218.889,35.3958713979385,0.56878612716763,0.779052397832338,0.388932806324111,54.2678897258639,34.0237320828695,0.2580816270981,1.59500108905416,1.19274712007224,0.140057707954049,1.56423914432526,1.20821762084961,0.369897975828878,1.44225945299899,-0.451172235814601,4.37198864405282,0.0267482614590254,0.197740435600281
0027,NaN,unmatched,0,NaN,12,10.404,3.90882009522336,1,0.808541928810986,0.6,5.35154300440843,3.14905430685511,1.39312608165957,1.69941273885267,1.10491423875093,0.129784708101432,1.56030631065369,1.11386197805405,0.298409039978898,1.23765147200077,0.185963479231082,4.41447554662033,0.055014333402377,0.209174633026123
0027,NaN,unmatched,0,NaN,42,21.337,7.31273279143145,0.976744186046512,0.761276171644986,0.777777777777778,9.21245206537569,5.97360987385472,1.15929093513596,1.54219178351381,1.28462046606155,0.0420952449503548,1.40515410900116,1.28327995538712,0.0930488625548864,1.6520194013262,0.291355598263808,4.44465029200175,0.0200224400969837,0.0615640878677368
0027,NaN,unmatched,0,NaN,10,14.208,3.56824823230554,0.909090909090909,0.973270239018478,0.625,8.48466697020421,1.94861311485693,0.622506609806688,4.35420808035933,1.17262062430382,0.0802025033405895,1.42051827907562,1.15582180023193,0.153518294052627,1.38145242591352,0.697196444584284,4.58683747703163,0.027933376413458,0.109863042831421
0028,8,irregular,1,2.95644221181632,128,55.262,12.7661529728458,0.680851063829787,0.556744424378328,0.568888888888889,16.2604692817216,13.5073091011813,0.526704024325903,1.20382743593982,1.25885100851254,0.135027279005158,1.86241662502289,1.24431884288788,0.293382195098751,1.60292334414442,1.38523841414376,4.00507095142973,0.0400977850161696,0.137272953987122
0028,18,irregular,1,3.10462735078943,6603,354.728,91.6907885988897,0.885951965651416,0.455092546623082,0.648306332842415,98.8606666296209,88.0299016958318,0.659417123707419,1.12303506791604,1.3506488516083,0.350861517349671,2.98145890235901,1.22555506229401,0.526013872226589,1.94735219331172,2.03186710252754,3.76173547325275,0.0289495864077234,0.283190727233887
0028,NaN,unmatched,0,NaN,274,99.715,18.6779986951877,0.67156862745098,0.96220866533231,0.27789046653144,40.2590009500686,10.9630577815041,0.346289592775042,3.67224197413152,1.25884074948051,0.181032907972446,1.82991552352905,1.2832151055336,0.343235272337996,1.61744301513561,-0.0914094137735311,4.50699340767345,0.043924464657215,0.293048739433289
0028,17,irregular,1,12.4711659442037,671,211.751,29.229158977249,0.547755102040816,0.685537824927612,0.385853939045428,48.7346665162717,35.48064098301,0.188053510148557,1.373556541428,1.25163874345704,0.188626398652997,1.82991552352905,1.26602530479431,0.362506520536817,1.60217327565559,-0.0152150257052559,4.50542472867263,0.0422877154361452,0.317617297172546
0028,NaN,unmatched,0,NaN,163,48.05,14.4061808190732,0.895604395604396,0.64409230262087,0.603703703703704,16.8730730994929,12.9070198045764,0.887177837922709,1.3072787796847,1.30867322925338,0.158074450141275,1.82991552352905,1.32075428962708,0.345960090500265,1.73759436513405,-0.050608862050508,4.41941120432618,0.0481860308765344,0.219779491424561
0028,NaN,unmatched,0,NaN,126,57.702,12.6660247369343,0.707865168539326,0.904863446288649,0.403846153846154,21.6045440977186,9.19709638218044,0.475552726838963,2.34906139937577,1.28336330394443,0.159477102023122,1.82991552352905,1.29658472537994,0.314463802158968,1.67243680017777,-0.014344420579987,4.45455045155848,0.0459437181387405,0.254433393478394
0028,7,irregular,1,1.48502296906669,295,68.362,19.3805486428241,0.870206489675516,0.535451985498979,0.561904761904762,21.9419863524116,18.531448408527,0.793235898074594,1.18404054927057,1.3623199523626,0.215212229561713,2.2730028629303,1.30654430389404,0.364016777108837,1.90220685267048,1.87079164020382,3.94751216268441,0.0495685043384868,0.167920231819153
0028,NaN,unmatched,0,NaN,61,29.574,8.81292302410755,0.884057971014493,0.847229560021438,0.693181818181818,12.6657264546125,6.72837523663573,0.876434696048911,1.88243461596019,1.345258163829,0.142055582072284,2.04205894470215,1.31451624631882,0.308216788911138,1.82987606714233,1.7561813083023,3.88438011476841,0.0455230592385052,0.141761064529419
0028,NaN,unmatched,0,NaN,11,10.015,3.74241031850956,0.916666666666667,0.887782741792976,0.733333333333333,5.83629996258062,2.68623149809953,1.37816317718082,2.17267200042503,1.15354977068694,0.117159236178331,1.60573637485504,1.12978792190552,0.272290335371596,1.34437948827095,0.854427865933574,4.30457839444187,0.0481457093092872,0.158427238464355
0028,NaN,unmatched,0,NaN,78,32.775,9.96557497033376,0.939759036144578,0.863511939801298,0.6,14.4496671536241,7.28737744125449,0.912470990156066,1.98283501439396,1.33228943179352,0.0814036794500839,1.8653050661087,1.31815952062607,0.229611021784198,1.78161499560274,1.15456244690492,3.78141232886815,0.0290232897908592,0.0976543426513672
0028,20,irregular,1,5.01048598331458,1013,157.797,35.9136695259162,0.794509803921569,0.793521476967879,0.56750700280112,50.7350163414368,30.874400812939,0.511236466979895,1.64327128642362,1.30897682584101,0.195368176272456,2.30638241767883,1.29740250110626,0.45389308353842,1.75158318006594,1.16174471586149,3.910092045912,0.0337273944937499,0.170859575271606
0028,NaN,unmatched,0,NaN,12,11.239,3.90882009522336,0.857142857142857,0.762877302735478,0.6,5.47103535183306,3.53726117546292,1.1938115261142,1.54668685190232,1.29237530708313,0.071632026358552,1.48043811321259,1.29251199960709,0.153178866287295,1.67535652964644,-0.000931852243022303,4.48369103667443,0.0310769718063096,0.0913933515548706
0028,NaN,unmatched,0,NaN,13,12.802,4.06842894512822,1,0.954127249516194,0.928571428571429,7.64211147757976,2.28805879122322,0.996775995291787,3.33999786495618,1.31154515325822,0.0699802102912229,1.46921956539154,1.32117033004761,0.142018707128108,1.72503967437287,-0.271642865027459,4.52985668659019,0.0253334793027409,0.101285099983215
0028,NaN,unmatched,0,NaN,10,12.248,3.56824823230554,0.909090909090909,0.956946873851111,0.714285714285714,7.27512144305185,2.1116994709271,0.837682627182628,3.44515000510837,1.34751153975625,0.0650907529567423,1.49015116691589,1.35428154468536,0.1210538375685,1.82001702322649,-0.529870874364935,4.57305482002814,0.0202891989631238,0.0876985788345337
0028,5,irregular,1,6.96950736853227,4002,378.506,71.3828036576746,0.766813565817206,0.777884506570008,0.5832118915768,94.9336409268448,59.6569899333451,0.351027718873111,1.59132468857236,1.27138305367965,0.260466479559431,2.80492568016052,1.21124202013016,0.568480617731236,1.68425468606828,2.45054879749974,3.55828261126938,0.0268618489241268,0.267142295837402
0028,12,circular,1,0.650880601514888,12,8.816,3.90882009522336,1,0,0.75,4,4,1.94020646357583,1,0.702276678548919,0.213589103986502,1.69378077983856,0.641730606555939,0.605464979280934,0.538733636656461,1.90997078389635,3.97005853043974,0.0710303756706414,0.230613768100739
0028,10,circular,1,2.0232061353756,4332,300.881,74.2675818092438,0.877633711507293,0.324444304812443,0.637058823529412,79.2826684942881,74.9938567866276,0.601324341444602,1.05718884041213,1.32400515341886,0.522019639833018,3.95764446258545,1.16218286752701,0.809671076284082,2.02548109591773,2.09869275057664,3.52692258468879,0.0385104849739612,0.29569149017334
0028,2,circular,1,0.92066223504097,5182,257.154,81.2276265861413,0.979769332577047,0.14851798923579,0.780186690755796,81.7342073149476,80.8277509363964,0.984738016429226,1.01121466783437,1.40346057878699,0.610405378304433,4.09802055358887,1.12725973129272,0.635766944372154,2.34227771280602,2.06746396263804,3.20692812625839,0.0329364027770345,0.417170524597168
0028,NaN,unmatched,0,NaN,224,59.208,16.888032982579,0.986784140969163,0.911542687518395,0.509090909090909,26.690785380463,10.9753966313859,0.80296589576395,2.43187433464923,1.93511675837494,0.667011729410708,3.92149066925049,1.74937444925308,0.602904908247754,4.18931669152025,0.859895283969801,4.45954204170947,0.0611312767601103,0.765158772468567
0028,9,circular,1,0.815104590545445,3687,222.891,68.5159412212847,0.964173640167364,0.162688738231389,0.752448979591837,69.0781355244648,68.1578380539433,0.932605422487201,1.01350244515962,1.23265262238043,0.297809429794578,2.65076303482056,1.14863908290863,0.527098144925836,1.60811698515761,1.12372542702234,3.92224567223758,0.0340626298389184,0.420074224472046
0028,NaN,unmatched,0,NaN,8,12.893,3.19153824321146,0.8,0.981511444446653,0.571428571428571,8.57174970829221,1.64066255063591,0.604772292272192,5.22456595658251,1.23385311607961,0.154046005151201,1.58933532238007,1.28384685516357,0.282070894308693,1.5460837339784,-0.621164007418677,4.45294481842011,0.0512973104064741,0.231418609619141
0028,NaN,unmatched,0,NaN,20,16.375,5.04626504404032,0.909090909090909,0.848111446059457,0.625,7.62733250917987,4.04109706157555,0.937297033178704,1.88744105696044,1.20011248634685,0.167317804474062,1.58933532238007,1.25587642192841,0.311602609026822,1.46822356798484,-0.321459625539488,4.51364647861723,0.0488272562416613,0.301779270172119
0028,NaN,unmatched,0,NaN,56,44.287,8.4440164912895,0.543689320388349,0.947549946608855,0.339393939393939,19.7503384820069,6.31236077499053,0.358794160929462,3.1288355000648,1.22551826425412,0.152028330481621,1.63167250156403,1.25199496746063,0.307159851804179,1.52498632734174,-0.282642760639781,4.56552825700821,0.0473514477369412,0.254235863685608
0028,NaN,unmatched,0,NaN,31,26.779,6.28254931431422,0.645833333333333,0.763124819460919,0.430555555555556,9.32635581756328,6.02716789133067,0.543228876008068,1.5473861000252,1.23624879694337,0.141058159612987,1.57960999011993,1.25868260860443,0.274499424607191,1.54818398814473,-0.241620197008503,4.62377690596028,0.0454942641459672,0.227953672409058
0028,NaN,unmatched,0,NaN,75,37.944,9.7720502380584,0.728155339805825,0.802299141492935,0.5,14.0963519631281,8.41442512715529,0.654613419614358,1.67526025249615,1.23319002980278,0.155081929862062,1.71249175071716,1.25246465206146,0.340156440126631,1.54478514942712,-0.160112360313668,4.48083940580368,0.048220175810283,0.234234094619751
0028,11,circular,1,0.803816519820183,5241,271.686,81.6887290509345,0.959187408491947,0.15330072778427,0.7519368723099,82.2486113944585,81.2763984519572,0.892256055733599,1.01196181131323,1.32963578760038,0.402293410817119,3.07454395294189,1.14120835065842,0.51351382754938,1.92976367055248,2.08921511323172,3.42166114630906,0.0244561094657482,0.359837770462036
0028,4,circular,1,12.0746223752807,610,273.058,27.8689095999189,0.226261127596439,0.806024441028457,0.190625,90.960582219029,53.8379542648701,0.102808705105896,1.68952523291513,1.16203025419717,0.1718682331245,2.0751690864563,1.15967911481857,0.526906128974544,1.37985020400248,0.292899682646356,3.96257313460593,0.0393042712355939,0.225834727287292
0028,4,circular,1,0.575954803536677,69,28.929,9.37302131581521,0.896103896103896,0.45609482742008,0.69,10.4039529424017,9.258802137778,1.03607718833202,1.12368239299026,1.25705310914252,0.13212376318686,2.0751690864563,1.22680068016052,0.323111921344988,1.59761981168263,2.68217159027264,3.56756140326195,0.0472849942645189,0.117422461509705
0028,1,circular,1,0.86960934157433,8,6.831,3.19153824321146,1,0.580947501931112,0.888888888888889,3.65148371670111,2.97209241668783,2.15442450565183,1.2285902336679,0.961936646575964,0.11799262565361,1.55126368999481,0.938819169998169,0.320978095528107,0.93921805366316,2.67488584163496,3.61529039018558,0.0448039460121476,0.0768527388572693
0028,13,irregular,1,4.2241541528179,8039,353.586,101.171007211187,0.944098649442161,0.624733297746254,0.697466597258372,115.120064931845,89.8901451778035,0.808019367442111,1.2806750362249,1.34539147740905,0.268953368949116,2.48031377792358,1.24379968643188,0.436143703618651,1.88241154807422,1.08247215696363,4.09522539574725,0.0252398341390432,0.367067694664001
0028,NaN,unmatched,0,NaN,38,27.126,6.95579633830205,0.826086956521739,0.947897079768312,0.584615384615385,12.9637544737456,4.12995037182174,0.648966002306859,3.13896132074519,1.36058146361149,0.0597743773108036,1.50621378421783,1.37274181842804,0.13571814569365,1.85475056442584,-0.848881757956944,4.23765228038599,0.021004587859247,0.0663383007049561
0028,NaN,unmatched,0,NaN,235,72.654,17.297725082009,0.785953177257525,0.855595586319652,0.55952380952381,25.257656806861,13.0744960164396,0.55944663650792,1.93182641802044,1.31087765876324,0.133069003042595,1.53044593334198,1.3563711643219,0.223309076182233,1.73609331568665,-0.792586608860773,4.62671936451825,0.0249948409499625,0.191200852394104
0029,NaN,unmatched,0,NaN,153,63.888,13.9572794750438,0.68609865470852,0.878408557299463,0.425,22.6804083384238,10.8392043508164,0.47104533719685,2.09244217604547,1.28288655327512,0.126897179765725,1.68323862552643,1.27449244260788,0.250694235737487,1.66189034638178,0.407922855206891,4.55547691976214,0.0418300651292347,0.188324332237244
0029,2,irregular,1,2.72997079288097,177,52.896,15.0121084268041,0.863414634146341,0.801029367996144,0.57843137254902,20.5523370121227,12.3031437907284,0.794945703826209,1.67049474197082,1.29708651645085,0.147589053803063,1.68323862552643,1.28237301111221,0.252395711883943,1.70420046740859,0.393637257711115,4.72916294506968,0.0520101300946109,0.228214502334595
0029,NaN,unmatched,0,NaN,11,11.438,3.74241031850956,0.846153846153846,0.773852937270431,0.44,5.35772658501529,3.39339822525319,1.05657994912727,1.57886762159061,1.23771331176758,0.108001017577229,1.5383894443512,1.23329329490662,0.209815228426586,1.5435797991727,0.144872955889381,4.63902330115206,0.0439394020474215,0.154563665390015
0029,NaN,unmatched,0,NaN,91,55.932,10.7640512155461,0.551515151515152,0.867763398862,0.319298245614035,18.5232783179592,9.20565344645096,0.365536339422095,2.01216333264212,1.26913579165281,0.131982053084827,1.68323862552643,1.26570379734039,0.266462600974286,1.62811215862632,0.314099165838924,4.54272531388804,0.0399030506105408,0.183449506759644
0029,NaN,unmatched,0,NaN,66,50.953,9.16699568847508,0.50381679389313,0.953701426750325,0.275,23.7256915512595,7.13562109573081,0.319458376902353,3.32496516182094,1.27184615884508,0.131441321081018,1.68323862552643,1.2644602060318,0.270167145377168,1.63485536912926,0.604888247423619,4.4864677843904,0.0384039741334959,0.159460544586182
0029,NaN,unmatched,0,NaN,15,13.29,4.37019372236832,0.9375,0.922209036472211,0.714285714285714,7.33404005267417,2.83601262636156,1.06721313351568,2.58603928082059,1.27390260396948,0.0945994170747896,1.50393152236938,1.276695728302,0.182692548818476,1.63176248340304,0.00808413810588678,4.63781841171931,0.0394019562220545,0.138213396072388
0029,NaN,unmatched,0,NaN,77,43.89,9.90148700673831,0.706422018348624,0.944221563531102,0.427777777777778,18.5993229301709,6.12495892927125,0.50230722797261,3.03664451385698,1.35388099446631,0.100449389313187,1.56316161155701,1.37526214122772,0.213571622891231,1.84307497604327,-1.13025307576832,4.30820349496519,0.0225500367412385,0.0933748483657837
0029,4,circular,1,1.57261175700613,5707,488.757,85.2430529826541,0.781245722108145,0.372634087043758,0.565049504950495,90.5793409687744,84.0556683086717,0.300214563173349,1.07761133533727,1.24598310452136,0.203981937860348,2.67064118385315,1.17296886444092,0.473379680781882,1.59408112939855,1.68206186504597,3.47454950361704,0.0210815359039081,0.275265216827393
0029,NaN,unmatched,0,NaN,9,13.282,3.38513750128654,0.692307692307692,0.95987820249338,0.428571428571429,7.88497555520452,2.21108319357027,0.641099475617208,3.56611437241877,1.35321083122597,0.0623662297368693,1.48865389823914,1.36979937553406,0.117816351876533,1.8350628369988,-0.656551904445442,4.48327487651971,0.0201097358968861,0.0900700092315674
0029,1,circular,1,0.745479602277319,224,52.83,16.888032982579,0.953191489361702,0.447720662095783,0.73202614379085,18.0519798102395,16.1416015714442,1.00854820549532,1.11835122000378,1.21372101575687,0.207404775163613,1.85564160346985,1.15604156255722,0.381010186161681,1.51610484972911,1.07044182962107,4.42095583421326,0.0547572417928917,0.237051129341125
0029,NaN,unmatched,0,NaN,72,33.908,9.57461472963438,0.818181818181818,0.761742048804114,0.545454545454545,12.5174838474525,8.10983281284039,0.78693345964759,1.54349468556657,1.30958450946116,0.0761736801764482,1.46545565128326,1.32358652353287,0.133983764181159,1.7208081677489,-0.39832652595697,4.67462162586961,0.0226095405528463,0.117114067077637
0029,NaN,unmatched,0,NaN,55,34.181,8.368283871884,0.743243243243243,0.923430577747506,0.523809523809524,14.4393831323963,5.54133725851606,0.591565754496307,2.60575786290674,1.31767936596655,0.0794375594678471,1.46312344074249,1.33604156970978,0.147221740587362,1.74258058120848,-0.802753488985803,4.57137238509948,0.0218282063669824,0.0972124338150024
0029,11,irregular,1,0.66024628304829,5598,267.054,84.4250849654736,0.98331284033023,0.138777232490227,0.774809688581315,84.9014692494729,84.0799306881952,0.986380739635684,1.00977092338865,1.46770406528991,0.684117370038386,3.90688228607178,1.16167652606964,0.621525292545537,2.62215014084704,2.0171183375568,3.35842214027914,0.0363817632910822,0.388738989830017
0029,19,circular,1,0.722144490817361,4078,229.59,72.0574136604277,0.977000479156684,0.0816928905681517,0.765246762994933,72.2058551242811,71.9645106514547,0.97218999951088,1.00335365961141,1.27302583930689,0.317180038394536,3.0075421333313,1.12722992897034,0.540189605201865,1.72119172688955,1.53006420677175,3.51590871718825,0.0331422059225854,0.350452661514282
0029,8,irregular,1,3.17320144553864,6734,323.788,92.5958697472333,0.944990176817289,0.277621492395341,0.738863287250384,94.9597298123637,91.2269137812882,0.807163430912079,1.04091792516433,1.44116093212667,0.59916169231947,3.79865908622742,1.2049303650856,0.610268640105275,2.43592645617853,2.14210664262516,3.44493614705521,0.0341588026266457,0.289959669113159
0029,7,irregular,1,7.22956203866105,637,117.628,28.4790026158975,0.80327868852459,0.661753744582916,0.674074074074074,33.8982868929551,25.4142666739879,0.578532645771525,1.33382903893311,1.32746621491627,0.155700419234566,2.12549424171448,1.28081238269806,0.322102418580861,1.7864016738032,2.08039745259025,3.805172011019,0.0316034592399192,0.139108896255493
0029,9,circular,1,0.877937974836878,5917,293.569,86.7972256826101,0.955587855297158,0.13306622726658,0.730584022718854,87.3161124742943,86.5396232240134,0.862762075116734,1.00897264422184,1.40859099525873,0.587114680829917,3.90349578857422,1.14508736133575,0.591018706105333,2.32881807543686,2.26168171805654,3.13472939302177,0.0309143597345341,0.302711129188538
0029,18,circular,1,0.768220746099892,7220,342.53,95.8790358367661,0.932334710743802,0.195023902637833,0.661172161172161,97.0970783125997,95.2326677633848,0.773303244780394,1.01957742645462,1.27886195052358,0.275879117524044,2.9707567691803,1.16088092327118,0.509434650247522,1.71159483990895,2.04985750487943,3.28177411703674,0.0218371529736307,0.259419918060303
0029,14,irregular,1,2.94467417077378,201,61.829,15.9975357005936,0.794466403162055,0.638952033738322,0.5025,19.5788074444487,15.0609306383596,0.66072612119341,1.29997328283169,1.23731611739844,0.121632820938439,1.69447112083435,1.21265679597855,0.263253296800898,1.54573647091393,1.20256416435995,4.21693165812541,0.045347074592066,0.109704613685608
0029,20,circular,1,0.338301570693379,69,27.06,9.37302131581521,0.971830985915493,0.437148943380688,0.766666666666667,9.98265093845092,8.97828771010031,1.1841408684088,1.11186578786295,1.21214539312768,0.158754895085074,1.91657686233521,1.20282769203186,0.382800045008442,1.49447060169446,1.07144263166504,4.00293175344973,0.0537398216236604,0.145556449890137
0029,NaN,unmatched,0,NaN,8,8.882,3.19153824321146,1,0.920807131143691,0.8,5.44569777843147,2.12392146103691,1.27431945447017,2.56398265111594,1.32159841125662,0.0703692047078035,1.48943018913269,1.33844047784805,0.135365756138342,1.75156518228909,-0.374597101680348,4.4807861289433,0.0253215844234939,0.111223340034485
0029,5,irregular,1,1.09249270017859,3865,230.053,70.1503445494133,0.961203680676449,0.211702663825168,0.745563271604938,71.2073420108069,69.5933649421502,0.917705976842093,1.02319153657821,1.29229048060779,0.322725954063257,2.47901129722595,1.18932116031647,0.504685932521139,1.7741599540196,1.34643277732956,4.22776146473071,0.0330193276164444,0.349860191345215
0029,NaN,unmatched,0,NaN,26,25.952,5.75362739175159,0.666666666666667,0.966362122257997,0.288888888888889,13.6766834753239,3.5174411483594,0.485111474136014,3.88824799007739,1.28571269073706,0.103351645781612,1.4740583896637,1.30425131320953,0.188997828316313,1.66372640814982,-0.719053367210123,4.6471175626015,0.0261129160895321,0.142019391059875
0029,NaN,unmatched,0,NaN,10,12.645,3.56824823230554,0.714285714285714,0.958223755476911,0.416666666666667,7.70757832443515,2.20451877727636,0.785908881372077,3.49626340400589,1.31214613734912,0.0707134317226773,1.4740583896637,1.31675630807877,0.140097135041366,1.72671986174161,-0.307637788636603,4.57682385178529,0.0242107145886346,0.101341366767883
0029,NaN,unmatched,0,NaN,608,106.142,27.8231853532082,0.903417533432392,0.78329526822234,0.517006802721088,37.2676162027173,23.1674076258746,0.67817052451317,1.60862263074677,1.66470121470121,0.582888692692301,3.52352643013,1.49017107486725,0.568785889415827,3.11091283994754,1.21417115413045,4.28811865614496,0.0413310143857391,0.61151659488678
0029,17,circular,1,3.04160112771114,4437,279.114,75.1622502323468,0.868977673325499,0.57931913918301,0.677197802197802,86.0324855076695,70.1251488618161,0.715708296122014,1.22684210877326,1.33995217059689,0.45575290497102,3.52352643013,1.14518415927887,0.577109117609112,2.00317207744579,2.31359725023863,3.46541879272109,0.0278285809419152,0.358180642127991
0029,16,irregular,1,13.0824682550459,29,18.525,6.0765077797465,0.935483870967742,0.808951209707344,0.725,8.21414070788991,4.82889442879322,1.06191909118375,1.70103961248594,1.26328416143145,0.0801747508321207,1.47841763496399,1.25526678562164,0.175366434064424,1.60230568035073,0.341475826872799,4.47115288263919,0.0348467901310611,0.103239774703979
0029,NaN,unmatched,0,NaN,10,8.146,3.56824823230554,1,0.764470787156438,0.833333333333333,4.53137212479105,2.92118697336089,1.89374305228969,1.55120920574886,1.26359932556532,0.068257511032294,1.47370672225952,1.25779277086258,0.151840752668821,1.60133390300499,0.306633513331487,4.43508042624763,0.0282573467155339,0.088085412979126
0029,NaN,unmatched,0,NaN,22,15.73,5.29256742840123,0.916666666666667,0.844503009119307,0.628571428571429,7.47266962423642,4.00199425265818,1.11731363741807,1.8672364707353,1.35008587395703,0.0711381841782256,1.5345025062561,1.3685804605484,0.115856902933936,1.8277850110602,-0.161294990557282,4.52240132667115,0.0211421915131652,0.127584218978882
0029,NaN,unmatched,0,NaN,1387,280.064,42.0236034693322,0.501264907842429,0.914142688917425,0.295609548167093,89.2222443383832,36.1700358675184,0.22221417061291,2.46674470175207,1.30200010244365,0.112797331336331,1.76436972618103,1.28759413957596,0.30377907575318,1.70792659863543,-0.197983299911623,4.07143700215005,0.0274182434824972,0.153187274932861
0029,15,irregular,1,4.06973446231989,216,62.292,16.5837191746241,0.821292775665399,0.696000383086701,0.473684210526316,20.7918225281202,14.9293895684468,0.699518275560314,1.39267733839993,1.27689926322801,0.164655567734185,2.25927877426147,1.22422969341278,0.34876223290052,1.65756738520133,2.78288165872558,3.38528023896803,0.0367369364557459,0.102081298828125
0029,NaN,unmatched,0,NaN,1706,308.646,46.6062942457152,0.482466063348416,0.861996408508042,0.325324180015256,96.2584826651585,48.7948093512853,0.225044075879407,1.97271972049673,1.39049495479555,0.333317834373333,3.322598695755,1.31272917985916,0.558158579014382,2.04457026464269,3.40714211411728,3.17337584345714,0.031460864544595,0.172636032104492
0029,6,circular,1,0.695804754961092,29,16.772,6.0765077797465,0.966666666666667,0.374708153429196,0.69047619047619,6.44026515060904,5.9710455622892,1.29550219887825,1.07858248332306,1.13067326442129,0.121683494048578,1.76436972618103,1.10689520835876,0.296838747639773,1.29320781118967,1.84131093358014,3.86455520659596,0.0418731974619253,0.129726409912109
0029,12,irregular,1,5.01768558577105,5010,270.378,79.8682046819832,0.944214097248398,0.248621827818899,0.763603109282122,81.5093176828806,78.9499767234005,0.861201717851103,1.03241724780296,1.47439019628956,0.512996688378035,3.45862412452698,1.28087872266769,0.609970314810669,2.43697484158602,1.75045439390548,4.03440161439716,0.0381916395400604,0.493798017501831
0029,NaN,unmatched,0,NaN,47,25.671,7.73577782789505,0.886792452830189,0.844500952020945,0.534090909090909,10.9036719914778,5.83950571083191,0.896235512719458,1.86722516107008,1.35257435462991,0.0694416847781496,1.63655853271484,1.35496026277542,0.18628038232099,1.83427397691778,0.0527165679337298,4.0991644284269,0.02658824436216,0.10477614402771
0030,10,irregular,1,1.43747713749079,1008,131.969,35.8249279286511,0.889673433362754,0.357619711048812,0.587412587412587,37.8281266344131,35.3264506514327,0.727321698869458,1.07081594490385,1.47328718668271,0.254378272847789,2.5681254863739,1.37969899177551,0.350681088353254,2.23527144823801,2.11041169316397,3.58352372555751,0.0356450211041,0.151123881340027
0030,3,irregular,1,2.04803238230616,5507,273.141,83.7360745011165,0.968689533861038,0.403409926281645,0.754590298711976,87.7578839876251,80.300162946936,0.92757951797685,1.09287304990424,1.55559155646749,0.784611182987667,4.46987628936768,1.24081772565842,0.766732725890033,3.03545223994318,1.92496729220076,3.61029048043778,0.0474796996484452,0.404192447662354
0030,11,irregular,1,8.06840012288118,3580,218.782,67.514424904252,0.970452697207915,0.303142061397557,0.710176552271375,69.5064236573724,66.235825062033,0.939874170223628,1.0493780909693,1.37537120223652,0.473396905001683,3.01045107841492,1.17452812194824,0.56571592499355,2.11573576068917,1.49870701381075,4.11600973594939,0.037330726621851,0.529516339302063
0030,7,circular,1,1.01965963762415,4238,233.642,73.4573971128002,0.974925235794801,0.132239210122063,0.753556187766714,73.8238903864876,73.1755566096646,0.975593697459835,1.00885997738673,1.3943277366442,0.538142224962833,3.77491879463196,1.16649746894836,0.631935715996321,2.23373001517809,1.79330235725269,3.57175582541138,0.0379739891847987,0.481118679046631
0030,20,irregular,1,3.43502637200241,4654,259.106,76.9782881155294,0.968171416684003,0.571563340248443,0.773089700996678,85.8722805639673,70.463182437339,0.871126656263418,1.21868297164028,1.561220834731,0.70700359388745,3.89417099952698,1.20019513368607,0.608394339470751,2.9372311370388,1.63393461190657,3.76075832942664,0.0411141219212807,0.619111299514771
0030,NaN,unmatched,0,NaN,582,124.573,27.2217819959654,0.920886075949367,0.960334747379718,0.627155172413793,54.4329572683186,15.1786155402513,0.471286502560554,3.58616088034978,1.28504268151683,0.295496782508897,2.39833164215088,1.17239618301392,0.475283835007144,1.73862944223943,1.34926087545042,4.23031301559097,0.0355179357938326,0.355323553085327
0030,6,irregular,1,1.12282890902142,4189,251.101,73.0315031537459,0.936298614215467,0.370771629421835,0.744843527738265,76.2015209416495,70.7701866944933,0.834878620516125,1.07674607770363,1.47596745434063,0.500986882672457,3.39527010917664,1.30408531427383,0.687765620841746,2.42945315655067,1.26231446204552,4.17263704566945,0.0486439933413912,0.558711528778076
0030,NaN,unmatched,0,NaN,49,25.563,7.89865416966859,0.844827586206897,0.588810331546272,0.604938271604938,9.26572197857976,7.48921657049977,0.942285056956872,1.23720844381476,1.42448908111853,0.0886633066264083,1.62180054187775,1.43445920944214,0.159975737507387,2.0370209767458,-0.390760290185644,4.60567393580135,0.0265655601888009,0.132311105728149
0030,NaN,unmatched,0,NaN,341,84.208,20.8368588024849,0.844059405940594,0.888936996398425,0.492063492063492,31.6206227380858,14.4831778002519,0.604306878571271,2.18326552184809,1.29699397338584,0.240880111025252,1.88460266590118,1.32210111618042,0.500048035299327,1.74019567053481,-0.377388165392845,4.53227607362949,0.0495320155100628,0.314793109893799
0030,5,irregular,1,4.16889121050239,3907,268.438,70.5304678935301,0.838591972526293,0.678044798056397,0.62015873015873,86.8929121030596,63.8680785812517,0.681342196676037,1.36050612502012,1.58077482157713,0.583370310584895,3.63988375663757,1.35703778266907,0.657530258820088,2.839152449584,1.32457269380012,4.21317419279432,0.0486234554162584,0.670966744422913
0030,NaN,unmatched,0,NaN,166,69.768,14.5381485900385,0.656126482213439,0.862363700689255,0.376417233560091,24.2184144375009,12.2615239118325,0.42855385401621,1.9751553405307,1.36816662674075,0.178237764382973,1.76549482345581,1.39481139183044,0.44231073659837,1.90362972048775,-1.30436762936485,4.14984885605647,0.0424792750541899,0.172295928001404
0030,NaN,unmatched,0,NaN,240,63.797,17.4807748894733,0.863309352517986,0.726369777244264,0.564705882352941,21.5447000923974,14.8077610332399,0.74100406765221,1.45496000671774,1.38000934847124,0.180096797636529,1.93760049343109,1.37961983680725,0.445103604559173,1.93684117799265,-0.20021706626422,4.20235061490425,0.0480717870492843,0.218062400817871
0030,NaN,unmatched,0,NaN,764,112.428,31.1890206992407,0.958594730238394,0.781473547496727,0.565925925925926,41.2170596742634,25.7169051946541,0.759546300203115,1.60272238678359,1.88149656660713,0.678582608640323,3.63988375663757,1.7306335568428,0.576635650203028,4.00041261207032,0.726968572079493,4.67844128395368,0.0542796710754618,1.01461255550385
0030,NaN,unmatched,0,NaN,139,58.636,13.3033941803657,0.671497584541063,0.809822883188848,0.386111111111111,19.7693419858219,11.5981676271489,0.508037759340464,1.70452287131512,1.43937327242211,0.113649717513661,1.98228287696838,1.44701266288757,0.316904869336825,2.08470317811572,0.00871851779438809,3.82957028415376,0.0320179065247304,0.12061083316803
0030,4,irregular,1,3.91014241992271,1130,139.601,37.9309990054406,0.881435257410296,0.635580078831414,0.672619047619048,44.237031076189,34.1525340570377,0.728637047213982,1.29527814838891,1.49041751279935,0.31359190468511,2.7172737121582,1.4097620844841,0.449374505762696,2.31966578795784,1.73529306788634,4.11346811447508,0.0455952532574017,0.256369352340698
0030,NaN,unmatched,0,NaN,10713,458.394,116.791332053144,0.89319659829915,0.861056929541123,0.749842514173724,168.733941847108,85.8026552013634,0.6406828813332,1.96653520163356,1.44436090325504,0.603142747821147,4.26371812820435,1.18341386318207,0.656449014165652,2.44995209508642,2.13840490768286,3.13254511838166,0.0329092076090674,0.293877482414246
0030,15,circular,1,0.805079238419125,5414,262.414,83.0260133644641,0.979377713458755,0.0933345282365822,0.758263305322129,83.2327656797729,82.8694384652896,0.98799355803117,1.00438433300879,1.48339329620919,0.710533359454268,4.19922018051147,1.14123916625977,0.634606693026185,2.70528980280824,1.96996252751602,3.18091732020069,0.0381547892165366,0.482880592346191
0030,NaN,unmatched,0,NaN,12,15.548,3.90882009522336,0.75,0.960916647552246,0.342857142857143,8.87953720292301,2.45819200852884,0.623795225194679,3.61222279305886,1.36342956772557,0.100565124072565,1.61611950397491,1.3639954328537,0.192892706914021,1.86903854759594,-0.168105817845006,4.60181862698756,0.041148945861437,0.137217283248901
0030,NaN,unmatched,0,NaN,10,15.06,3.56824823230554,0.588235294117647,0.900623059773106,0.357142857142857,7.54206596279929,3.27779006030757,0.55406398374449,2.30096065459775,1.35820869770315,0.10668501674441,1.58136856555939,1.35123920440674,0.181336766996651,1.8560949949735,-0.0808651726077959,4.74503714998638,0.0446690496873965,0.160571098327637
0030,17,circular,1,0.653109437396189,34,20.601,6.57952464247954,0.871794871794872,0.618738619199482,0.607142857142857,8.06972099484504,6.33954796085185,1.00672806740764,1.27291741377735,1.33145106217218,0.140570120137219,2.09998512268066,1.31040579080582,0.331439211785234,1.79249575212333,1.63555554343921,3.88570353970576,0.068512145661236,0.166961669921875
0030,NaN,unmatched,0,NaN,18,17.69,4.78730736481719,0.857142857142857,0.949802647456669,0.5,9.22023423275598,2.8845474560922,0.722814245650997,3.19642313850054,1.36868626341738,0.0979499071975475,1.65625,1.36049890518188,0.221998365025962,1.88288248723983,0.0163936122909391,4.36405820933266,0.0416309273431076,0.138753175735474
0030,18,circular,1,0.53773662614568,14,10.106,4.22200824564475,1,0.196396101212395,0.875,4.36435780471985,4.27936036926876,1.7225796484146,1.01986218222272,1.09597905176795,0.13675425788433,1.70346760749817,1.06350594758987,0.292893538912532,1.21983934068754,2.33109386027979,3.82068916397486,0.0534547701536572,0.108125329017639
0031,8,irregular,1,2.17855434694098,377,91.973,21.9091603756318,0.780538302277433,0.776813758604517,0.551169590643275,28.8408946378614,18.1619882943247,0.56005478089378,1.58798112687219,1.33927128178642,0.213070610100565,2.13771486282349,1.26392167806625,0.333314993155148,1.83903155832559,1.57958832614484,4.11441297685811,0.0442052486181396,0.19375741481781
0031,19,irregular,1,1.90105955368575,4129,242.293,72.5065933568216,0.95402033271719,0.138162748438202,0.734174964438122,73.2848259834213,72.5819907180025,0.883838697095625,1.00968332858421,1.49083032721614,0.33938935715701,2.71446132659912,1.36467307806015,0.463145365317481,2.33775348787836,1.30105541066135,4.03514665928259,0.0377920003026134,0.303531646728516
0031,NaN,unmatched,0,NaN,11,9.643,3.74241031850956,1,0.848964551560678,0.733333333333333,5.3234767213015,2.81319020400894,1.48654553108507,1.89232733489377,1.27374684541122,0.174497331645118,1.82481384277344,1.26601731777191,0.319140413071157,1.65282738960933,0.364163114983925,4.58538187010229,0.056889509787334,0.247333645820618
0031,NaN,unmatched,0,NaN,17,14.233,4.65242649168128,0.85,0.901899369402469,0.607142857142857,7.45815659510491,3.22152246740081,1.0545468692556,2.31510308264971,1.28226509846655,0.170936572577805,1.80404567718506,1.26788157224655,0.343641124437389,1.67337800305945,0.487923730026874,4.51484431076281,0.0556358207555771,0.23651921749115
0031,NaN,unmatched,0,NaN,17,14.415,4.65242649168128,0.85,0.851614109474413,0.607142857142857,6.9749211362574,3.656039220046,1.02808611074888,1.90778072018867,1.52348635134138,0.0936454780447805,1.76471877098083,1.53309965133667,0.187889866368214,2.3297666051404,-0.296918638608964,4.39984557650122,0.0336249932150895,0.136722326278687
0031,NaN,unmatched,0,NaN,9,9.643,3.38513750128654,0.818181818181818,0.591026441533083,0.5625,4.39613764240721,3.54615402893213,1.21626452543324,1.23969167908114,1.55988502171304,0.088718142718698,1.78640115261078,1.57401549816132,0.167564416919557,2.44109852503985,-0.43230233837505,4.42935789124014,0.0324942004316204,0.123847961425781
0031,7,irregular,1,1.89527236681114,1198,137.923,39.055613867826,0.904833836858006,0.689926816644724,0.703877790834313,46.6408467066765,33.7623353053407,0.791394981619976,1.38144610806287,1.48023875875162,0.282924075589222,2.62063455581665,1.41382986307144,0.457824939526907,2.2711387228472,1.21612815673229,4.19983098682265,0.0383694997959098,0.313877582550049
0031,NaN,unmatched,0,NaN,2288,196.164,53.9738091888469,0.935404742436631,0.831540160520574,0.5426944971537,74.1568582811651,41.1915122650034,0.747183489619585,1.80029462875946,1.64109332316057,0.739227997626309,3.67816114425659,1.25729471445084,0.619329283879826,3.23960397958007,1.20463740936108,4.23409956175564,0.0492707514082914,0.917287945747375
0031,10,irregular,1,13.8804806632009,2274,195.221,53.8084261498862,0.939281288723668,0.853371162607136,0.538734896943852,76.40304888115,39.8292002216122,0.749803145898024,1.91826721239791,1.65933961848208,0.745136835576652,3.67816114425659,1.2710702419281,0.619329283879826,3.30859337700445,1.15895871186213,4.26088462005022,0.0501600350841034,0.93241286277771
0031,6,circular,1,0.708418835455159,3001,197.303,61.8141721108535,0.969002260251857,0.0893526450648876,0.768305171530978,61.9955554715354,61.7475765118823,0.968742787059204,1.00401601121309,1.38681004629838,0.440049419105851,3.29828357696533,1.23082822561264,0.604118806333728,2.11686748470599,0.843767917761568,4.07473005092806,0.0435810977515098,0.675054788589478
0031,17,irregular,1,4.14923983184031,1422,156.837,42.550518593942,0.884878655880523,0.462533382583448,0.690962099125364,45.5840529320258,40.4149064202571,0.72646117278662,1.12790197898807,1.54755504257179,0.282393383776012,2.69855570793152,1.44440501928329,0.416312548789684,2.47466060493204,1.83511580732031,3.79553189882893,0.0378644052691354,0.206795692443848
0031,2,circular,1,0.826538842533604,2815,189.959,59.867932304611,0.970020675396278,0.160806707879161,0.756720430107527,60.3145156224764,59.5295775817038,0.980321469251846,1.01318568134799,1.45734993840622,0.523394302633082,3.58669519424438,1.28341138362885,0.59463386801989,2.39778650979139,1.71607720625971,4.00690407393779,0.0367096874361389,0.543914318084717
0031,9,circular,1,0.51853796486854,5275,257.981,81.9532708223289,0.984509145203434,0.0970568062807755,0.775051425213047,82.1712873991339,81.7833438929972,0.995994371732635,1.00474355153103,1.56636025463432,0.787332400913701,4.50172472000122,1.16472160816193,0.649383794386201,3.07334622928259,1.79105965603342,3.14447436091695,0.0420058519932167,0.607749104499817
0031,13,circular,1,0.657425640104516,4901,247.949,78.9946011367045,0.983346709470305,0.177474649105068,0.775474683544304,79.6506123615631,78.3861885653064,1.00177420420833,1.0161306962285,1.66469972310038,0.856555868999686,4.40760374069214,1.16011762619019,0.636285620056398,3.50486443947606,1.38514244103941,3.49805724514238,0.0478519063292057,0.986477255821228
0031,20,circular,1,0.481052069907133,3919,241.889,70.6386988542194,0.942520442520443,0.248820206403956,0.726278724981468,71.9530716424197,69.690125341013,0.841691399083366,1.03247154873568,1.46010292304199,0.483569604080961,3.58584880828857,1.28911107778549,0.571483975126796,2.36572615895473,1.5979354577443,3.77455303875892,0.0313301189361663,0.521398544311523
0031,16,circular,1,3.06963805681229,228,76.914,17.0381517835597,0.714733542319749,0.832339225419752,0.462474645030426,24.5830189244523,13.6255452071208,0.484321685686615,1.80418607481519,1.37336891688792,0.198486010316303,2.32779455184937,1.27869153022766,0.37699072022376,1.92551907087695,1.03225771643462,3.66916707890221,0.0513483063591527,0.332629084587097
0031,14,irregular,1,8.54068858388251,1942,171.268,49.7255587789186,0.926968973747017,0.294367005780566,0.718460969293378,51.2237029955151,48.954106399328,0.831968028323581,1.04636172045862,1.40385878014252,0.384328496832295,2.77007722854614,1.28659427165985,0.500981937177886,2.11851041462879,1.20593389202669,4.35489933352256,0.0356649965588127,0.503158450126648
0031,4,circular,1,0.859355384743438,8,6.831,3.19153824321146,1,0.580947501931112,0.888888888888889,3.65148371670111,2.97209241668783,2.15442450565183,1.2285902336679,1.06549700672099,0.139485266428517,1.78859448432922,1.03754925727844,0.353406276899152,1.15470323179025,2.36185166798002,3.7863311198493,0.0586379055126505,0.12423849105835
0031,11,circular,1,0.781635212467782,4580,289.385,76.363846909955,0.943940643033801,0.206553363680821,0.733856753725365,78.0302617384039,76.3475654107791,0.68726354793171,1.02203994742427,1.52343957442837,0.725502185406168,4.23589658737183,1.12962484359741,0.619343819254688,2.84719351419886,1.82830525774624,3.25386535670202,0.0370853271505541,0.56794273853302
0031,NaN,unmatched,0,NaN,55,40.021,8.368283871884,1,0.988887164584367,0.244444444444444,22.4907768084428,3.34365891973846,0.431515779363728,6.7263968449874,2.23750173714696,0.731180464940215,3.88606905937195,2.05193877220154,0.555425263653822,5.54060246757865,0.621839510466558,4.55412172663897,0.0705335629309938,1.21267282962799
0031,1,irregular,1,5.97599818044068,535,85.109,26.0994857503613,0.930434782608696,0.414918919208882,0.709549071618037,27.6357907488192,25.1446560866522,0.928138249095623,1.09907213101592,1.51864666550183,0.351728179919182,2.72536182403564,1.37070465087891,0.389261826329389,2.42994987095029,1.66785844062825,3.95561612319533,0.0534200229259055,0.312390446662903
0032,NaN,unmatched,0,NaN,105,66.692,11.5624457705622,0.507246376811594,0.840431907596949,0.328125,20.2745984759485,10.9871528335309,0.296655005123359,1.84530048713565,1.10962547705724,0.0335072849227993,1.20480537414551,1.11464184522629,0.0839632188000903,1.23239035792149,-0.246669979234935,4.45345910918505,0.0143642564785332,0.0469012260437012
0032,NaN,unmatched,0,NaN,226,101.435,16.9632584461284,0.570707070707071,0.933502092274685,0.461224489795918,32.6250483366218,11.6984272187392,0.276021324859773,2.78884056177748,1.11140946214244,0.0460957765784052,1.24841010570526,1.11689555644989,0.119121546443391,1.23735452304237,-0.219407895098756,4.40261420355249,0.0159730701011861,0.0726994276046753
0032,NaN,unmatched,0,NaN,273,101.038,18.6438836005994,0.630484988452656,0.91894287614353,0.501838235294118,34.4604307911616,13.5908719426831,0.336049326324474,2.53555702213162,1.11688694819853,0.0273418174630343,1.20354819297791,1.1144323348999,0.0698015714577564,1.24818365132768,0.352894470249174,4.43904453863453,0.0145887962084774,0.0398114919662476
0032,NaN,unmatched,0,NaN,15,15.432,4.37019372236832,0.882352941176471,0.94736740511678,0.625,8.34433519215454,2.67142558298292,0.791510524270071,3.12355142711377,1.12782751465892,0.023911882562899,1.18769133090973,1.12742036581039,0.0496799912553683,1.27256511013038,0.0982257731880231,4.71119438063594,0.0145131263616942,0.0339416265487671
0032,NaN,unmatched,0,NaN,9,8.626,3.38513750128654,0.9,0.50395263067897,0.5625,3.94405318873308,3.40660215927909,1.5199645737668,1.15776747748194,1.11342487291053,0.0203122259447213,1.19148290157318,1.11213183403015,0.056176180068787,1.24012657907727,0.460857425145475,4.27056027954703,0.0131005663537961,0.029075026512146
0032,NaN,unmatched,0,NaN,71,40.012,9.50789186287878,0.78021978021978,0.940459219586,0.417647058823529,17.8335683174381,6.06174651210206,0.557298266895207,2.941985165799,1.12090201663474,0.0241053132571604,1.1917005777359,1.11838662624359,0.0580477313333599,1.25700179174584,0.399063838280183,4.50927644367721,0.0141692577495469,0.0335931777954102
0032,NaN,unmatched,0,NaN,210,66.799,16.3517676229325,0.75812274368231,0.510100320064623,0.456521739130435,18.511610449738,15.9221122104437,0.591410780438587,1.16263534668446,1.11635103489807,0.0296979063576085,1.19890129566193,1.11835312843323,0.0755685639984178,1.24712105900136,-0.297839051120365,4.49244767154439,0.0136554183736852,0.0371642112731934
0032,NaN,unmatched,0,NaN,32,22.487,6.38307648642292,0.864864864864865,0.872289731412516,0.457142857142857,9.67138404554489,4.72920419417965,0.795237410665898,2.04503414283691,1.11592884843732,0.0208855695164831,1.19240486621857,1.11600714921951,0.0551409526294986,1.24573286326149,0.340973065056206,4.38659113882833,0.0126700995379768,0.0271626710891724
0032,NaN,unmatched,0,NaN,9,10.958,3.38513750128654,0.75,0.778780280036798,0.45,5.26425814167539,3.30225228721575,0.941867434583747,1.59414172019966,1.11243816872438,0.0218018163361742,1.18524038791656,1.10871136188507,0.0521363490185069,1.23799320623174,0.661701085086698,4.45629595263627,0.013287459497112,0.0298205614089966
0032,NaN,unmatched,0,NaN,13,18.36,4.06842894512822,0.590909090909091,0.954233551725438,0.270833333333333,10.4064686168499,3.11218364828312,0.484627285999536,3.34378359149556,1.11798783711025,0.0195013392206506,1.17609620094299,1.11820369958878,0.046596673326393,1.25027658376467,0.140976554217545,4.58182505081314,0.0123391367484221,0.0266960859298706
0032,NaN,unmatched,0,NaN,81,44.213,10.1554125038596,0.692307692307692,0.82266393927312,0.385714285714286,15.2964581353638,8.69646416203376,0.520708796510287,1.75892843923208,1.11891849221302,0.0239264197102974,1.19999027252197,1.11627525091171,0.0607232223905927,1.25255058470618,0.45450888346263,4.45021537470912,0.0136171789051898,0.0327627658843994
0032,NaN,unmatched,0,NaN,223,91.312,16.8502943142232,0.573264781491003,0.82394212874619,0.375420875420875,27.3257192504289,15.4847733333951,0.336092651284688,1.76468319310151,1.1187803785127,0.0311401886736276,1.25375378131866,1.11808931827545,0.0948036728403929,1.25263875545382,0.314277012865622,4.18029413389513,0.0134580686459626,0.0403964519500732
0032,NaN,unmatched,0,NaN,20,14.994,5.04626504404032,0.909090909090909,0.696847681914118,0.571428571428571,6.35842470974118,4.5603839616001,1.11790486630464,1.39427398291047,1.11323339232692,0.0217991120271833,1.1976021528244,1.10964441299438,0.0587290664809346,1.23976308307497,0.640831725144529,4.33662614122487,0.0136076489489506,0.0281257629394531
0032,NaN,unmatched,0,NaN,23,18.153,5.41151637980601,0.766666666666667,0.850445725069995,0.657142857142857,8.16208473404404,4.29376914256109,0.877083386398111,1.90091373407552,1.11509733606268,0.0235295897153148,1.19999027252197,1.11503064632416,0.0683283471809658,1.24399489027648,0.231239617699671,4.26867726296132,0.0142128653189085,0.0332871675491333
0032,NaN,unmatched,0,NaN,57,31.113,8.51907589177983,0.838235294117647,0.891687361988515,0.431818181818182,13.5088717334158,6.11481505277962,0.739947558825146,2.20920364995751,1.10936025518083,0.0213287417271734,1.18593835830688,1.1068759560585,0.0533356154045738,1.23113463241464,0.583494926797086,4.45367679749601,0.0123428968801455,0.0269221067428589
0032,NaN,unmatched,0,NaN,652,203.44,28.8123616381463,0.561584840654608,0.969306661542357,0.388095238095238,70.311538872922,17.2864312157551,0.197963336756099,4.06744098856212,1.12002301556834,0.0316340952333279,1.24701988697052,1.11960113048553,0.102220628602536,1.25545216345521,0.0643126534353723,4.14866827242609,0.0134479618995437,0.0381095409393311
0032,NaN,unmatched,0,NaN,8,9.362,3.19153824321146,0.888888888888889,0.883503132962298,0.533333333333333,5.23485325808178,2.45213744170616,1.14699778026596,2.13481233516807,1.11643595571103,0.0246622411719321,1.18797302246094,1.11430168151855,0.058358260915371,1.24703641155944,0.302166178590672,4.54016032346883,0.0156485444487567,0.0354787111282349
0032,NaN,unmatched,0,NaN,91,45.627,10.7640512155461,0.81981981981982,0.96689230685279,0.35546875,22.1014134799227,5.63994412026645,0.549297252959228,3.91872915912482,1.1158735829371,0.0269678980893403,1.2235701084137,1.11278575658798,0.0780059088383661,1.24590055946102,0.496854216117988,4.27631819367861,0.013657941307785,0.0368242263793945
0032,NaN,unmatched,0,NaN,198,75.193,15.8777022852037,0.668918918918919,0.882320876832539,0.475961538461538,26.2814373540613,12.3693151527786,0.440068445871218,2.1247285746582,1.11399845008689,0.028996562086997,1.21026694774628,1.11599141359329,0.0793980095397837,1.24183283967901,-0.151623947814239,4.36557937114036,0.012584611454016,0.0381957292556763
0032,NaN,unmatched,0,NaN,154,63.59,14.0028172125903,0.690582959641256,0.75901141009956,0.513333333333333,19.3020174767613,12.5671058496862,0.47857822531152,1.53591588291136,1.11115624010563,0.034996004806856,1.19986999034882,1.11728274822235,0.0818706749713093,1.23589203547786,-0.412690179735111,4.53762954673128,0.0134475059724126,0.0528713464736938
0032,NaN,unmatched,0,NaN,64,41.012,9.0270333367641,0.621359223300971,0.855635332510625,0.415584415584416,14.9633239196675,7.74470449350861,0.478154162265983,1.9320716409786,1.1065994568975,0.0314629809145037,1.18493163585663,1.11139833927155,0.076891074972158,1.22555133797161,-0.403771947726419,4.49972309918135,0.0125449025042646,0.0461553335189819
0032,NaN,unmatched,0,NaN,23,17.045,5.41151637980601,0.884615384615385,0.363181176381384,0.547619047619048,6.10786044820412,5.69080680405842,0.994818124199083,1.07328550388466,1.10627031258368,0.0201883246717827,1.16925406455994,1.10544061660767,0.0488451641381953,1.22424099237521,0.318235323955061,4.52868596793081,0.011555059579461,0.0271697044372559
0032,NaN,unmatched,0,NaN,9,10.404,3.38513750128654,0.9,0.905467944581664,0.45,6.08891380768113,2.58422426704478,1.04484456124467,2.35618629750125,1.11311884224415,0.0270969101968598,1.18895661830902,1.11768108606339,0.0652849007101603,1.2397665757636,-0.572184980812847,4.44481495621321,0.0123415345003812,0.0315979719161987
0032,NaN,unmatched,0,NaN,9,11.512,3.38513750128654,0.75,0.931749965532561,0.45,6.80701709825772,2.47163158024645,0.853396410064059,2.7540581503571,1.11421946684519,0.0229366530669224,1.17982995510101,1.11687308549881,0.0594156014624816,1.24201023353394,-0.308003827997423,4.40601921468279,0.0133556830615837,0.0311712026596069
0032,NaN,unmatched,0,NaN,17,22.09,4.65242649168128,0.548387096774194,0.760403415899738,0.26984126984127,8.25059505542994,5.35835748684289,0.437791528675965,1.53976196543227,1.11455810161386,0.0253588324545725,1.18895661830902,1.11854135990143,0.0733635044563884,1.24288201096615,-0.720722918019496,4.21272172558289,0.0117296203597183,0.028719425201416
0032,NaN,unmatched,0,NaN,26,22.379,5.75362739175159,0.764705882352941,0.944513040109078,0.590909090909091,11.3760110479968,3.73672295924106,0.65238183414883,3.04438171416039,1.11007205805471,0.0236467147626512,1.21045088768005,1.11051660776138,0.0712751552948371,1.23281838962417,0.349782591540421,4.17865674429912,0.0129254527654146,0.0301569700241089
0032,NaN,unmatched,0,NaN,22,22.669,5.29256742840123,0.6875,0.940899082250523,0.366666666666667,10.8937405500941,3.6895688372282,0.537982092631879,2.95257820918666,1.10213159796519,0.0335341074339406,1.17318344116211,1.11116796731949,0.0674942784774757,1.21581715388141,-0.431820420188075,4.6550862778878,0.0136077976690341,0.0524367094039917
0032,NaN,unmatched,0,NaN,18,24.422,4.78730736481719,0.5,0.828504452687808,0.257142857142857,9.93777586289352,5.56498031987709,0.379245045054241,1.78577017198023,1.10739305475612,0.0234854045173478,1.17691516876221,1.10767662525177,0.056069445903381,1.22687026100394,0.167351349691261,4.55590610528492,0.0121517828834885,0.0331976413726807
0032,NaN,unmatched,0,NaN,278,125.899,18.8138404754685,0.643518518518518,0.989316477304217,0.181699346405229,55.1614350820817,8.04164199116628,0.220399243136526,6.85947411519642,1.12518057248802,0.0504424808109225,1.27924346923828,1.1161857843399,0.110132448433395,1.26857534414458,0.632212644914033,4.47955681291034,0.0136295218291818,0.0567814111709595
0032,NaN,unmatched,0,NaN,11,11.421,3.74241031850956,0.785714285714286,0.898457705981619,0.55,6.35387058811215,2.78973090493961,1.05972769925847,2.27759264410117,1.12014614303907,0.0193746972983379,1.17713391780853,1.11982095241547,0.0482082719636957,1.25510213502921,0.180935767756176,4.45928434971214,0.0128970889429411,0.026270866394043
0032,NaN,unmatched,0,NaN,8,8.146,3.19153824321146,0.888888888888889,0.684830020179368,0.666666666666667,4.13414298480395,3.01256177494553,1.51499444183175,1.37230148081484,1.11213387289773,0.0229605270698951,1.18815159797668,1.10987013578415,0.0570239156462731,1.23736798200308,0.571686470750018,4.40250513138742,0.0153872767543576,0.0318059921264648
0032,NaN,unmatched,0,NaN,14,12.918,4.22200824564475,0.875,0.757247366129953,0.583333333333333,5.76927874163368,3.76807855526031,1.05425905364211,1.53109301120585,1.114344484722,0.0244968639402209,1.18815159797668,1.1116070151329,0.0570239156462731,1.24236276528039,0.478958707351296,4.51073008984625,0.0156934512430847,0.033507227897644
0032,NaN,unmatched,0,NaN,1564,341.422,44.6245072574006,0.501282051282051,0.982472998176855,0.193948412698413,127.197049240955,23.7101604462518,0.168602344204182,5.36466421344115,1.13704124790485,0.118776770322914,2.40167784690857,1.11973834037781,0.497134371404542,1.30697021732622,4.82872922556597,2.38457097723539,0.0169239300533017,0.061729907989502
0032,NaN,unmatched,0,NaN,19,17.136,4.91849075936593,0.904761904761905,0.903002838833595,0.475,8.01314214967423,3.44272296873238,0.813101117601263,2.3275593832125,1.11305952055114,0.0233742962116512,1.18815159797668,1.1107143163681,0.0547349688088262,1.23944707350188,0.518617816825604,4.50265632523649,0.0142794755250306,0.033287525177002
0032,NaN,unmatched,0,NaN,9,13.952,3.38513750128654,0.9,0.965044733536956,0.321428571428571,8.08326077716188,2.11850317493826,0.581004422648379,3.81555282653634,1.11419862766325,0.0261987063337449,1.18486058712006,1.11640411615372,0.0557623996566523,1.24212389488384,0.0228030076560378,4.59115946251177,0.0121071150863386,0.0446779727935791
0032,NaN,unmatched,0,NaN,625,167.349,28.2094791773878,0.68530701754386,0.97379835308697,0.424016282225237,62.2568073797605,14.1580203342861,0.280442376198096,4.39728195819826,1.10915562108437,0.035818029452718,1.25308895111084,1.10413956642151,0.103439038260728,1.23150896364658,0.594418542775603,4.24242327264923,0.0121272597336435,0.0485665798187256
0032,NaN,unmatched,0,NaN,436,192.804,23.5612487254927,0.355628058727569,0.966869537677069,0.234408602150538,75.4231464883902,19.2533440468946,0.147388729025163,3.9174050131076,1.13126754070874,0.0291481657314322,1.2800225019455,1.12854498624802,0.0970912225198629,1.28061576071603,0.523635731115091,4.02471360897174,0.0149761344015514,0.0394186973571777
0032,NaN,unmatched,0,NaN,17,16.4,4.65242649168128,0.80952380952381,0.848105009879785,0.404761904761905,7.53719159511301,3.9934164474981,0.794275358581596,1.88740435519443,1.10952087464156,0.0300834978315185,1.18398427963257,1.11760431528091,0.07018214090627,1.23194029890937,-0.660387748031948,4.44575256210655,0.012856274087676,0.0410534143447876
0032,NaN,unmatched,0,NaN,245,135.608,17.6619276541411,0.483234714003945,0.846928613866484,0.3125,36.0870139591714,19.1877039894819,0.167419224785563,1.8807364330278,1.1270919198513,0.0251820363542575,1.22512173652649,1.12492519617081,0.0753363098727471,1.27097007709505,0.369405917329591,4.20957314052557,0.0146950019281497,0.0354361534118652
0032,NaN,unmatched,0,NaN,9,15.176,3.38513750128654,0.6,0.976206889614752,0.25,9.95695010251732,2.15907706944027,0.491063593639726,4.61166960802312,1.11033169828223,0.0207362409572406,1.18232893943787,1.10695177316666,0.0504141592961593,1.23326583581696,0.782575658894886,4.43286233918768,0.0122577571778862,0.0287469625473022
0032,NaN,unmatched,0,NaN,21,27.267,5.17088294582641,0.466666666666667,0.937265138864694,0.233333333333333,13.6189733954053,4.74781046850143,0.354939589320086,2.86847452857652,1.1102893441573,0.0232413830377013,1.18779098987579,1.10672324895859,0.0550820316499842,1.23328196875901,0.668896422503822,4.48035066463449,0.013420342217056,0.0318160057067871
0032,12,irregular,1,2.70874125751096,22495,681.711,169.238067699964,0.933325035266783,0.205366477284726,0.698212179526972,171.74328530528,168.08260181539,0.608268403992493,1.02177907439767,1.10311618890963,0.0804591476295776,1.39866650104523,1.10402464866638,0.651820309714944,1.22333892965346,-3.88823532919055,2.55721647111869,0.0142545103554666,0.0478906631469727
0032,NaN,unmatched,0,NaN,29,29.608,6.0765077797465,0.644444444444444,0.970392519882362,0.239669421487603,14.9337381052514,3.6069957367568,0.415709278324516,4.14021506958558,1.10933818876681,0.0210332149834076,1.18779098987579,1.10668361186981,0.0547219038510547,1.23107315283919,0.712950334310252,4.34086752559323,0.0127889829727414,0.0286047458648682
0032,NaN,unmatched,0,NaN,10,13.216,3.56824823230554,0.714285714285714,0.883044708047599,0.333333333333333,6.65400118546666,3.12264869789654,0.719465219534917,2.13088369176747,1.1188921391047,0.0208731209604343,1.18158960342407,1.11942040920258,0.0549176171884479,1.25235463584094,0.120778606827208,4.37986824671334,0.0125775508889589,0.0288653373718262
0032,NaN,unmatched,0,NaN,33,28.673,6.48204481442857,0.75,0.963372142895984,0.3,13.6077303437708,3.64915879667625,0.504402853143749,3.72900471093915,1.12721661303633,0.0225483391509984,1.20301711559296,1.12595868110657,0.0569758871630546,1.27112517360722,0.420942963532763,4.44059993024436,0.0141778655083346,0.0324870347976685
0032,NaN,unmatched,0,NaN,67,44.792,9.23618154310838,0.638095238095238,0.863823314322231,0.358288770053476,15.8628328245743,7.99161396748952,0.419646647312197,1.98493481906227,1.12436855140726,0.0236903890847588,1.21672141551971,1.12180805206299,0.0692018231513445,1.26476538462216,0.564442121349569,4.19959552965497,0.0145937639644582,0.0288621187210083
0032,NaN,unmatched,0,NaN,14,14.903,4.22200824564475,0.823529411764706,0.959534519567551,0.4,8.7776492221142,2.47170724774437,0.792119120861904,3.55124953819855,1.12885118996655,0.0237997981060748,1.19660151004791,1.12812185287476,0.0543105664851402,1.27487060032266,0.204673956035325,4.53362609032761,0.0141299542948465,0.0367814302444458
0032,NaN,unmatched,0,NaN,57,38.118,8.51907589177983,0.670588235294118,0.882993974807293,0.323863636363636,14.4276288937084,6.77210278658632,0.492974560238557,2.13045037093731,1.11597544531668,0.0201068001272421,1.19632482528687,1.11439263820648,0.0603541247833567,1.2458051157,0.54841329922125,4.22842733301352,0.0131225542333385,0.0261826515197754
0032,NaN,unmatched,0,NaN,18,14.324,4.78730736481719,0.947368421052632,0.864133780521125,0.6,7.15708794296125,3.60189159205497,1.10243690821559,1.98703591156056,1.11354136320261,0.0219535319664291,1.18460154533386,1.11246287822723,0.0565898708061109,1.24045558365574,0.369246379040959,4.42479797659946,0.0135194723690486,0.0274205207824707
0032,NaN,unmatched,0,NaN,29,19.377,6.0765077797465,0.852941176470588,0.806884648362161,0.591836734693878,8.33190464410864,4.92173135349217,0.970587700178451,1.69288082702783,1.12567240285939,0.0220663938372154,1.19425547122955,1.12554121017456,0.0534877810071803,1.26762461635967,0.200715728763055,4.49305336596486,0.0146635534051235,0.0296003818511963
0032,NaN,unmatched,0,NaN,54,40.177,8.29185958731205,0.58695652173913,0.770540708523969,0.346153846153846,13.8020808487218,8.79731918690853,0.420386357542747,1.56889622343827,1.11218192812168,0.0207738095619564,1.17984795570374,1.11066991090775,0.0570718140050922,1.2373797837383,0.216647120249424,4.3655704715183,0.0128768373219953,0.0278681516647339
0032,NaN,unmatched,0,NaN,19,15.548,4.91849075936593,0.863636363636364,0.780415505996562,0.542857142857143,6.7411736733512,4.21499471654141,0.987675773224908,1.59933146461513,1.1243650704843,0.0214788567097085,1.1970123052597,1.12339556217194,0.0609061869440058,1.26465746954215,0.23010529232379,4.26724501660446,0.0143394081467988,0.0270473957061768
0032,NaN,unmatched,0,NaN,9,10.958,3.38513750128654,0.818181818181818,0.930593090103042,0.5,6.43196143330427,2.35445373014635,0.941867434583747,2.73182749397435,1.11158029909517,0.0280746577032431,1.18021416664124,1.11391454935074,0.0608595505395242,1.23639762970419,-0.171115284519504,4.67078563277683,0.014613162015895,0.0380542278289795
0032,NaN,unmatched,0,NaN,10,11.81,3.56824823230554,0.833333333333333,0.945064980754991,0.416666666666667,6.98649373336008,2.28376268039983,0.900969457445338,3.0592030394931,1.11564620183064,0.0261528391270018,1.18460154533386,1.11681932210922,0.0626243881412063,1.24534932254618,-0.147788075579485,4.56339519457709,0.0144699005477985,0.034549355506897
0032,NaN,unmatched,0,NaN,168,66.882,14.6254655828629,0.7,0.868536515308199,0.429667519181586,23.1484331763956,11.4729464187642,0.471955055703034,2.01765373352882,1.11895331154073,0.0219747574458579,1.19937562942505,1.11758267879486,0.0618886722127617,1.25253909985928,0.411666121468817,4.29391043377066,0.0140321322030477,0.0291520357131958
0032,NaN,unmatched,0,NaN,11,10.586,3.74241031850956,0.916666666666667,0.785989755813794,0.55,5.17710454452127,3.20069062719596,1.23349890947398,1.61749608054334,1.12187241176764,0.0240254930944017,1.21128165721893,1.1197709441185,0.0605427750510599,1.25917397056324,0.34530203264594,4.40338729572347,0.0160091089646679,0.0367236137390137
0032,NaN,unmatched,0,NaN,35,35.033,6.67558117812455,0.564516129032258,0.935956613118977,0.269230769230769,14.4289322424959,5.08064849909887,0.358363071469463,2.83997844862817,1.11531120117265,0.0252837250974413,1.19791448116302,1.11543262004852,0.0681811936751452,1.24455769649197,-0.0269369836430079,4.37487395095438,0.0144166077198123,0.033509373664856
0032,NaN,unmatched,0,NaN,47,36.067,7.73577782789505,0.594936708860759,0.860905128460712,0.373015873015873,13.6461039019342,6.94266722072041,0.454033274846951,1.96554198380809,1.11989064656697,0.0258612436009288,1.21157169342041,1.11656188964844,0.0694976705167629,1.25482318588864,0.567664542870082,4.35448205931528,0.0155437316361371,0.0346496105194092
0032,NaN,unmatched,0,NaN,18,17.508,4.78730736481719,0.75,0.921905596832918,0.514285714285714,8.9918016714674,3.48355522734804,0.737920020329442,2.5812140427332,1.11401814743325,0.0197660761551047,1.18068099021912,1.11216723918915,0.0492973559730582,1.24142655176566,0.50134142857821,4.43412625187805,0.0135103911014399,0.0264561176300049
0032,NaN,unmatched,0,NaN,806,176.976,32.0348415487972,0.744228993536473,0.956467924400284,0.501243781094527,62.0767752689541,18.1163291144233,0.323382233213914,3.42656477903858,1.11358708756557,0.0370884902937981,1.26881229877472,1.1100686788559,0.11847410163657,1.24145159157509,0.441251072392925,4.13901389982314,0.0127539187703607,0.045424222946167
0032,NaN,unmatched,0,NaN,8,8.998,3.19153824321146,0.888888888888889,0.927619543300139,0.5,5.7493300467673,2.14752664244368,1.24167481779771,2.67718683118413,1.1174883544445,0.0205670352267393,1.190314412117,1.11656647920609,0.0523489560830467,1.249202490877,0.404827364091136,4.39535511833208,0.0145127574511999,0.0298386812210083
0032,NaN,unmatched,0,NaN,25,19.774,5.64189583547756,0.833333333333333,0.923439082685847,0.446428571428571,9.81154650938606,3.76513236962804,0.80345362226767,2.60589683075481,1.11182262831264,0.0248523735933828,1.19851994514465,1.10923790931702,0.0624096510819891,1.2367663803165,0.484418048322047,4.43940304513973,0.0142968808439486,0.0357794761657715
0032,NaN,unmatched,0,NaN,623,334.516,28.1643078446818,0.365825014679977,0.728968964833545,0.250805152979066,58.2848326574501,39.8986925730118,0.0699623067988805,1.46082061588342,1.12499915291212,0.02653804372945,1.25334024429321,1.1227759718895,0.0863412410380655,1.26632727469925,0.626063520479858,4.05485685699256,0.0155349919855625,0.0350654125213623
0032,NaN,unmatched,0,NaN,12,11.33,3.90882009522336,0.857142857142857,0.906480536625192,0.666666666666667,6.40466941744828,2.70435629800071,1.17471168929788,2.36827869988254,1.1218979807203,0.0276146073344265,1.21586239337921,1.11928445100784,0.0712565037410871,1.25941637048765,0.556841615888786,4.39091768878564,0.0162880401724441,0.0362597703933716
0032,NaN,unmatched,0,NaN,85,55.279,10.4031418957202,0.537974683544304,0.72215433494862,0.314814814814815,16.8583718419488,11.6614747432267,0.349549297524834,1.44564664531307,1.12201151426573,0.0285555829937592,1.24166536331177,1.12190306186676,0.0817403880770608,1.25972464636626,0.152102315764467,4.26571569010982,0.01469715752956,0.0395801067352295
0032,NaN,unmatched,0,NaN,14,13.034,4.22200824564475,0.823529411764706,0.711477378504264,0.466666666666667,5.57951103480354,3.92077262450269,1.03557716720717,1.42306416850971,1.10980952868095,0.0237677659557549,1.1767166852951,1.11234498023987,0.0627214078071201,1.23224122756232,-0.529172142783574,4.36949661759953,0.0115416072478261,0.027301549911499
0032,NaN,unmatched,0,NaN,25,22.305,5.64189583547756,0.675675675675676,0.749344324776958,0.396825396825397,8.34190496451385,5.52384723084245,0.631459378091618,1.51016214169298,1.11437815953032,0.0209446762539657,1.18290090560913,1.11267685890198,0.0512256398874711,1.24227680164682,0.229947234857329,4.49486000079478,0.0136227649900209,0.0313446521759033
0032,NaN,unmatched,0,NaN,14,11.603,4.22200824564475,0.933333333333333,0.73374607982001,0.7,5.38219437234648,3.65679091454565,1.30676446219961,1.47183541474512,1.10891188548671,0.0220728760544147,1.17050850391388,1.10617846250534,0.0490795894214405,1.23017142826473,0.314293657601727,4.58144223762734,0.0139782045793584,0.0299719572067261
0032,NaN,unmatched,0,NaN,156,82.967,14.0934512798919,0.563176895306859,0.973835395774821,0.3046875,34.5001527859199,7.84031604656665,0.284789313625273,4.40035230480637,1.11841195438589,0.0246135240299161,1.21144795417786,1.11697435379028,0.0747374366246621,1.2514508548206,0.1608204223735,4.2192769921064,0.0132712125557055,0.0352014303207397
0032,NaN,unmatched,0,NaN,20,24.149,5.04626504404032,0.526315789473684,0.929622190011336,0.317460317460317,11.6330856605444,4.28695517600804,0.430964558885182,2.71360095520687,1.11529507490867,0.0201763890501211,1.20363187789917,1.11413490772247,0.0651403952397379,1.24428967088428,0.387736576757429,4.11754035914902,0.012703855459495,0.0263082981109619
0032,NaN,unmatched,0,NaN,10,9.734,3.56824823230554,0.909090909090909,0.828303877554078,0.666666666666667,5.13656501297522,2.87791009834316,1.32625544585198,1.78482469481322,1.10781853281933,0.018964714604536,1.18684160709381,1.1054093837738,0.0518578841436419,1.22762093656166,0.925322849022378,4.22996475605792,0.0132869307220007,0.0236467123031616
0032,NaN,unmatched,0,NaN,42,42.137,7.31273279143145,0.451612903225806,0.900888626425206,0.269230769230769,16.8246541074401,7.30274654739714,0.29725689019059,2.30388032752373,1.11861408106757,0.0232076962565338,1.20363187789917,1.1162850856781,0.0648321555646066,1.25183554949298,0.463575633044815,4.30568982004959,0.0143507098936861,0.0290131568908691
0032,NaN,unmatched,0,NaN,8,9.089,3.19153824321146,0.8,0.854554362164711,0.5,5.03322295684717,2.61406452355969,1.21693573481172,1.92543944936493,1.11519749090075,0.020612347694159,1.1771274805069,1.11242318153381,0.0514660846142575,1.24408957496922,0.418445690945663,4.44390718925439,0.0131808841969553,0.0292524099349976
0032,NaN,unmatched,0,NaN,863,184.774,33.1482386727628,0.723993288590604,0.95606154829051,0.470043572984749,64.4562645782872,18.8963866161908,0.317642743681456,3.41103650594552,1.1210809098282,0.040543893698393,1.30049204826355,1.11704784631729,0.129643964391106,1.25846602286772,0.572015675410605,4.09538183014191,0.0131007118808744,0.0495833158493042
0032,NaN,unmatched,0,NaN,144,56.651,13.5405500051462,0.774193548387097,0.905648265807554,0.545454545454545,22.4462547476907,9.51787951792942,0.563841704537082,2.35832516112516,1.11523466876575,0.0332247065947214,1.25343060493469,1.1133229136467,0.0947430606352402,1.24485142620523,0.461795964801937,4.25456576221838,0.0149048528271664,0.0409116744995117
0032,NaN,unmatched,0,NaN,267,126.867,18.4378675134704,0.465968586387435,0.89430234460678,0.26969696969697,38.0094471598008,17.0078289020799,0.208460504640324,2.23482064516492,1.12959785120828,0.0272587160151205,1.25841963291168,1.12699681520462,0.0876872233453423,1.27673411816283,0.540009102046885,4.06309870191057,0.0159531429866641,0.0353354215621948
0032,NaN,unmatched,0,NaN,120,81.686,12.3607744647421,0.446096654275093,0.885703254229207,0.260869565217391,26.7964205297757,12.4402868005647,0.225993448887107,2.15400343732906,1.12385277249092,0.0220635283661529,1.21311914920807,1.12252050638199,0.0656353275043574,1.26353157049665,0.458295505719992,4.20447669879399,0.0155969255449208,0.029676079750061
0032,NaN,unmatched,0,NaN,67,46.934,9.23618154310838,0.572649572649573,0.955745285003056,0.465277777777778,21.2926706216833,6.26420635905244,0.382216585751298,3.39910108339792,1.11145055450891,0.0228281383687018,1.19440853595734,1.11025601625443,0.0618122529780403,1.23584296924144,0.340673889584171,4.36021157173359,0.0132049060449793,0.0305556058883667
0032,NaN,unmatched,0,NaN,16,15.821,4.51351666838205,0.761904761904762,0.631372361673112,0.533333333333333,6.12323135932045,4.74844231163245,0.803270810277277,1.28952421814626,1.11685029323284,0.0206229902833215,1.1987761259079,1.11609971523285,0.0564022951393665,1.24777923090293,0.324219029540121,4.32124325350495,0.0146721871524841,0.0279854536056519
0032,NaN,unmatched,0,NaN,19,22.305,4.91849075936593,0.703703703703704,0.972428740469364,0.263888888888889,12.074170595433,2.81569929356624,0.479909127349629,4.28816053724986,1.11270343170965,0.0218366927952293,1.18998265266418,1.11243981122971,0.0581893481188495,1.23858518084786,0.287890566709357,4.37766084709224,0.014411582671175,0.0286017656326294
0032,NaN,unmatched,0,NaN,89,55.634,10.6451077721848,0.559748427672956,0.926668341818281,0.290849673202614,21.9811826614556,8.26228722743446,0.361342710795513,2.66042344648445,1.11290513256705,0.0238619134277684,1.19814622402191,1.11332142353058,0.0637689588228959,1.23912682003432,0.126905779576009,4.39810589695164,0.0134795415039445,0.0329967737197876
0032,NaN,unmatched,0,NaN,107,70.231,11.672044863119,0.507109004739337,0.970600872333524,0.2675,30.833793737934,7.42153124713611,0.272606330705105,4.15464042542871,1.12141497917473,0.0227476196012431,1.20902848243713,1.12064719200134,0.063831577110085,1.25808868630611,0.326535326267498,4.28797341920741,0.0141640114767553,0.0301367044448853
0032,NaN,unmatched,0,NaN,60,33.536,8.74038744473663,0.810810810810811,0.892320648018433,0.428571428571429,14.0191086925236,6.32825518523321,0.67040708053973,2.21531974962653,1.12561337912784,0.0226554772408002,1.21260356903076,1.12415087223053,0.0618296271800165,1.26751824671408,0.414789615461509,4.31200046835777,0.0149995872489989,0.0297253131866455
0032,NaN,unmatched,0,NaN,117,70.529,12.2052868353847,0.554502369668246,0.940309491939485,0.267734553775744,27.426612324263,9.33383909034532,0.295569946741808,2.93840637906779,1.11725645969507,0.0265986621381815,1.20176541805267,1.11641764640808,0.0681197457929128,1.24896906368024,0.144216711978566,4.47100346326348,0.0151095895836204,0.0367841720581055
0032,NaN,unmatched,0,NaN,125,58.736,12.6156626101008,0.637755102040816,0.908179741224584,0.37202380952381,23.2775139310954,9.7435112692667,0.455314145208784,2.3890272498086,1.11458878748139,0.0262611028436233,1.22601270675659,1.11388075351715,0.0829972618477539,1.24299734346228,0.331435738876206,4.14823452885188,0.014455779753402,0.035311222076416
0032,NaN,unmatched,0,NaN,18,14.233,4.78730736481719,0.9,0.826954986897995,0.642857142857143,6.65108419400705,3.7396926700535,1.11657903803534,1.77851090472413,1.11411858285651,0.0247182893986884,1.20154690742493,1.11218845844269,0.0612763453275118,1.24187026760527,0.376592201381286,4.44469214434924,0.0145922829527313,0.0370174646377563
0032,NaN,unmatched,0,NaN,78,54.989,9.96557497033376,0.541666666666667,0.897838385732971,0.270833333333333,20.4746205627667,9.01549026312487,0.324155073168855,2.27104904616357,1.11956103538212,0.0271348528835665,1.20154690742493,1.12051552534103,0.0710400839379202,1.25415267395572,-0.0513327889106795,4.43944822984551,0.0156507547009912,0.0368983745574951
0032,NaN,unmatched,0,NaN,11,12.736,3.74241031850956,0.785714285714286,0.948515704147165,0.458333333333333,7.64365003842689,2.42097407410057,0.852190028875132,3.15726224423392,1.12803300966819,0.021580212955142,1.20154690742493,1.12889963388443,0.0612763453275118,1.2729234301692,-0.104217339539782,4.24997369320191,0.0155087393341515,0.0248976945877075
0032,NaN,unmatched,0,NaN,82,77.939,10.2179079399006,0.353448275862069,0.72343350290851,0.241176470588235,22.9115725070468,15.8180137099155,0.169634451118426,1.44844813813031,1.11157586244312,0.0288319286343479,1.19289410114288,1.11548238992691,0.0781067972827978,1.2364316163992,-0.394307297804475,4.37761820297253,0.0141913233001605,0.0389273166656494
0032,NaN,unmatched,0,NaN,9,13.952,3.38513750128654,0.9,0.965044733536956,0.321428571428571,8.08326077716188,2.11850317493826,0.581004422648379,3.81555282653634,1.10968000726935,0.0173661558894473,1.16966640949249,1.10937142372131,0.0468032293849535,1.23169083649725,0.169797158125317,4.39406890117192,0.011685564296643,0.0231738090515137
0032,NaN,unmatched,0,NaN,8,7.22,3.19153824321146,1,0.547722557505166,0.666666666666667,3.65148371670111,3.05505046330389,1.92852581155135,1.19522860933439,1.11348845086236,0.0287000958091923,1.19449329376221,1.11182045936584,0.0681104652138892,1.24067873350132,0.218251511019534,4.54367532122402,0.0165455494976698,0.0389082431793213
0032,NaN,unmatched,0,NaN,210,82.777,16.3517676229325,0.681818181818182,0.958334416517511,0.48951048951049,33.8650104012479,9.67349419933171,0.385132167127393,3.50080433227401,1.12352061313114,0.0255519319884983,1.21846783161163,1.12178611755371,0.0756333569761348,1.26295118561217,0.447606565668079,4.22796753009524,0.0155356227373277,0.0327353477478027
0032,NaN,unmatched,0,NaN,12,11.81,3.90882009522336,0.923076923076923,0.911624545231374,0.5,6.57639977321398,2.70305782003024,1.08116334893441,2.43294824272031,1.11691187627805,0.024888798089758,1.18289530277252,1.11741197109222,0.0772655050408247,1.24811059892932,-0.301891599690969,4.17985977655936,0.0136863744353321,0.0341386795043945
0032,NaN,unmatched,0,NaN,14,11.628,4.22200824564475,0.933333333333333,0.223035642799943,0.56,4.61880215351701,4.50245586802774,1.30115146038657,1.02584062762624,1.12354912757874,0.0243437469038477,1.19717955589294,1.12310421466827,0.0594128836878232,1.26295431190743,0.317797533876247,4.49385189182872,0.015601410857842,0.0343647003173828
0032,NaN,unmatched,0,NaN,13,13.009,4.06842894512822,0.928571428571429,0.80547952057895,0.541666666666667,6.09484393406202,3.61194840841187,0.965306852032182,1.68741168059536,1.11262096292697,0.0215863223957007,1.16915714740753,1.11256659030914,0.049941479011075,1.23839062971342,0.0352854775060897,4.56470843572438,0.0127458377718268,0.0305140018463135
0032,NaN,unmatched,0,NaN,127,87.574,12.716187407449,0.445614035087719,0.966463119637354,0.197204968944099,37.8842754278408,9.72888834245827,0.208095750337882,3.89399837826367,1.12734645785226,0.0276877216836723,1.21759283542633,1.12475955486298,0.0752762170658194,1.27167630524853,0.320619178162214,4.37815601937495,0.0153303192204565,0.0374000072479248
0032,NaN,unmatched,0,NaN,35,31.667,6.67558117812455,0.546875,0.803434938945118,0.364583333333333,12.1742710101288,7.24847036628068,0.438595391685332,1.6795641555993,1.11469522863626,0.0269746693742983,1.19538378715515,1.11654931306839,0.0697589048686344,1.24327227344214,-0.166001469910462,4.43281116924271,0.0137045944460375,0.0397752523422241
0032,NaN,unmatched,0,NaN,10,14.324,3.56824823230554,0.666666666666667,0.940830251218763,0.357142857142857,8.04232728037896,2.72536943953276,0.612464949008663,2.95091269598949,1.11300384887943,0.0228327076054019,1.17062962055206,1.11600124835968,0.0532173315785347,1.23929809563149,-0.185147104608937,4.55850570127552,0.0129379529868336,0.0331076383590698
0032,NaN,unmatched,0,NaN,25,20.973,5.64189583547756,0.757575757575758,0.917432541036913,0.5,9.87488671947395,3.92913208536234,0.714214657865108,2.51324885621993,1.11536095794042,0.020686059244132,1.18950045108795,1.11437714099884,0.056314433692252,1.24445740899409,0.274571704967617,4.38683373031828,0.0139598455388933,0.0276558399200439
0032,NaN,unmatched,0,NaN,13,10.867,4.06842894512822,0.928571428571429,0.650259125282199,0.65,5.04599257938042,3.83350359538888,1.38335575830971,1.31628742580286,1.11328879197439,0.0210021841500873,1.19721484184265,1.11329364776611,0.0577218113760615,1.23985229092196,0.547658565108001,4.26873527604552,0.0123151593473981,0.029029369354248
0032,NaN,unmatched,0,NaN,1121,214.896,37.7796443822347,0.758970886932972,0.963399580182799,0.513278388278388,75.2973580038751,20.1849239981725,0.305041419397384,3.73037609706592,1.11831427921928,0.0428551043571652,1.30378651618958,1.11139816045761,0.130850511314705,1.25246323877418,1.026091402027,4.07530580463132,0.013036016349435,0.0472502708435059
0032,NaN,unmatched,0,NaN,1078,283.406,37.0479719988086,0.514804202483286,0.812988339569741,0.323529411764706,70.9881040369166,41.3349508610199,0.168659397249167,1.71738692216181,1.12732029377526,0.0395802347937629,1.31070482730865,1.12114012241364,0.128592954195863,1.27241750564055,0.710870042706411,4.02107319373635,0.0133979111498843,0.0547137260437012
0032,NaN,unmatched,0,NaN,124,46.173,12.5650986286284,0.815789473684211,0.634581362484246,0.521008403361345,14.8339589073666,11.4645150824594,0.730895626847081,1.29390199242378,1.11867897849773,0.0265164439223126,1.21376347541809,1.11620301008224,0.074263875857137,1.25214521981065,0.485368197130843,4.32450312669332,0.0144192714468278,0.034272313117981
0032,NaN,unmatched,0,NaN,21,17.417,5.17088294582641,0.777777777777778,0.764648959523282,0.6,7.39538742577278,4.76593542909803,0.869926288481238,1.55171792312184,1.1105002924248,0.019106757833231,1.19159305095673,1.10842180252075,0.0515153590374683,1.2335754268287,0.720428219677429,4.3178732062356,0.0121450247767364,0.0254263877868652
0032,NaN,unmatched,0,NaN,12,17.508,3.90882009522336,0.631578947368421,0.970329971044944,0.444444444444444,10.2200521602934,2.47105026181941,0.491946680219628,4.13591431878381,1.1148609814794,0.0226990193930534,1.18135547637939,1.11420857906342,0.0566838779791025,1.24342948102463,0.214778183511401,4.47189701243825,0.0140012625266417,0.0312999486923218
0032,NaN,unmatched,0,NaN,13,23.57,4.06842894512822,0.419354838709677,0.913054282258819,0.203125,11.8302844892331,4.82484019504858,0.294058712422109,2.45195364218979,1.11809733829328,0.0244133684201448,1.17524921894073,1.12259835004807,0.0583984724852984,1.25073691023603,-0.539392135478704,4.43686325739587,0.0132308971331204,0.0295219421386719
0032,NaN,unmatched,0,NaN,24,28.069,5.52790639154137,0.631578947368421,0.976111758441219,0.369230769230769,15.0851994571794,3.27754677963124,0.382795853413231,4.60258860405239,1.1134354531507,0.0207299558975761,1.17420279979706,1.11235201358795,0.0491036886918832,1.24016761930185,0.347640782561587,4.52186231310879,0.0137551459676684,0.0293086767196655
0032,NaN,unmatched,0,NaN,10,11.81,3.56824823230554,0.714285714285714,0.84749523608247,0.4,6.04428104354301,3.20832251080426,0.900969457445338,1.88393810883677,1.11559221935272,0.0271613603890769,1.16893768310547,1.12220668792725,0.0615271013765873,1.24528255899532,-0.902101110229704,4.43760063842012,0.0135964554343506,0.0264643430709839
0032,NaN,unmatched,0,NaN,28,26.043,5.97082132144185,0.651162790697674,0.850793514844007,0.363636363636364,10.6087783764857,5.57491450147403,0.518783163931119,1.9029490718971,1.12381839510076,0.0165386213761391,1.17812323570251,1.12365520000458,0.0426143262947366,1.26324098437055,0.251584045912742,4.43354215984926,0.01319199278361,0.0214787721633911
0032,NaN,unmatched,0,NaN,32,29.864,6.38307648642292,0.581818181818182,0.888020833750305,0.333333333333333,12.6825813953093,5.83149173179729,0.450883028488292,2.17484341547724,1.10503030408706,0.0200317720578794,1.20734286308289,1.10220515727997,0.0632685637281567,1.22149279699442,0.986511631080174,4.03283236642434,0.0124488350871545,0.0257062911987305
0032,NaN,unmatched,0,NaN,106,57.429,11.6173745632104,0.616279069767442,0.820980360609791,0.368055555555556,18.6944647549412,10.6737248987376,0.403880812398376,1.75144712200257,1.11851558882242,0.022372124625489,1.18420016765594,1.11858397722244,0.0587254900132237,1.2515772685277,0.0914688219678308,4.44112831149282,0.0136151907305097,0.0312697887420654
0032,NaN,unmatched,0,NaN,8,9.734,3.19153824321146,0.888888888888889,0.913849903848607,0.533333333333333,5.66750954241373,2.30130446775649,1.06100435668158,2.46273781753829,1.10706068681634,0.0215985388819941,1.17625463008881,1.10397911071777,0.0536138488632674,1.22604904987718,0.548670378140415,4.47678969796384,0.0140515396094891,0.028019905090332
0032,NaN,unmatched,0,NaN,18,14.25,4.78730736481719,1,0.890581045168067,0.5,7.39369100427295,3.36283243342701,1.11391650875206,2.19864984373846,1.11122333298068,0.0228607393687779,1.17625463008881,1.11035966873169,0.0536138488632674,1.23533913606842,0.282164825786258,4.56561809401199,0.015070084226646,0.0339856147766113
0032,NaN,unmatched,0,NaN,19,27.168,4.91849075936593,0.475,0.953447109173443,0.226190476190476,14.5684969064782,4.39328018830915,0.323480516479052,3.31608645067666,1.11475775528837,0.0216779239849796,1.17670094966888,1.1150096654892,0.0508767275368312,1.24315424146064,0.0989175707793538,4.58810943810133,0.0142301148578736,0.0313892364501953
0032,NaN,unmatched,0,NaN,33,26.225,6.48204481442857,0.702127659574468,0.930317890830781,0.458333333333333,12.1353143010642,4.45067713720909,0.602965980981628,2.72662202333418,1.12089590842907,0.0229114282186259,1.18420016765594,1.12134754657745,0.0572285692924194,1.25693194014631,-0.0963634579673732,4.47266807479236,0.0141939816457322,0.0312165021896362
0032,NaN,unmatched,0,NaN,86,42.253,10.464157913909,0.728813559322034,0.635435815639444,0.472527472527473,13.2740304121443,10.2495915916041,0.605331418856329,1.29507895934288,1.11343774172924,0.0262497880904327,1.21554315090179,1.10760450363159,0.0666484022735717,1.24043204195411,0.91627808168673,4.31692419713355,0.0136446460839493,0.0342974662780762
0032,NaN,unmatched,0,NaN,5830,611.493,86.1567556597044,0.711322596388482,0.985414975958802,0.496170212765957,246.710970038065,41.9824406080601,0.195927518975974,5.87652757831092,1.13731257745466,0.0769417767981425,1.95904397964478,1.11536037921906,0.341528252139182,1.29939982485206,2.89051688653308,2.82104104927784,0.0149732092439583,0.0633292198181152
0032,NaN,unmatched,0,NaN,136,89.253,13.1590492849591,0.456375838926175,0.946624410183868,0.317016317016317,33.3882588319079,10.7623273529132,0.214537456308221,3.10232700948929,1.12004755238562,0.0299120383791801,1.2518424987793,1.11874294281006,0.0984113894372465,1.25540086080102,0.530894607951485,4.0519309047506,0.0143953821346482,0.0358278751373291
0032,NaN,unmatched,0,NaN,11,16.491,3.74241031850956,0.55,0.83860484247106,0.314285714285714,7.51728006701344,4.0949648727044,0.508286489160793,1.83573737521437,1.10117451261591,0.0207927877194203,1.16557896137238,1.09872996807098,0.0476300836671738,1.21301700675229,0.602738187640698,4.5430843796312,0.0137688782193487,0.0293228626251221
0032,NaN,unmatched,0,NaN,41,28.301,7.22515199384357,0.719298245614035,0.460580857351525,0.455555555555556,8.75634080331608,7.77228354045243,0.643265349457081,1.12661108639976,1.11390727840621,0.0222173882364957,1.18682169914246,1.11185538768768,0.0567314049119662,1.24128246985587,0.389718328247555,4.4428827024543,0.0125093219085153,0.0328766107559204
0032,NaN,unmatched,0,NaN,162,63.326,14.3619220944516,0.683544303797468,0.787273740602669,0.426315789473684,19.9260821314575,12.2864949104772,0.507645762565379,1.62178735893715,1.11474357232069,0.026028648417764,1.21207189559937,1.11439836025238,0.0824010542545279,1.24333028827995,0.0109214160148878,4.17539615825286,0.0136300579537246,0.0354912281036377
0032,NaN,unmatched,0,NaN,18,22.396,4.78730736481719,0.692307692307692,0.984990552279626,0.257142857142857,13.3202768555385,2.29918983003189,0.45096356129072,5.79346545533117,1.11070557023272,0.0209082895345848,1.18528842926025,1.1101006269455,0.0548969366524678,1.23410348061778,0.121211170029728,4.40450433803624,0.0120251993499002,0.0305274724960327
0032,NaN,unmatched,0,NaN,241,78.303,17.5171553136111,0.708823529411765,0.690338051546345,0.401666666666667,22.4374817176203,16.2332253339991,0.493935344263297,1.38219492774655,1.11592647836666,0.0298148773095173,1.21047234535217,1.11240887641907,0.0730567197863055,1.2461803830758,0.448913763043683,4.50996920221119,0.0139455115347633,0.0409116744995117
0032,NaN,unmatched,0,NaN,14,13.472,4.22200824564475,0.777777777777778,0.866054099115374,0.56,6.69666488320819,3.34799958343989,0.969334681271217,2.00019884002725,1.10966842937469,0.0207197632066918,1.18264508247375,1.10744023323059,0.0532426685569818,1.2317926448445,0.506649300033397,4.41623576339946,0.0119024981206469,0.0289140939712524
0032,NaN,unmatched,0,NaN,8,7.774,3.19153824321146,0.888888888888889,0.782272678051271,0.666666666666667,4.27914326017336,2.66563306281633,1.66345393385248,1.60530093952702,1.09595517144687,0.0197692546292118,1.18422317504883,1.09325289726257,0.0565326158174163,1.20150785323627,1.08774930009401,4.14666324473914,0.0138273277097501,0.0231698751449585
0032,NaN,unmatched,0,NaN,8,11.049,3.19153824321146,0.8,0.920256814514005,0.4,6.34451355480061,2.48270304700703,0.823481607951741,2.55548627229064,1.10117055694262,0.0176305850084878,1.17040765285492,1.10010904073715,0.0496210767261299,1.21288691494252,0.380201810721074,4.31686086153502,0.0115080791771158,0.0248421430587769
0032,NaN,unmatched,0,NaN,1286,321.152,40.4646272011669,0.454577589254153,0.974277482557938,0.238589981447124,111.351463035712,25.0932410695358,0.156685775228384,4.43750820099908,1.13349807281078,0.0528218182288953,1.3759001493454,1.11886239051819,0.159177830361321,1.28760788237433,1.15973442719134,3.960020643652,0.0142762745237243,0.0624210834503174
0032,NaN,unmatched,0,NaN,92,54.89,10.823032759612,0.582278481012658,0.871440253503186,0.410714285714286,18.2919783685111,8.97224586839588,0.383717167361452,2.03872905812171,1.11240673298929,0.0237055113162258,1.20782685279846,1.11022341251373,0.0684198252468945,1.23801023175616,0.553657952308954,4.2755678246112,0.0131070328363801,0.0309100151062012
0032,NaN,unmatched,0,NaN,31,27.168,6.28254931431422,0.63265306122449,0.728608764702213,0.3875,9.22925175813699,6.32139250555954,0.527784000571086,1.46000295821214,1.10387373098305,0.0215153788652317,1.18843746185303,1.10186690092087,0.0629068461624002,1.218999574397,0.557534856252927,4.20286149989231,0.012476069334827,0.0286747217178345
0032,NaN,unmatched,0,NaN,3381,835.447,65.6111492107064,0.264657534246575,0.929137167862821,0.132947976878613,229.65624202819,84.9119981852973,0.0608719517818479,2.70463829536819,1.18220171841228,0.155784870542051,3.01857995986938,1.14367723464966,0.573225018734003,1.42186952738078,4.79637195790307,2.45608821238793,0.0206332953794865,0.0992810726165771
0032,NaN,unmatched,0,NaN,295,90.601,19.3805486428241,0.681293302540416,0.876856950511117,0.427536231884058,31.4914566768292,15.1395612218099,0.451612441292777,2.08007723707758,1.11608994749233,0.0256375464610698,1.21584272384644,1.11189132928848,0.0678240522017031,1.2463137957049,0.606052165922744,4.34845410527724,0.0125535679816262,0.0371240377426147
0032,NaN,unmatched,0,NaN,2660,538.95,58.1963674896942,0.403274711946634,0.972534083358556,0.222929936305732,188.364078801414,43.8437197315146,0.115078594259036,4.29626135635611,1.14107656369271,0.0794069340025556,1.43646013736725,1.13514012098312,0.429281873069712,1.30836106069363,-1.1754497938807,3.3162178549099,0.0184549963002922,0.0716853141784668
0032,NaN,unmatched,0,NaN,537,129.529,26.1482243282939,0.71031746031746,0.887516175848502,0.438367346938775,41.2371970064357,19.0011337521107,0.40220746270342,2.1702492885118,1.15156836001599,0.0617442474204808,1.36240971088409,1.1403956413269,0.147510394389643,1.32992130461385,0.589363264945928,4.41836021714956,0.0171176924836199,0.080308198928833
0032,NaN,unmatched,0,NaN,54,32.684,8.29185958731205,0.72,0.859440529342807,0.461538461538462,12.8730172996489,6.58114645810867,0.635233246944502,1.95604479881891,1.1198949671838,0.0281754461678719,1.2079770565033,1.11774969100952,0.0802751953706966,1.254957763765,0.257407314625494,4.30247927555338,0.0140480985826782,0.0370584726333618
0032,NaN,unmatched,0,NaN,702,312.261,29.8967249110013,0.381936887921654,0.921178916066234,0.216133004926108,75.4141060279849,29.3465933785463,0.0904714360239854,2.56977377425743,1.1276022541523,0.0344972698238128,1.34211373329163,1.12486857175827,0.137867544783488,1.27267678375978,0.794513691130186,3.7211098169954,0.0156992810839943,0.0425771474838257
0032,NaN,unmatched,0,NaN,9,10.495,3.38513750128654,0.9,0.937614461876991,0.45,6.35959467611297,2.21108319357027,1.02680384819226,2.87623491264661,1.11565140962601,0.0218110231222032,1.17690968513489,1.11526596546173,0.0503416130549334,1.24515299566225,0.0787653912221594,4.58606209872893,0.0136023543101184,0.0337046384811401
0032,NaN,unmatched,0,NaN,14,13.77,4.22200824564475,0.823529411764706,0.86399486077056,0.466666666666667,6.81734482597077,3.4325373887505,0.927833436443556,1.98609484875922,1.12741951612326,0.0266520755366303,1.21214437484741,1.12449556589127,0.0670019834316847,1.27178400564581,0.320287063422265,4.4453226886417,0.0160788472935541,0.03765869140625
0032,NaN,unmatched,0,NaN,8,7.865,3.19153824321146,1,0.717405907733603,0.666666666666667,4.13664260866049,2.88181446225832,1.6251834726081,1.43542988725889,1.12219111534996,0.0244142278615978,1.2079770565033,1.12093621492386,0.069235230999535,1.25990787408355,0.0788451363361301,4.27721552231667,0.0145631733733234,0.0333378314971924
0032,NaN,unmatched,0,NaN,9,11.049,3.38513750128654,0.818181818181818,0.914539565681022,0.45,6.26885001649779,2.53572761399643,0.926416808945709,2.47220954723043,1.11882573227088,0.02937722491418,1.18343985080719,1.12056189775467,0.0670394718315233,1.25263260216621,-0.334983472856913,4.59591281790982,0.0151687297512963,0.0415841341018677
0032,NaN,unmatched,0,NaN,9,11.322,3.38513750128654,0.75,0.926779090073655,0.5,6.43890615488587,2.41849736486967,0.882279264279652,2.66235814370335,1.11840019337708,0.0189191257893786,1.17573738098145,1.11813116073608,0.0468825661169157,1.25117632731583,0.0277464321936174,4.49984381509345,0.0139224967001622,0.0257769823074341
0032,NaN,unmatched,0,NaN,171,56.461,14.7554722780978,0.788018433179724,0.692244907957767,0.628676470588235,18.6516059671683,13.4601674795008,0.674075966032792,1.38568899648343,1.12699978809815,0.0250677565366838,1.21732258796692,1.12535959482193,0.0691235313889896,1.27075644302497,0.371976568794239,4.31220387332725,0.0154113018530796,0.033629298210144
0032,NaN,unmatched,0,NaN,46,28.119,7.65303985732581,0.754098360655738,0.716391518542249,0.46,10.0767444842995,7.03052947733851,0.731085132703598,1.43328386813252,1.12638655609555,0.0274538713162982,1.20923101902008,1.1243776679039,0.0646675628665915,1.26949955134187,0.44136787826892,4.52571678345528,0.0162523427979552,0.0374422073364258
0032,NaN,unmatched,0,NaN,137,65.112,13.2073395363607,0.649289099526066,0.931412190058647,0.38375350140056,25.8413723011873,9.40538385937163,0.406076970331282,2.7475085214559,1.12058907059674,0.0243538797875184,1.23057651519775,1.1187584400177,0.0806331699218116,1.25631258562499,0.409196651751681,4.08431839701977,0.014631546556327,0.0322576761245728
0032,NaN,unmatched,0,NaN,23,28.02,5.41151637980601,0.5,0.89778749180906,0.261363636363636,12.6371140592753,5.56575029589053,0.368130192681608,2.27051401652099,1.10707980064752,0.0229062153395134,1.17785155773163,1.10638624429703,0.058410660703324,1.22614977521596,0.23849533302853,4.4648808377148,0.0134333119318064,0.0322571992874146
0032,NaN,unmatched,0,NaN,16,18.542,4.51351666838205,0.695652173913043,0.854003711905835,0.380952380952381,7.9025485080741,4.11143451172488,0.584812562449496,1.92209032772815,1.10872845788967,0.0189009218311822,1.18228757381439,1.107950091362,0.0543703479425858,1.22963552928467,0.350274854564381,4.2833394398922,0.0118429877790805,0.0246152877807617
0032,NaN,unmatched,0,NaN,71,43.642,9.50789186287878,0.696078431372549,0.939769304598283,0.394444444444444,19.096249705699,6.52727732471478,0.468445339759693,2.92560722575602,1.12408773219376,0.0244104106895029,1.21222043037415,1.12069749832153,0.0624147823068466,1.26416857512718,0.578576472329279,4.37859584147013,0.0149487492741993,0.0333085060119629
0032,NaN,unmatched,0,NaN,432,129.231,23.4529205713402,0.632503660322108,0.83868081846257,0.428571428571429,36.4242074454073,19.8374702477038,0.325057507522156,1.83613167357483,1.12649181292259,0.0275254402650987,1.21946918964386,1.1255669593811,0.0784129012547865,1.26974124304557,0.12788322949023,4.3129858799531,0.0153685778540126,0.0366193056106567
0032,NaN,unmatched,0,NaN,2027,352.571,50.8021314235749,0.584149855907781,0.971055567927874,0.270158603225376,124.113411495301,29.6449459944853,0.204913437032316,4.18666343728165,1.15471272238659,0.0886650974316848,1.84218037128448,1.13013172149658,0.314082389417427,1.34122267027396,1.61640911242692,3.4791926767684,0.0161954850430104,0.102871417999268
0032,NaN,unmatched,0,NaN,9,9.552,3.38513750128654,0.9,0.623418796785271,0.5625,4.42183994018626,3.45738403751735,1.23954913290928,1.27895538713757,1.12390530130102,0.0277208549774913,1.21502864360809,1.12221270799637,0.0670486967429593,1.26393023798591,0.346922498833271,4.48791396137993,0.0154440203687863,0.0388028621673584
0032,NaN,unmatched,0,NaN,20,22.28,5.04626504404032,0.555555555555556,0.68459182196001,0.476190476190476,7.315275359702,5.33229904247722,0.50630181782855,1.37188017802984,1.11297855502859,0.0230583872488802,1.19256067276001,1.11167287826538,0.0645925470932008,1.239252195784,0.387529430897758,4.30009013653568,0.0138243141301857,0.028809666633606
0032,NaN,unmatched,0,NaN,22,16.656,5.29256742840123,0.846153846153846,0.880605339953178,0.611111111111111,8.25242866786819,3.91041691839715,0.996531705060337,2.11037054106517,1.11188284849979,0.0304855662887355,1.19264543056488,1.11085921525955,0.0706972799872261,1.23721146373263,0.137409216671167,4.58570449043782,0.0152895982116651,0.0415480136871338
0032,NaN,unmatched,0,NaN,12,10.776,3.90882009522336,0.923076923076923,0.845989221802691,0.6,5.7487948036398,3.06525737093779,1.29860163292419,1.87546887845212,1.12838453054428,0.0272989979180089,1.21222043037415,1.1257575750351,0.0624147823068466,1.27399564200015,0.422130117097019,4.53605868633959,0.0163410092456385,0.0390043258666992
0032,NaN,unmatched,0,NaN,70,34.09,9.4406974388263,0.833333333333333,0.565797550677955,0.48951048951049,11.3165979262008,9.33103514187388,0.756926833629737,1.21279126636406,1.11784934787806,0.0297385019835964,1.21390640735626,1.1177773475647,0.0738383878754683,1.25047067855652,0.217157216768862,4.49727243188034,0.0149131741477786,0.0381587743759155
0032,NaN,unmatched,0,NaN,41,28.392,7.22515199384357,0.788461538461538,0.915757411490165,0.394230769230769,12.5035390147376,5.0230680546842,0.639148461793622,2.4892234942104,1.12002802591819,0.0231403188026934,1.19478917121887,1.11826854944229,0.0583353154338002,1.25499767367879,0.258753118235997,4.43691542180256,0.0141673300691657,0.0341432094573975
0032,NaN,unmatched,0,NaN,21,15.25,5.17088294582641,0.91304347826087,0.703366538182237,0.7,6.67305833973327,4.7433923359307,1.13472199043931,1.40681138458347,1.12458882203469,0.0258230821551453,1.21908056735992,1.12141412496567,0.0674975488731341,1.26536582432263,0.646687249791789,4.36504558108174,0.0157781405324158,0.0337401628494263
0032,NaN,unmatched,0,NaN,96,52.194,11.0558127830827,0.631578947368421,0.81661959333032,0.355555555555556,17.8699348774388,10.3141022514746,0.442832956650864,1.73257298034679,1.12201724106208,0.0253440919967198,1.20502507686615,1.12190288305283,0.0686836419395787,1.25956452929007,0.0610760120296792,4.36939510806488,0.0144369689961839,0.035393238067627
0032,NaN,unmatched,0,NaN,11,12.157,3.74241031850956,0.846153846153846,0.910590865901012,0.611111111111111,6.58690328469427,2.7224259750651,0.935297375703381,2.4194976631226,1.11161985903679,0.0216438817070707,1.16902935504913,1.10997134447098,0.0516597010213182,1.23616638524639,0.113860968999348,4.55984404848162,0.0135857309578095,0.0295418500900269
0032,NaN,unmatched,0,NaN,18,12.918,4.78730736481719,1,0.842638302798569,0.75,6.6408777836005,3.57597974717002,1.35547592611129,1.8570792490802,1.11463452340701,0.0230175884283018,1.19256067276001,1.11265355348587,0.0590247772818193,1.24293908109433,0.508587067559948,4.40185906662464,0.0132061303035138,0.0313589572906494
0032,NaN,unmatched,0,NaN,18,23.62,4.78730736481719,0.580645161290323,0.975843110893225,0.222222222222222,12.986224857516,2.83713270305148,0.405436255850402,4.57723561663107,1.1206661502473,0.0227096956523569,1.19452893733978,1.11834216117859,0.0567431125249153,1.25640773735215,0.358120456448981,4.47460503197585,0.0142213753213227,0.0331395864486694
0032,4,irregular,1,5.36743197750286,13959,464.385,133.315981056129,0.955834018077239,0.348622066492706,0.738337035861631,137.836876401992,129.189457493531,0.813406811334449,1.06693594877039,1.14412486709243,0.0900495452194602,1.95904397964478,1.1154950261116,0.342036667065391,1.31713048588148,2.07647068070574,3.17656398964506,0.0151027406387038,0.093468189239502
0032,NaN,unmatched,0,NaN,10,15.176,3.56824823230554,0.666666666666667,0.96320915944766,0.277777777777778,8.65214957094677,2.32529019019827,0.545626215155251,3.72089023874006,1.11595835135533,0.0204228306536312,1.20213294029236,1.1148983836174,0.0627803319144622,1.2457795169716,0.305063798935054,4.18818226225092,0.0145139085813224,0.0282955169677734
0032,NaN,unmatched,0,NaN,14,15.821,4.22200824564475,0.7,0.892814240881943,0.4,7.71765059706825,3.47622320413598,0.702861958992617,2.22012515993963,1.12177133330592,0.0238378051149545,1.19373691082001,1.1218353509903,0.0605952060816353,1.2589383233412,0.0984790714048312,4.45314210928085,0.0141152538357223,0.0349429845809937
0032,NaN,unmatched,0,NaN,8,7.683,3.19153824321146,0.888888888888889,0.70787943661486,0.666666666666667,4.05665366514705,2.86534949137373,1.70309229692248,1.41576225774894,1.1165887048279,0.0215055910955716,1.18566799163818,1.11483603715897,0.0528481143804941,1.24723198835261,0.343246164497508,4.49773193682434,0.013850895394471,0.0302934646606445
0032,NaN,unmatched,0,NaN,8,10.586,3.19153824321146,0.8,0.756550342708687,0.4,5.03322295684717,3.29140294302192,0.897090115981077,1.52920290951251,1.11378896991412,0.0324581841782911,1.23900544643402,1.11550092697144,0.0863056187131432,1.24157764733297,0.346698964080466,4.30740885044104,0.0148913898336461,0.0470545291900635
0032,NaN,unmatched,0,NaN,25,17.434,5.64189583547756,0.925925925925926,0.830766734345271,0.510204081632653,7.9627788285769,4.43224773606284,1.03360782708194,1.79655545058729,1.11954907200137,0.0238209075945359,1.20590996742249,1.11664664745331,0.0614678045198005,1.25395678188239,0.558488923056262,4.38069500956593,0.0146153463381025,0.0326865911483765
0032,NaN,unmatched,0,NaN,24,19.493,5.52790639154137,0.827586206896552,0.770407762194773,0.5,7.59407091828512,4.84161109540692,0.793713450689545,1.56850080864392,1.10955211896818,0.0204942106760991,1.18734002113342,1.10740703344345,0.0547164057089487,1.23152534043752,0.69051663175983,4.31285263113571,0.0130066596192919,0.0262362957000732
0032,NaN,unmatched,0,NaN,25,24.447,5.64189583547756,0.657894736842105,0.955445615693815,0.324675324675325,12.1744576983399,3.59350057993576,0.525652491999755,3.3879103196242,1.11331025759379,0.0245325012859335,1.19115138053894,1.11209762096405,0.0674392061546771,1.24006085423436,0.0956543629069084,4.37308837410139,0.0141907527231237,0.0341508388519287
0032,NaN,unmatched,0,NaN,25,22.95,5.64189583547756,0.757575757575758,0.912722658026628,0.347222222222222,10.1716354029227,4.15592347098402,0.596464351999429,2.44750305772939,1.12510751532804,0.0276604017482906,1.20777130126953,1.12400960922241,0.0639253923200732,1.2666310766338,0.314930268755268,4.55647559010828,0.016343111796888,0.040393590927124
0032,NaN,unmatched,0,NaN,187,71.24,15.4303530376163,0.769547325102881,0.93728238813996,0.364522417153996,27.8759349001547,9.71674181798778,0.463024156209118,2.86885618886676,1.1113198860463,0.0421749791290566,1.22172510623932,1.10874903202057,0.101018049031078,1.23680931297633,0.0287880465459628,4.55726203037143,0.0147663996852904,0.0563393831253052
0032,NaN,unmatched,0,NaN,25,27.052,5.64189583547756,0.609756097560976,0.956310206822194,0.320512820512821,13.3193302813514,3.89395782243993,0.429290339211791,3.4205122111481,1.12077421464009,0.0206934072841419,1.19356632232666,1.11982041597366,0.0550958469845677,1.25656255821959,0.364885376269217,4.377021549423,0.0138551335708773,0.0259393453598022
0032,NaN,unmatched,0,NaN,17,14.605,4.65242649168128,0.85,0.81859402809006,0.566666666666667,6.58040191029632,3.77960217358239,1.00151085954607,1.74103030109629,1.12766552338233,0.0236556336129535,1.20390021800995,1.12450683116913,0.057407904168444,1.27218826072062,0.626014393252737,4.44812044718702,0.0149224183800092,0.0307412147521973
0032,NaN,unmatched,0,NaN,99,50.3,11.2272309555287,0.744360902255639,0.959688316845566,0.34375,23.1216651958883,6.4987237457175,0.491710054117268,3.5578778388795,1.11979162788879,0.0248305575579031,1.20590996742249,1.11829990148544,0.0739788930822631,1.2545493957792,0.224682000587126,4.2322743086453,0.0147907097741182,0.0346813201904297
0032,NaN,unmatched,0,NaN,36,27.515,6.77027500257308,0.818181818181818,0.927033129326081,0.461538461538462,12.0071820698016,4.50244635582472,0.597548733835439,2.66681291033444,1.10856136075267,0.0216367045777646,1.1840648651123,1.10490453243256,0.0522666654518867,1.22937589191293,0.937905454517102,4.4023766606249,0.012535533244226,0.0256373882293701
0032,NaN,unmatched,0,NaN,11,11.992,3.74241031850956,0.846153846153846,0.807378989685522,0.458333333333333,5.55111206775802,3.27534036944394,0.961212277761774,1.69481990926655,1.11738647310398,0.0196001545725867,1.17663908004761,1.1155658364296,0.0495306500826382,1.24893608068427,0.322914032544863,4.47144731349323,0.013091515690051,0.0263416767120361
0032,NaN,unmatched,0,NaN,57,41.401,8.51907589177983,0.647727272727273,0.959999478060311,0.316666666666667,18.3762437252035,5.14538112736901,0.417891037843735,3.57140574630278,1.1274167742048,0.0244306410987695,1.21503043174744,1.12563443183899,0.0634519697007796,1.2716649060755,0.4545072423909,4.40242525273399,0.0152184866597715,0.0323024988174438
0032,NaN,unmatched,0,NaN,18,13.29,4.78730736481719,0.9,0.815544602255055,0.72,6.55926370651822,3.7958080027558,1.28065576021882,1.72802831485579,1.10855109996796,0.0203331659606389,1.18145072460175,1.10572743415833,0.0524795677567916,1.22929831737793,0.791921749504715,4.3553406493557,0.0125133996855715,0.0256047248840332
0032,NaN,unmatched,0,NaN,659,142.786,28.9666163018823,0.721796276013143,0.962845609612917,0.588392857142857,59.9614092985562,16.1927261857338,0.406185133165367,3.70298420480818,1.11549767085234,0.0455512874033794,1.3042505979538,1.11580175161362,0.146753932706425,1.24640953883191,0.121745466333253,4.11010904114079,0.0153465456076397,0.0504552125930786
0032,NaN,unmatched,0,NaN,20,17.235,5.04626504404032,0.8,0.846809991501001,0.476190476190476,7.72641459305785,4.10964526484334,0.846091406745163,1.88006849621664,1.12273483789205,0.0240636412777539,1.19649410247803,1.12325817346573,0.0556946751417421,1.2611117501779,0.173908291133441,4.53764052844986,0.0152661191523185,0.0360550880432129
0032,NaN,unmatched,0,NaN,115,89.542,12.1005184865998,0.359375,0.917940359455534,0.232323232323232,32.0162159191945,12.7014222595451,0.180241222083975,2.52067959516378,1.12687220534987,0.0253911552485282,1.21503043174744,1.12540006637573,0.064720399504641,1.27048541143538,0.454954630702559,4.40932433857406,0.0156551371036033,0.034296989440918
0032,NaN,unmatched,0,NaN,15,13.588,4.37019372236832,0.882352941176471,0.915532219012442,0.5,7.44469881057429,2.99459024424792,1.02091608571501,2.48604924325598,1.12236991680585,0.0187834250311994,1.19005274772644,1.12230437994003,0.0560457484707896,1.26006650441121,0.189811602629139,4.18940694138727,0.0136092991562323,0.0233538150787354
0032,NaN,unmatched,0,NaN,174,87.483,14.8843434784312,0.559485530546624,0.957339132425623,0.268518518518519,34.3361992260492,9.9220200712461,0.285701010917666,3.46060570120747,1.11884617499964,0.0240488232002209,1.22137498855591,1.11726188659668,0.0734395010330101,1.25239482954427,0.485310754309039,4.16498809946316,0.014625290944966,0.0319169759750366
0032,NaN,unmatched,0,NaN,14,10.958,4.22200824564475,0.933333333333333,0.461437029264939,0.7,4.65154120127221,4.12672159462372,1.46512712046361,1.12717591788412,1.11815204381943,0.0224698632591309,1.19034135341644,1.11700707674026,0.053124516992198,1.25076804636119,0.317830120448285,4.49354628982924,0.0144213337769723,0.0330146551132202
0032,NaN,unmatched,0,NaN,24,17.326,5.52790639154137,0.827586206896552,0.708102779406423,0.571428571428571,6.94615312295047,4.90474386161815,1.00467243230963,1.41621118633886,1.11665370983955,0.0207824971784464,1.17921912670135,1.11503285169601,0.0526266672008541,1.24734680462787,0.240302520311662,4.46144345356837,0.0142570845664394,0.0276427268981934
0032,NaN,unmatched,0,NaN,11,8.791,3.74241031850956,1,0.68469019539811,0.916666666666667,4.49690773447605,3.27750029068392,1.78865256253873,1.37205410698459,1.12833084857118,0.028439779338755,1.21144211292267,1.12563443183899,0.0607986329668357,1.27393785963068,0.452142382837354,4.65010167693223,0.0165781185422498,0.0400445461273193
0032,NaN,unmatched,0,NaN,9,7.683,3.38513750128654,1,0.66581188486039,0.75,4.05369123455442,3.02453869019341,1.91597883403779,1.34026760765133,1.11758092888024,0.0194862538875235,1.20257174968719,1.11647391319275,0.0577136829183364,1.24936615879953,0.49426565590625,4.16193392134483,0.0139863230353506,0.0258526802062988
0032,NaN,unmatched,0,NaN,19,15.457,4.91849075936593,0.863636363636364,0.744343858124214,0.542857142857143,6.65792030837598,4.44613615568258,0.999339494025539,1.49746208286189,1.11555814213223,0.0181874951293769,1.18621790409088,1.11436772346497,0.0481755764563442,1.24480026340477,0.638861863462565,4.33645975068911,0.0115739049448788,0.0247218608856201
0032,NaN,unmatched,0,NaN,56,39.623,8.4440164912895,0.602150537634409,0.871112429547514,0.363636363636364,14.7928114206252,7.26450758206467,0.448232334244687,2.03631302652187,1.11905173852729,0.0229035311023356,1.19769418239594,1.11803287267685,0.0594777243650243,1.25280086754175,0.242434353883397,4.39213517975583,0.0151356318497188,0.0312873125076294
0032,NaN,unmatched,0,NaN,9,11.512,3.38513750128654,0.75,0.9493218196596,0.5,7.01195591518794,2.20389782010998,0.853396410064059,3.18161570432428,1.12404954533114,0.0281005082067368,1.21144211292267,1.12197142839432,0.0632476318175372,1.26427569845481,0.582885501839935,4.51768663469512,0.0163601307036963,0.0403149127960205
0032,NaN,unmatched,0,NaN,33,39.069,6.48204481442857,0.417721518987342,0.929894976663967,0.22,18.3607882139194,6.75355946432416,0.271680966364103,2.71868313456196,1.12127239250001,0.0257707455517254,1.22137498855591,1.11900401115417,0.0729608398840185,1.25791527700297,0.514656778969245,4.30619021308643,0.0154862929509021,0.0325338840484619
0032,NaN,unmatched,0,NaN,25,16.4,5.64189583547756,0.961538461538462,0.746126698827329,0.595238095238095,7.2313345223341,4.8146513573431,1.16805199791411,1.50194354390899,1.11690547187783,0.0237816080866726,1.19885122776031,1.11381882429123,0.0580430109664977,1.24804259234585,0.576079367528535,4.43903189063092,0.015865065938021,0.0306433439254761
0032,NaN,unmatched,0,NaN,80,66.419,10.0925300880806,0.493827160493827,0.984676417271721,0.18140589569161,32.6479402740764,5.69351934457122,0.227884709360868,5.73422839165485,1.11280277256169,0.0270316506405654,1.20846557617188,1.11276471614838,0.0764366748441718,1.23906028606956,0.108744494040742,4.3158899016503,0.0140815672705603,0.0404152870178223
0032,NaN,unmatched,0,NaN,16,18.269,4.51351666838205,0.695652173913043,0.954941471424754,0.326530612244898,10.0564989279243,2.98471036774485,0.602421266900578,3.36933829044279,1.11659783770845,0.0271634859614818,1.21925032138824,1.11569392681122,0.0738751521714057,1.24752757399803,0.302661945678906,4.33780777689469,0.014550251577278,0.0392242670059204
0032,NaN,unmatched,0,NaN,10,10.867,3.56824823230554,0.833333333333333,0.681339218873594,0.5,4.97599651840163,3.64226925357277,1.06411981408439,1.36618030463305,1.10727410634359,0.0215209413444124,1.18198597431183,1.10690116882324,0.0613976465213199,1.22651832557714,0.16870490486402,4.31018868479738,0.0129068696003801,0.0283893346786499
0032,NaN,unmatched,0,NaN,66,49.01,9.16699568847508,0.545454545454545,0.907604217256494,0.294642857142857,19.0530982858735,7.99900225509848,0.345290312999556,2.38193435609164,1.1171714327499,0.0233453319458175,1.20408070087433,1.11611902713776,0.0643762772135228,1.24861656941098,0.286403060244376,4.33553057616171,0.0138445679718022,0.0310457944869995
0032,NaN,unmatched,0,NaN,8,8.626,3.19153824321146,0.888888888888889,0.19364916731037,0.5,3.65148371670111,3.58236421003411,1.35107962112604,1.01929438287525,1.11858373052544,0.0215046860219128,1.18416619300842,1.11821210384369,0.0510632201421408,1.25169121084989,0.164198973800794,4.53750387544004,0.0152908365525343,0.0292791128158569
0032,NaN,unmatched,0,NaN,19,22.396,4.91849075936593,0.558823529411765,0.93780443076315,0.301587301587302,11.127042913563,3.86290883413711,0.476017092473537,2.8804829187869,1.11346726779889,0.0187643650842588,1.16942048072815,1.11148262023926,0.046641421599171,1.24016100817404,0.31468515791028,4.51102231883343,0.0126616462280288,0.0256954431533813
0032,NaN,unmatched,0,NaN,18,21.544,4.78730736481719,0.580645161290323,0.938562786418332,0.4,11.0258951974505,3.80513045911544,0.487337339808454,2.89763920473139,1.11383717849337,0.0247710600028667,1.18020212650299,1.11606001853943,0.0603338081151163,1.24124601925544,-0.210763066060467,4.51651795713867,0.0142014612445398,0.0332201719284058
0032,NaN,unmatched,0,NaN,55,33.536,8.368283871884,0.714285714285714,0.784968485228698,0.423076923076923,11.9023829103019,7.37395106674778,0.614539823828086,1.61411200082066,1.12007399592737,0.0250010544320535,1.21925032138824,1.1188600063324,0.0696153157741914,1.25519017770902,0.238011430341457,4.32733631632878,0.0146347110581613,0.0337536334991455
0032,NaN,unmatched,0,NaN,33,25.191,6.48204481442857,0.702127659574468,0.871990008243353,0.611111111111111,10.536861299253,5.15804303537642,0.653481034799814,2.04280212999115,1.1184141526804,0.0211344150922262,1.18303978443146,1.11835664510727,0.0519776143332717,1.2512962880252,0.0945015872474659,4.51516277744322,0.0134007299112782,0.0275787115097046
0032,NaN,unmatched,0,NaN,1528,306.778,44.1079360700014,0.622656886715566,0.98026084228571,0.193957857324194,120.910292717075,23.9050018143762,0.204025661528629,5.05794953106261,1.1694829440783,0.120044168885332,2.187655210495,1.1383381485939,0.389816866793113,1.38210040365157,2.57592850561599,3.21344521302062,0.0189106633171509,0.108366131782532
0032,NaN,unmatched,0,NaN,12,11.239,3.90882009522336,0.857142857142857,0.867960817915278,0.6,6.01548340812107,2.98748564477409,1.1938115261142,2.01356060694174,1.11878857592742,0.0232055548657032,1.18321907520294,1.11706393957138,0.0511248279707729,1.25222547790603,0.300676126767346,4.63063244926587,0.0159120883368795,0.0306909084320068
0032,NaN,unmatched,0,NaN,24,20.593,5.52790639154137,0.8,0.624980021963969,0.489795918367347,7.43524398317883,5.80425439938889,0.711183818715078,1.28099898308414,1.10358785258399,0.0229136572003226,1.19086217880249,1.10067534446716,0.0571854271310517,1.21843004018864,0.873646238498247,4.34773265899529,0.0135501505414772,0.0283467769622803
0032,NaN,unmatched,0,NaN,13,13.026,4.06842894512822,1,0.934214978858842,0.433333333333333,7.24032851784635,2.58270112929974,0.962788886709858,2.80339387151987,1.117863610341,0.0195554648769577,1.17949211597443,1.11801880598068,0.0513433073710831,1.25000087919854,0.0400153609853105,4.42903934763862,0.0149807979218735,0.0254212617874146
0032,NaN,unmatched,0,NaN,129,80.056,12.8159237384917,0.524390243902439,0.983958205821445,0.206730769230769,40.8471136411974,7.28708949216846,0.252936672415326,5.60540853589027,1.12269276281452,0.0244352374143676,1.2088268995285,1.12333858013153,0.0717102473218143,1.26103573873835,0.0592309580402139,4.25690445701338,0.0140733787606142,0.0362739562988281
0032,NaN,unmatched,0,NaN,70,61.068,9.4406974388263,0.432098765432099,0.923570380729422,0.283400809716599,23.3967133882108,8.97097700812212,0.235874238012393,2.60804518471377,1.11895607067988,0.0217425991988313,1.19302594661713,1.11754465103149,0.0558007962318823,1.25253506141145,0.342592936203828,4.42036632645102,0.0150004604916176,0.0293741226196289
0032,NaN,unmatched,0,NaN,43,32.386,7.39927702033192,0.661538461538462,0.937158677420412,0.398148148148148,14.7796414637258,5.15666780990907,0.515185577462416,2.86612246678469,1.11760050546506,0.0231545058956532,1.20812392234802,1.1187047958374,0.0698730659807866,1.24956644323151,0.0318959418840726,4.18613371839259,0.0138904570783489,0.0274540185928345
0032,NaN,unmatched,0,NaN,54,31.088,8.29185958731205,0.771428571428571,0.844108728113776,0.446280991735537,12.906771870467,6.92025018728664,0.702130853214288,1.86507301342636,1.12218132239847,0.0251666970416567,1.2063615322113,1.12291240692139,0.0706946457935558,1.25992362391374,0.0167259909929745,4.31145326044288,0.0146019879022274,0.0369130373001099
0032,NaN,unmatched,0,NaN,12,10.867,3.90882009522336,0.923076923076923,0.885072872105563,0.6,6.0289011473976,2.80616699024312,1.27694377690127,2.14844703410728,1.10734452366829,0.0244673781679943,1.18628990650177,1.10727226734161,0.0663244523155055,1.22680954893824,0.126340471793633,4.39473676652745,0.0147275502886905,0.0334068536758423
0032,NaN,unmatched,0,NaN,33,21.982,6.48204481442857,0.825,0.848358432176384,0.611111111111111,9.64693290647443,5.10730139652183,0.858201752074645,1.88885130473094,1.11097093523339,0.0219193416552395,1.20491409301758,1.10761898756027,0.0610117733123662,1.23473623926036,0.906302208559778,4.20947236311052,0.0137677321179259,0.0269840955734253
0032,NaN,unmatched,0,NaN,52,33.817,8.13685789025644,0.702702702702703,0.934701535631973,0.363636363636364,15.5147384773835,5.51445924702279,0.57140370581587,2.81346507107832,1.11274107495361,0.0231937690403142,1.2053337097168,1.1117924451828,0.0623412632745745,1.23873012495498,0.501266060488656,4.32018960165684,0.0139518771634229,0.0323023796081543
0032,NaN,unmatched,0,NaN,8,8.626,3.19153824321146,0.8,0.608639181739515,0.5,4.02628071186044,3.19464087120403,1.35107962112604,1.26032342106203,1.11736323518886,0.0198171638301654,1.16648209095001,1.11888200044632,0.0508279308582707,1.24889263752845,-0.2702540346329,4.46845235707155,0.0132189320271047,0.0258115530014038
0032,NaN,unmatched,0,NaN,15,16.656,4.37019372236832,0.652173913043478,0.903574253562394,0.535714285714286,8.40400088448829,3.60053888253288,0.679453435268412,2.33409530036134,1.10551651631608,0.0206596268735403,1.17171883583069,1.10223281383514,0.0471907519488421,1.22259292935708,0.649526878804474,4.55007358909977,0.0133877766691804,0.0270943641662598
0032,NaN,unmatched,0,NaN,17,14.142,4.65242649168128,0.894736842105263,0.907233148137366,0.566666666666667,7.4886685137195,3.14994455454396,1.06816198956749,2.37739693002428,1.12058312232678,0.0195880822438435,1.19678068161011,1.11985659599304,0.0585969156166054,1.25608963671275,0.419549524602342,4.217816563057,0.0148262192843306,0.0236403942108154
0032,NaN,unmatched,0,NaN,24,18.244,5.52790639154137,0.857142857142857,0.814747378004758,0.6,7.94710700077287,4.60786058894535,0.906110115188237,1.72468477450005,1.10880363782247,0.0245684226115852,1.18962788581848,1.10591638088226,0.0611802966264243,1.23004767747751,0.409834354460819,4.44426217295992,0.0142134167143311,0.0353597402572632
0032,NaN,unmatched,0,NaN,23,18.732,5.41151637980601,0.821428571428571,0.867030033992869,0.575,8.70612218977806,4.33787655732734,0.823700636959865,2.00700090809917,1.11879312549319,0.0249629755828385,1.2063615322113,1.11796015501022,0.0629789425592191,1.25232031758626,0.341996140140196,4.42467463919035,0.0144218166443075,0.0360336303710938
0032,NaN,unmatched,0,NaN,14,12.736,4.22200824564475,0.933333333333333,0.903600753028724,0.666666666666667,6.81662357032804,2.92007540645097,1.08460549129562,2.33439984298656,1.13021530690696,0.0229355877778528,1.2088268995285,1.13100349903107,0.0632480765384481,1.27791118246067,-0.0161207041666394,4.29804259826256,0.0146415064504299,0.0279947519302368
0032,NaN,unmatched,0,NaN,62,43.758,8.88486644658096,0.596153846153846,0.9467210750819,0.322916666666667,17.9625697641858,5.78492935301522,0.406899002904398,3.10506294339158,1.11163549259719,0.0242873915480341,1.19423389434814,1.11163228750229,0.0669448246312939,1.23632283374365,0.0599936711999179,4.39747493308062,0.0121267174089672,0.032997727394104
0032,NaN,unmatched,0,NaN,10,13.679,3.56824823230554,0.625,0.933239612714496,0.333333333333333,7.72093319781685,2.77378031241054,0.671585274342493,2.7835417113863,1.11041227157299,0.0235367276060253,1.17934763431549,1.1092723608017,0.0575709504763759,1.23356853813314,0.0814415272032522,4.49444819361242,0.0138307379628201,0.0351530313491821
0032,NaN,unmatched,0,NaN,55,42.807,8.368283871884,0.544554455445545,0.409855345345352,0.352564102564103,12.3321683437518,11.2487939348269,0.377175060055568,1.09631027247914,1.11460246868206,0.0284533808636162,1.18030154705048,1.11931204795837,0.0646365023025075,1.24314749141288,-0.427256358617775,4.58587525122632,0.0125735327406592,0.0424942970275879
0032,NaN,unmatched,0,NaN,92,56.966,10.823032759612,0.585987261146497,0.62542185336306,0.340740740740741,15.4292495851715,12.0392399343259,0.356259324662252,1.28158003905048,1.11578471893655,0.024796676661573,1.19678068161011,1.11738133430481,0.0707060171224246,1.2455899518736,-0.152492025456541,4.29494384972276,0.0148707838463681,0.0331791639328003
0032,NaN,unmatched,0,NaN,26,22.396,5.75362739175159,0.722222222222222,0.763472790011915,0.40625,8.32112716910232,5.37411672780458,0.651391810753262,1.548371126003,1.1260781378027,0.0230177501925668,1.2088268995285,1.12611538171768,0.0632480765384481,1.26858073803726,0.210596120966812,4.33137746301904,0.0145773841884387,0.030611515045166
0032,NaN,unmatched,0,NaN,15,14.233,4.37019372236832,0.75,0.727168915115464,0.5,5.84779785809526,4.01427095771668,0.930482531696117,1.45675215243106,1.11794429944112,0.0196948631182343,1.17535006999969,1.1170814037323,0.0505884575561582,1.25018674753593,0.230392151392201,4.43821086217991,0.0146964548698205,0.0265998840332031
0032,NaN,unmatched,0,NaN,10,15.151,3.56824823230554,0.714285714285714,0.92759441198358,0.357142857142857,8.059792457115,3.01104835811364,0.547428328454993,2.67673962638192,1.11229044990039,0.023074498659266,1.17934763431549,1.1123680472374,0.0542877882541968,1.23772165577291,0.106890903408263,4.56993666502575,0.0143746967862138,0.0340378284454346
0032,NaN,unmatched,0,NaN,16,16.028,4.51351666838205,0.8,0.860272791488853,0.380952380952381,7.32509731234394,3.73458378288107,0.782656468870964,1.96142267470914,1.1152519619363,0.0239049268993637,1.20359802246094,1.11404520273209,0.0708941932020653,1.24435757010785,0.115134116685038,4.27681640741965,0.0147855013500507,0.0311849117279053
0032,NaN,unmatched,0,NaN,24,22.586,5.52790639154137,0.8,0.973869068187974,0.342857142857143,12.629156463021,2.86821011342579,0.591210934973232,4.40314898964522,1.12064826797556,0.0256397185232224,1.18983459472656,1.12455773353577,0.0587000877843179,1.2565091240836,-0.280200385959873,4.56742315233556,0.0135578549648035,0.0392115116119385
0032,NaN,unmatched,0,NaN,34,32.866,6.57952464247954,0.53125,0.919355357602333,0.309090909090909,13.8769256823703,5.45957350286549,0.395544253326,2.54176002486036,1.11791069840872,0.0213692957410132,1.19770121574402,1.11635863780975,0.0613451968513253,1.25018048539907,0.364088977654675,4.25161649494383,0.0151112285942873,0.0297011137008667
0032,NaN,unmatched,0,NaN,10,11.322,3.56824823230554,0.909090909090909,0.868177268385444,0.555555555555556,5.8070653118776,2.88178054859397,0.980310293644058,2.01509629687482,1.10341328641643,0.0192924933439617,1.17363429069519,1.10116535425186,0.0490571530377735,1.2178924585312,0.504950388161391,4.43229303469764,0.0135772847289882,0.0278066396713257
0032,NaN,unmatched,0,NaN,64,51.135,9.0270333367641,0.592592592592593,0.976303608555572,0.253968253968254,24.3200280581611,5.2629835328378,0.307576618109861,4.62095841767679,1.11604763921805,0.0243736234382875,1.18881702423096,1.11587208509445,0.0591179384004011,1.24615595372374,0.0377880818409131,4.54502168995071,0.0139022696841457,0.0370219945907593
0032,NaN,unmatched,0,NaN,36,24.654,6.77027500257308,0.8,0.85573570521972,0.45,10.4455902520263,5.40468610939567,0.744282112291551,1.93269137940635,1.11492433022885,0.0205938137871984,1.20359802246094,1.11190831661224,0.0640183339947104,1.24347986241545,0.713953803117196,4.10359195407402,0.0133655082026487,0.0263237953186035
0032,NaN,unmatched,0,NaN,12,11.81,3.90882009522336,0.857142857142857,0.82859056653992,0.5,5.69211148866004,3.18675734191042,1.08116334893441,1.78617662970463,1.10913097762909,0.0209593514110685,1.1787805557251,1.10827434062958,0.051452752095326,1.23061011595057,0.316291653707143,4.49846680681224,0.0125762371024875,0.0284790992736816
0032,14,irregular,1,2.57977681786781,11778,468.819,122.459035427733,0.92470754494779,0.415278904107986,0.697583511016347,128.786328213081,117.156168331945,0.673396733900374,1.09927057232004,1.13117731295693,0.0757137431618963,2.187655210495,1.11536580324173,0.389816866793113,1.28529457044285,3.99141400694941,2.53545188980272,0.0146245477261726,0.0640960931777954
0032,NaN,unmatched,0,NaN,10,12.273,3.56824823230554,0.769230769230769,0.930509570471582,0.416666666666667,6.95280903776749,2.54658853193942,0.834273397773056,2.73024438403184,1.11722606191268,0.0186724849647376,1.18037950992584,1.1155788898468,0.0460070814904882,1.24854217635896,0.341772296416348,4.45263706626479,0.0143735122845038,0.0267380475997925
0032,NaN,unmatched,0,NaN,22,17.326,5.29256742840123,0.916666666666667,0.902226707310282,0.523809523809524,8.67144541782585,3.73966545650125,0.920949729617164,2.31877570833265,1.11447056542095,0.0199861180232227,1.17716526985168,1.11275678873062,0.0499598613915497,1.24244351709348,0.462281131784407,4.45980034662889,0.0141217645620101,0.0268813371658325
0032,NaN,unmatched,0,NaN,659,229.749,28.9666163018823,0.480320699708455,0.985952339908277,0.254243827160494,90.4540995634744,15.1082673294683,0.156887383139091,5.98705977270114,1.11653419123184,0.0346090069540232,1.25364339351654,1.11663937568665,0.101963432933999,1.24784628780601,0.134490051338749,4.24309013559581,0.0131652886912868,0.0492697954177856
0032,NaN,unmatched,0,NaN,39,48.249,7.04672563994593,0.414893617021277,0.950282491453437,0.185714285714286,19.7475133458301,6.14916087849787,0.210522169889717,3.21141595349739,1.11683855527589,0.0244903502430571,1.18653440475464,1.11741769313812,0.0603644191307393,1.24792763179127,-0.075265679081528,4.49288438948548,0.0152412278187342,0.032846212387085
0032,NaN,unmatched,0,NaN,99,57.71,11.2272309555287,0.582352941176471,0.912835158616719,0.362637362637363,20.9132857656495,8.53948572274606,0.373544984832971,2.44900998077017,1.12259196292358,0.021203413107238,1.19353103637695,1.12084531784058,0.0573196210739392,1.26066196766071,0.255875086166583,4.38975825708678,0.0145643541767648,0.0295852422714233
0032,NaN,unmatched,0,NaN,9,7.476,3.38513750128654,1,0,1,3.46410161513775,3.46410161513775,2.02354929262551,1,1.12223756876695,0.0200927124454713,1.20582282543182,1.12057483196259,0.0571184171610774,1.25982011467506,0.580551572654216,4.2357028974005,0.0151049774847966,0.0265164375305176
0032,NaN,unmatched,0,NaN,16,13.216,4.51351666838205,0.888888888888889,0.636378969626959,0.533333333333333,5.54850344522356,4.27998553560745,1.15114435125587,1.29638369080051,1.11415629276863,0.0184054564133385,1.16864657402039,1.11270958185196,0.0424894516899229,1.24168248437121,0.407232291616817,4.57709064190282,0.0133272275960534,0.0246379375457764
0032,NaN,unmatched,0,NaN,23,21.544,5.41151637980601,0.766666666666667,0.900413615111883,0.410714285714286,9.42144867931509,4.09865852388868,0.622708823088579,2.29866641107157,1.12036184012574,0.0213624778520968,1.20582282543182,1.11908465623856,0.0605734221543402,1.25566640462514,0.492103491664876,4.26344467079534,0.0159039096511338,0.0271737575531006
0032,NaN,unmatched,0,NaN,67,48.687,9.23618154310838,0.598214285714286,0.960175719944245,0.248148148148148,20.8541453063231,5.82658202434868,0.355188287906679,3.57913871617627,1.11893601534062,0.0212803455480211,1.20582282543182,1.11778342723846,0.0610165201557396,1.25247031904192,0.356095142715649,4.26185700764465,0.0155732316786239,0.0283815860748291
0032,NaN,unmatched,0,NaN,110,75.971,11.8345405454064,0.53921568627451,0.98283908920116,0.180623973727422,34.4157782095855,6.34850545588372,0.2395007419373,5.42108350520347,1.11479858405178,0.0271116311148606,1.19262480735779,1.11462581157684,0.0647347795135502,1.24351058836975,0.0511808632401999,4.55327995348086,0.0138463232334354,0.0392012596130371
0032,NaN,unmatched,0,NaN,8,7.22,3.19153824321146,1,0.547722557505166,0.666666666666667,3.65148371670111,3.05505046330389,1.92852581155135,1.19522860933439,1.11943226404812,0.0208800343652185,1.19003188610077,1.1173951625824,0.0512778982932115,1.2535637798157,0.402049204036511,4.43546359383862,0.015001355059495,0.0290453433990479
0032,NaN,unmatched,0,NaN,9,8.717,3.38513750128654,1,0.852802865422442,0.5625,4.94413232473044,2.58198889747161,1.48839527099799,1.91485421551268,1.11315019966827,0.0211619864043821,1.19306039810181,1.11016070842743,0.0585714950562492,1.23955041920803,0.537069529978602,4.29717393751708,0.0149284214012827,0.0291743278503418
0032,NaN,unmatched,0,NaN,41,30.443,7.22515199384357,0.661290322580645,0.918126741783512,0.341666666666667,13.2296398985746,5.24273263149459,0.55592835459978,2.52342448651689,1.1165890691181,0.0212157430794328,1.20582282543182,1.11417019367218,0.0638717456697409,1.24722078816619,0.541031880453327,4.1962838582663,0.0150971379417597,0.0274808406829834
0032,NaN,unmatched,0,NaN,10029,1633.918,113.001413239609,0.422380390835579,0.871815479835854,0.255854890555641,254.332540333832,124.580835004096,0.047207062938073,2.04150614599324,1.20540371066417,0.269716590012758,3.23227047920227,1.13237971067429,0.561227558406475,1.52574451311538,4.18448903124676,2.25877367968236,0.0193488574131187,0.0758682489395142
0032,NaN,unmatched,0,NaN,8,7.865,3.19153824321146,1,0.717405907733603,0.666666666666667,4.13664260866049,2.88181446225832,1.6251834726081,1.43542988725889,1.10986316614393,0.0199493094892287,1.19306039810181,1.10805523395538,0.0611400093230375,1.23219350154301,0.685775522810085,4.10287012634466,0.0139632003509146,0.0260694026947021
0032,NaN,unmatched,0,NaN,10,15.937,3.56824823230554,0.666666666666667,0.980037380997007,0.238095238095238,10.2129268750323,2.03046578693406,0.494762435552968,5.02984435431117,1.11309271609342,0.0185158009667318,1.18482804298401,1.11220496892929,0.0596149043524289,1.23931774113687,0.140546776692818,4.10672525653409,0.013627460585282,0.0233139991760254
0032,NaN,unmatched,0,NaN,37,23.049,6.8636625175777,0.840909090909091,0.737574938845511,0.587301587301587,9.06991409683383,6.12459815748265,0.875200208140719,1.48089945880821,1.11177958580421,0.0228963875210185,1.20372676849365,1.10922336578369,0.060149817043799,1.23657742243922,0.86584862787892,4.31968618601155,0.0152264654628083,0.0285085439682007
0032,NaN,unmatched,0,NaN,143,77.286,13.4934522972117,0.545801526717557,0.884964595389837,0.289473684210526,25.3153926862002,11.7883230631623,0.300845999100964,2.14749736247975,1.11658582719273,0.0276127234920056,1.20062172412872,1.1171817779541,0.0735307449293713,1.24752594697935,-0.000685975946020681,4.42883960053832,0.0145197212588148,0.0405540466308594
0032,NaN,unmatched,0,NaN,27,18.36,5.86323014283504,0.818181818181818,0.739846414380403,0.551020408163265,7.53073453964025,5.06649598842628,1.00653359399904,1.48637925636242,1.1158261183031,0.0230568712941357,1.18488001823425,1.11490023136139,0.0553031417039554,1.24559881635663,0.263729717245469,4.52212996970897,0.0145909687371553,0.0323835611343384
0032,NaN,unmatched,0,NaN,34,24.058,6.57952464247954,0.80952380952381,0.915955752005237,0.472222222222222,11.1082191370918,4.45749817480127,0.738192689514576,2.4920299911479,1.11386123094065,0.0206305539564093,1.17732417583466,1.11172157526016,0.054523460801179,1.24111193738691,0.461186232755158,4.39427515570035,0.0140940106730384,0.0282962322235107
0032,NaN,unmatched,0,NaN,13,12.364,4.06842894512822,0.8125,0.507439136994018,0.52,5.00019723476862,4.30860796129128,1.06864934411777,1.16051339079596,1.11551249427795,0.029889561565774,1.18714618682861,1.11699223518372,0.0622686971775942,1.24526008136339,-0.0869586756514535,4.69196660707999,0.0158506672813838,0.047774076461792
0032,NaN,unmatched,0,NaN,15,20.32,4.37019372236832,0.6,0.957444764879576,0.333333333333333,10.4998830193477,3.03044018108359,0.456513595501958,3.46480458016935,1.11111703839795,0.0220637265312754,1.20250284671783,1.11147332191467,0.0682520879329422,1.23506720958733,0.221934597628044,4.16446235735757,0.0134985003054181,0.0287973880767822
0032,NaN,unmatched,0,NaN,29,23.901,6.0765077797465,0.743589743589744,0.930572621700413,0.358024691358025,11.4569201986043,4.19446275593559,0.637933954124534,2.73143924865981,1.11227552899282,0.0210300498380138,1.17701327800751,1.1104029417038,0.0543917992082373,1.23759858951493,0.359120255042528,4.42861863236387,0.0139383519858519,0.0286082029342651
0032,NaN,unmatched,0,NaN,9,12.455,3.38513750128654,0.692307692307692,0.933496034979522,0.375,6.91877139120191,2.4809864558902,0.729062750537713,2.78871792096076,1.11881708812255,0.0220540534604506,1.19098496437073,1.11713290214539,0.0557588314220236,1.25223727849189,0.404126650044512,4.41898778959724,0.0152681251719403,0.0285067558288574
0032,NaN,unmatched,0,NaN,58,27.523,8.59347971398312,0.892307692307692,0.816348611808759,0.659090909090909,11.5835665949243,6.69019860945971,0.962157827437531,1.73142342568808,1.12180110729784,0.025902093385466,1.21112823486328,1.1178166270256,0.0624571402427467,1.2591078698289,0.643053404022949,4.48659720308411,0.0154000516624266,0.0328429937362671
0032,NaN,unmatched,0,NaN,116,60.588,12.153015559493,0.686390532544379,0.92566772120824,0.360248447204969,21.6701975408721,8.19864853414939,0.397095183838004,2.64314264120609,1.1078376440604,0.0342610509785928,1.2028431892395,1.10925829410553,0.0883800033103852,1.22847726232525,-0.100838120423419,4.44927950707372,0.0130205622581498,0.0517426729202271
0032,NaN,unmatched,0,NaN,89,75.954,10.6451077721848,0.343629343629344,0.854403969796365,0.187368421052632,27.0588635965082,14.0600379988669,0.193864625332539,1.9245227928039,1.1213371970375,0.0234811473476833,1.2058779001236,1.12022590637207,0.062217395379094,1.257948159573,0.417106563612348,4.39677616202947,0.0139689371057803,0.0319167375564575
0032,NaN,unmatched,0,NaN,11,12.364,3.74241031850956,0.785714285714286,0.779893527437136,0.458333333333333,5.6849946270927,3.55830751107471,0.904241752715032,1.59766816369833,1.11772249944699,0.0234997179820183,1.20062172412872,1.11708682775497,0.0618794671237144,1.24985493752048,0.217799584383811,4.42080484403255,0.0147140390209574,0.0332103967666626
0032,NaN,unmatched,0,NaN,27,31.369,5.86323014283504,0.490909090909091,0.95584778397863,0.245454545454545,15.5649272989833,4.57394434233465,0.344803987620355,3.40295511576745,1.11700653811937,0.0220477467738597,1.18252694606781,1.1159428358078,0.0539817748025196,1.24818918664767,0.195118612189742,4.52185475791818,0.0138096691209307,0.0322897434234619
0032,NaN,unmatched,0,NaN,45,30.145,7.56939756606048,0.818181818181818,0.942917490990096,0.416666666666667,14.1671783200179,4.71804486389274,0.622288537503755,3.00276464694931,1.11886547197556,0.0232423967179115,1.18539822101593,1.11846697330475,0.0611189306686842,1.2523995712625,0.0359197647712293,4.45474528816507,0.0154084579615595,0.0332032442092896
0032,NaN,unmatched,0,NaN,154,84.927,14.0028172125903,0.52027027027027,0.682564867479439,0.385964912280702,21.2748226463158,15.5481725669969,0.268311334039536,1.36831660149402,1.12053735208482,0.0225545408181669,1.20702075958252,1.11857974529266,0.0624226940638694,1.25611234658785,0.553009261399485,4.31667308688173,0.0138786202329461,0.0298815965652466
0032,NaN,unmatched,0,NaN,8,9.643,3.19153824321146,0.8,0.901091201056837,0.533333333333333,5.55547454493988,2.40901831607642,1.08112402260732,2.30611552758474,1.10911526120227,0.0210596008878664,1.17065095901489,1.10862934589386,0.0558622658015809,1.23057939810519,0.00746289508574414,4.40494289380783,0.01234215714875,0.0257315635681152
0032,NaN,unmatched,0,NaN,20,15.275,5.04626504404032,0.869565217391304,0.688178841900868,0.555555555555556,6.42782958550095,4.66365452048341,1.07715306575171,1.37828167958605,1.11585176167403,0.0243523120775683,1.20062172412872,1.11410486698151,0.0613538616368108,1.2457173118637,0.294652721718208,4.46772595459532,0.0148467084849099,0.0356099605560303
0032,NaN,unmatched,0,NaN,14,12.827,4.22200824564475,0.875,0.80058136486457,0.583333333333333,6.09592316811522,3.65282385134848,1.06927080761953,1.66882483694494,1.11562425280229,0.0219616705689771,1.18456935882568,1.11520493030548,0.054140712875333,1.24509901547417,0.132120885706863,4.49191429197827,0.0142425319236281,0.0323388576507568
0032,NaN,unmatched,0,NaN,36,48.786,6.77027500257308,0.486486486486487,0.99155003905136,0.181818181818182,25.7129859392497,3.33561159388091,0.190073661949989,7.70862710347317,1.12198556164411,0.0243230125004481,1.21039259433746,1.11959773302078,0.0652781988310855,1.25944272375332,0.451079157010988,4.36221356352608,0.0152937103930716,0.0337214469909668
0032,NaN,unmatched,0,NaN,76,62.457,9.83698151873187,0.520547945205479,0.979847511743518,0.292307692307692,27.6412439532829,5.52125484472838,0.244828074215192,5.00633365613878,1.12466128727664,0.0214451478065569,1.19220054149628,1.12315368652344,0.0540774595822826,1.26532257220641,0.263256048475204,4.47194955304123,0.0137065605230731,0.0297003984451294
0032,NaN,unmatched,0,NaN,94,41.012,10.9400419197143,0.803418803418803,0.865357467875768,0.626666666666667,16.1400972112804,8.08869233040624,0.702288925828163,1.9953901758147,1.1154076385498,0.032042127093559,1.18146276473999,1.12215203046799,0.0703743091883471,1.2451599202364,-0.499175370470714,4.58252098222502,0.0124932195826012,0.0487724542617798
0032,NaN,unmatched,0,NaN,406,150.792,22.7362102198778,0.569424964936886,0.629975578915441,0.325320512820513,34.0079766679025,26.4111028676028,0.224377494788585,1.28763940068623,1.12827373668377,0.0268584933931653,1.23883640766144,1.12591189146042,0.0769246632444904,1.27372283493249,0.451546663151796,4.27992099764763,0.0149404100160303,0.0357329845428467
0032,NaN,unmatched,0,NaN,20,20.965,5.04626504404032,0.645161290322581,0.836789310482666,0.416666666666667,8.35932389820635,4.57693900238389,0.571807867091089,1.82640054714568,1.11481606698298,0.0238529150327451,1.20062172412872,1.11511731147766,0.0615886244670341,1.24338304321836,0.234735407308564,4.43943893955552,0.0143515541175032,0.0310013294219971
0032,NaN,unmatched,0,NaN,367,115.114,21.616635097022,0.656529516994633,0.775282699276856,0.411896745230079,30.4761791032027,19.2491932387436,0.348032369279292,1.5832444884943,1.12931366888601,0.0296859851411022,1.24329948425293,1.12674152851105,0.0860792246040105,1.27623033862446,0.505232016570439,4.24676487905263,0.0156473153742746,0.0398643016815186
0032,NaN,unmatched,0,NaN,16,17.988,4.51351666838205,0.64,0.875263529828818,0.326530612244898,8.2436571465199,3.98701436131074,0.621389755320742,2.06762664978457,1.11646292124593,0.0179210099040855,1.19039249420166,1.11618065834045,0.0525532680766784,1.24681017656071,0.159759881461761,4.24038492005526,0.0136341957515157,0.0240103006362915
0032,NaN,unmatched,0,NaN,14,14.696,4.22200824564475,0.736842105263158,0.946697354777284,0.5,8.32756552290456,2.68251191028226,0.814591010553072,3.10439088489576,1.13036004223941,0.0281113017943579,1.23883640766144,1.12701910734177,0.073185065974295,1.27850285086572,0.461050469552267,4.31038766354696,0.0161305345296669,0.0403106212615967
0032,NaN,unmatched,0,NaN,15,12.827,4.37019372236832,0.882352941176471,0.746756440783485,0.625,5.73664945342768,3.81543178620121,1.14564729387806,1.50353872769386,1.11603979670849,0.0220128312102136,1.1855776309967,1.1150815486908,0.0540373259309173,1.24602861602895,0.242408254831274,4.48254074694192,0.0153112027852694,0.0307316780090332
0032,NaN,unmatched,0,NaN,157,69.884,14.1385504392572,0.625498007968127,0.876129662796663,0.475757575757576,23.6894228252022,11.4200909985709,0.403974550463749,2.07436375315807,1.11990435399166,0.0238619067562386,1.19856953620911,1.11902731657028,0.0594797086368366,1.25475476534297,0.242772532576556,4.45885295393024,0.0146635317757389,0.0343222618103027
0032,NaN,unmatched,0,NaN,21,27.904,5.17088294582641,0.525,0.964987917154955,0.323076923076923,13.6284359418207,3.57466158328549,0.338919246544888,3.81251081376346,1.1117750342687,0.0215280287841197,1.18174946308136,1.11062920093536,0.0533231655096995,1.23650662108161,0.235704612394194,4.50434856121741,0.0140641200738397,0.031163215637207
0032,NaN,unmatched,0,NaN,39,37.919,7.04672563994593,0.52,0.840177373654514,0.288888888888889,14.1045480554158,7.64906144461517,0.34084797631484,1.84395800158531,1.11202032695263,0.0292310581386657,1.16811740398407,1.11875593662262,0.0632301524032673,1.23744282048838,-0.496067656015546,4.59945247095358,0.012119305572505,0.04212486743927
0032,NaN,unmatched,0,NaN,10,12.827,3.56824823230554,0.714285714285714,0.938528189180818,0.416666666666667,7.14075650680812,2.46500774383048,0.763764862585375,2.89684952296004,1.11624504186404,0.0203055786929869,1.17349100112915,1.1152720451355,0.0482124511669668,1.24641464924844,0.301010584205716,4.56145815618766,0.0142041283515263,0.029454231262207
0032,NaN,unmatched,0,NaN,9,8.717,3.38513750128654,0.9,0.694349547249929,0.5625,4.29118430351859,3.08809885806564,1.48839527099799,1.38958773690508,1.10848511672682,0.0269962101652167,1.18797528743744,1.11082065105438,0.0648735086847575,1.22946678409843,-0.148630970709664,4.48703421168732,0.0137048681795508,0.0401314496994019
0032,NaN,unmatched,0,NaN,22,24.91,5.29256742840123,0.578947368421053,0.92066917095962,0.366666666666667,10.6551917532564,4.15918797654081,0.445538347550824,2.56184423819149,1.11928188327031,0.0219215126940056,1.17960667610168,1.11861157417297,0.0515198342605665,1.2532718708427,0.086782806669895,4.5674831681292,0.0147687920898789,0.031733512878418
0032,NaN,unmatched,0,NaN,16,14.233,4.51351666838205,0.888888888888889,0.916973622863043,0.571428571428571,7.55166718058484,3.0127212715989,0.992514700475858,2.50659337515715,1.11249355714262,0.0257386854929959,1.18797528743744,1.11481082439423,0.0656027098531151,1.23830337226918,-0.232278127903228,4.41900063597156,0.0130804353016243,0.032131552696228
0032,NaN,unmatched,0,NaN,10,9.734,3.56824823230554,1,0.828303877554078,0.666666666666667,5.13656501297522,2.87791009834316,1.32625544585198,1.78482469481322,1.12427328482918,0.0210255819086494,1.20306313037872,1.12300372123718,0.0567531142045508,1.26443172524894,0.355499098258181,4.3553010962972,0.0136491581432841,0.0288923978805542
0032,NaN,unmatched,0,NaN,13,10.958,4.06842894512822,1,0.706645247952487,0.65,5.08694162084465,3.59935717679669,1.36047518328763,1.41329169931723,1.12663043697675,0.0245322260664227,1.20627653598785,1.12656879425049,0.0618988831938419,1.269896968588,0.0850892598763767,4.44792111229966,0.0139138337135175,0.029498815536499
0032,NaN,unmatched,0,NaN,1321,304.768,41.0115768850108,0.49180938198064,0.971754296187811,0.26163596751832,114.292860443462,26.9725309638298,0.178720327469703,4.23737989574388,1.12829457229525,0.0387126176026692,1.3853200674057,1.12397682666779,0.164102472790915,1.27454720789542,1.06305612590624,3.59883666131297,0.0150830044796948,0.0449637174606323
0032,NaN,unmatched,0,NaN,43,27.912,7.39927702033192,0.754385964912281,0.873151006071834,0.477777777777778,11.3899240373942,5.55201634680877,0.693579753008499,2.05149324604223,1.12121405300053,0.0200310240973322,1.18073201179504,1.1198114156723,0.0474155304470137,1.25752173337464,0.347072083080996,4.51508008194444,0.0126416835402976,0.0285559892654419
0032,NaN,unmatched,0,NaN,41,25.39,7.22515199384357,0.872340425531915,0.869266465732336,0.455555555555556,10.892726152615,5.38475184747464,0.799223635800963,2.02288359076817,1.11516815286943,0.0220893395284373,1.17611265182495,1.1124005317688,0.0514019548122834,1.24408738724569,0.320008499917011,4.56802259499354,0.0141443591660011,0.0305061340332031
0032,NaN,unmatched,0,NaN,9,8.998,3.38513750128654,0.9,0.803349391160079,0.5625,4.85281169608891,2.88988809648469,1.39688417002243,1.67923861895966,1.12565270645751,0.030100980271538,1.20904576778412,1.12353956699371,0.0638144822500498,1.26799851153194,0.272129608733509,4.65082984706269,0.0152604626882145,0.0427048206329346
0032,NaN,unmatched,0,NaN,38,36.629,6.95579633830205,0.513513513513513,0.952386691179052,0.292307692307692,17.8601832152053,5.44544041882205,0.355912577863539,3.27984182022669,1.11760428975327,0.0221561473125438,1.19497203826904,1.11462765932083,0.0558625950073645,1.24952974748524,0.633712970431505,4.41144467987074,0.0136212266776071,0.0303646326065063
0032,NaN,unmatched,0,NaN,40,22.396,7.13649646461108,0.869565217391304,0.391096363034174,0.555555555555556,7.74715651673274,7.1300934476283,1.00214124731271,1.08654347571134,1.11270313163109,0.0226520260104821,1.20650362968445,1.1095694899559,0.0630736661838613,1.23862074150987,0.758524228254332,4.24477121180236,0.0133745536632758,0.0293272733688354
0032,NaN,unmatched,0,NaN,69,36.149,9.37302131581521,0.821428571428571,0.919205461468035,0.616071428571429,15.913531718255,6.26640286196487,0.663538885800242,2.53950026335607,1.11766003728403,0.0243277637601761,1.21240592002869,1.11485970020294,0.0665448664862875,1.24975519014234,0.715841307439708,4.30525272188659,0.0142194034883269,0.0311543941497803
0032,NaN,unmatched,0,NaN,14,13.381,4.22200824564475,1,0.92912301233451,0.666666666666667,7.37636338633707,2.72756362506182,0.982563796953142,2.70437811919782,1.10699444884455,0.0191877546539936,1.18902170658112,1.10507988929749,0.0542544455682464,1.22580428683509,0.785288543702221,4.22720880587689,0.0120228108516878,0.025547981262207
0032,NaN,unmatched,0,NaN,40,30.079,7.13649646461108,0.645161290322581,0.724216097165887,0.4,10.6684550578142,7.35667950546065,0.5555754771844,1.45017260163303,1.11661845187346,0.023126255131261,1.18650043010712,1.11615163087845,0.0562728052988285,1.24737069936789,0.138886335055729,4.53962626472631,0.0135761845049246,0.0323424339294434
0032,NaN,unmatched,0,NaN,40,42.732,7.13649646461108,0.701754385964912,0.986233292447349,0.476190476190476,20.9107692044809,3.45780247318993,0.275272873205606,6.04741576958562,1.05682029167534,0.0598274222965802,1.20573341846466,1.05183988809586,0.124757017405173,1.12044221360548,0.248147542398276,4.75228077351119,0.0247129149584062,0.0936248302459717
0033,1,irregular,1,7.83698581457304,1347,178.695,41.4132064293296,0.793753682969947,0.552734605634771,0.561952440550688,47.2711476369926,39.3937578422205,0.530093718632725,1.19996543173978,1.37014565730081,0.178603536938712,2.16326808929443,1.32034313678741,0.301435316108622,1.9091936295978,2.32696029593896,3.71181067527119,0.0292516953288887,0.11934757232666
0033,NaN,unmatched,0,NaN,96,42.708,11.0558127830827,0.755905511811024,0.713862721892068,0.428571428571429,14.50905886347,10.1604859522196,0.661397621768254,1.42798867413428,1.33941260418471,0.0644771838139205,1.52769982814789,1.33974170684814,0.169802526691852,1.7981800349886,-0.398159031328319,4.20230818243927,0.0217252519166315,0.0751023292541504
0033,NaN,unmatched,0,NaN,34,21.453,6.57952464247954,0.829268292682927,0.71867588122752,0.53968253968254,8.4723376109866,5.89119947687063,0.928352081590825,1.43813456737456,1.35111419496865,0.0467003429371508,1.47906219959259,1.34969627857208,0.0905388846081519,1.82768770453519,0.22053094146396,4.5907301274947,0.0208493362298908,0.0609978437423706
0033,3,circular,1,2.16665988739832,4234,301.045,73.422722861582,0.853456964321709,0.164808221263595,0.65400061785604,75.7185086332181,74.6831057997574,0.587080804553622,1.01386394985014,1.28269646263834,0.337142252171478,3.20222306251526,1.19660764932632,0.733327488293958,1.75896935361326,2.08642263769759,3.57261637849828,0.0333924808548307,0.278787612915039
0033,NaN,unmatched,0,NaN,25,17.045,5.64189583547756,0.925925925925926,0.809130779671038,0.625,7.62601644419696,4.48126543060152,1.08132404804248,1.70175513195908,1.32317349570138,0.0566088897769044,1.51320290565491,1.32283705472946,0.118467051846286,1.75398808817638,0.288141148146353,4.45706330301478,0.0231500556174598,0.0821570158004761
0033,18,irregular,1,2.95980214536196,1008,120.564,35.8249279286511,0.931608133086876,0.579488533280789,0.689466484268126,40.0260524125053,32.620447896446,0.871435202101771,1.2270233854412,1.38104987399318,0.253277607889563,2.56166672706604,1.31610304117203,0.444135438390198,1.97143498655554,2.35223790784749,3.64527377476644,0.0361849084408145,0.152949690818787
0033,17,irregular,1,1.93603429117179,3521,230.194,66.9557797132743,0.937683089214381,0.341795355536576,0.699027198729402,69.2954719731279,65.1221110400916,0.835002719552051,1.0640851604222,1.25897013622533,0.35617333024249,2.85632944107056,1.13874161243439,0.527610233579095,1.71185712400002,1.90918831678227,3.86341288290088,0.0289323728627563,0.34898042678833
0033,NaN,unmatched,0,NaN,54,29.136,8.29185958731205,0.885245901639344,0.913389906542243,0.490909090909091,13.5075942699685,5.49875031826373,0.799362493246129,2.45648438066081,1.30432919481749,0.066827881547137,1.48303914070129,1.29933416843414,0.123826850956446,1.70573581209161,0.218175613370033,4.65852937112878,0.0246765783681916,0.0949258804321289
0033,12,irregular,1,7.10760015617433,3218,244.493,64.0100371422932,0.897879464285714,0.105659930578342,0.706631532718489,64.7418897705316,64.3794855533552,0.676492591416063,1.00562918783928,1.28674577977978,0.320746962253187,2.75903630256653,1.17802202701569,0.508219060226537,1.75858586276395,1.89128646313364,3.90176712641625,0.0296713206560005,0.319092631340027
0033,2,irregular,1,13.8242588869263,23,16.4,5.41151637980601,0.884615384615385,0.723530694079649,0.547619047619048,6.82236626805106,4.70942628631907,1.07460783808098,1.44866186521915,1.13672064592865,0.245821969631969,1.54896950721741,1.21702164411545,0.517383895326455,1.35247618723426,-0.721661141379521,4.49068185019169,0.0546181684283812,0.413092732429504
0033,NaN,unmatched,0,NaN,8,13.034,3.19153824321146,0.8,0.977674523612449,0.266666666666667,8.45632002200741,1.77688445095994,0.591758381261241,4.75907142833006,1.28047211023477,0.07741710900545,1.45014691352844,1.28719276189804,0.146781813243723,1.64559301322698,-0.261002878522186,4.66953110640403,0.025408929278524,0.116745233535767
0033,NaN,unmatched,0,NaN,16,11.975,4.51351666838205,0.941176470588235,0.689493908342381,0.8,5.58418126298933,4.04457492064933,1.40209939691509,1.38065961752362,1.2655784068505,0.100014790773845,1.45599496364594,1.28950643539429,0.171619587728748,1.61167499066248,-0.470207985672784,4.72967940738331,0.0276141914438264,0.155837416648865
0033,11,circular,1,0.810002192551129,5527,267.922,83.8879905811985,0.976674324085527,0.128485630579467,0.747396889790399,84.3199459718502,83.6210491953472,0.967570403796875,1.00835790489629,1.48281686804705,0.682368907076572,4.06943607330322,1.17040884494781,0.621543325549987,2.6643519309002,2.0323650731692,3.17166796351489,0.037869422562342,0.331580996513367
0033,NaN,unmatched,0,NaN,8,7.683,3.19153824321146,1,0.856680200592909,0.666666666666667,4.65343323482671,2.40046366264456,1.70309229692248,1.93855599951056,1.35291175695433,0.0416021294842087,1.43295085430145,1.35538071393967,0.0907898280053131,1.83209782388944,-0.751188826857764,4.37312568217183,0.0210890152473037,0.0574525594711304
0033,NaN,unmatched,0,NaN,9,11.992,3.38513750128654,0.818181818181818,0.929897463130794,0.375,6.82222177768685,2.50934178399331,0.786446409077815,2.71872959722135,1.34819231354273,0.0451189181819914,1.4402242898941,1.35080951452255,0.115590657276352,1.81965496870698,-1.19836348694299,4.1132040906855,0.0262399649341401,0.0505943298339844
0033,NaN,unmatched,0,NaN,26,17.326,5.75362739175159,0.866666666666667,0.834184238450146,0.619047619047619,8.04104860946788,4.43452462622197,1.0883951350021,1.81328311087056,1.36901268524322,0.0536024222128317,1.64067435264587,1.36201727390289,0.150681976626723,1.87706485911842,1.37267491082207,3.77784138397188,0.027883606533912,0.0486005544662476
0033,7,circular,1,0.825465286629337,1150,131.538,38.2651992866291,0.92741935483871,0.158536824430809,0.756578947368421,38.6496445535166,38.1608450176221,0.835228366935716,1.01280892851478,1.40695563564781,0.111065960421307,2.14841818809509,1.3769183754921,0.305954638277009,1.99185721672285,1.63633059716872,3.44777752776135,0.0337535320233977,0.0913089513778687
0033,NaN,unmatched,0,NaN,41,24.447,7.22515199384357,0.836734693877551,0.723539759136584,0.5125,9.26858566005549,6.39794440865076,0.862070086879597,1.44868180591305,1.3529583686874,0.0416798354534901,1.49733948707581,1.3481365442276,0.0948085517936753,1.83223148797913,0.511472288149372,4.31081161271617,0.0205081475898623,0.0520824193954468
0033,NaN,unmatched,0,NaN,39,24.637,7.04672563994593,0.764705882352941,0.518847730771005,0.609375,8.2599070559122,7.06111928189589,0.807418738074171,1.16977305242384,1.35729738157623,0.0493130123845664,1.49733948707581,1.35751217603683,0.127757831205173,1.8446848534726,-0.602633198620401,4.10063927525226,0.0294176663938212,0.053815484046936
0033,NaN,unmatched,0,NaN,35,28.185,6.67558117812455,0.686274509803922,0.805204297332196,0.454545454545455,10.4061240207012,6.17080556890155,0.553658319334548,1.68634773928772,1.35320185034078,0.0397710698840445,1.46635019779205,1.35270965099335,0.110416038704751,1.83273509599483,-0.685777592944836,3.98638246635436,0.022602460564479,0.0417826175689697
0033,NaN,unmatched,0,NaN,66,36.72,9.16699568847508,0.75,0.808070412600937,0.428571428571429,12.8751380267227,7.58456238902802,0.615103862999411,1.69754527240071,1.37153365060093,0.0655274767506495,1.65956437587738,1.36115437746048,0.170947924262955,1.88539433107834,1.39885478461639,3.8129409083579,0.0267744303763128,0.054499626159668
0033,NaN,unmatched,0,NaN,15,12.736,4.37019372236832,0.9375,0.86973700761868,0.6,6.62483372085062,3.26945805124615,1.16207731210245,2.02627885631552,1.33587982234955,0.0435441865962097,1.48975026607513,1.33559226989746,0.0996905766724044,1.78646796219308,0.203052281333967,4.32328156029364,0.0203802933337066,0.0527493953704834
0033,NaN,unmatched,0,NaN,24,17.235,5.52790639154137,0.827586206896552,0.842716398914024,0.6,7.91370523976007,4.26040457655981,1.0153096880942,1.85750087756929,1.36315967627934,0.0494438017195885,1.56084954738617,1.36162316799164,0.15031088652363,1.86064550014887,-0.000568534212628497,3.83947084545754,0.0286057636727822,0.053277850151062
0033,NaN,unmatched,0,NaN,10,10.214,3.56824823230554,1,0.89164853508037,0.5,5.66476021633881,2.56459711417832,1.20453148657108,2.20883045723686,1.36628452499708,0.0320658528621856,1.46918499469757,1.36348164081573,0.0641531662126569,1.86775990846806,0.513722791456095,4.47584578322467,0.0196517777644649,0.0415318012237549
0033,NaN,unmatched,0,NaN,11,10.495,3.74241031850956,1,0.916383498299993,0.55,6.18971243476069,2.47775111917596,1.25498248112387,2.49811709774114,1.37031572977702,0.0335721555271188,1.46645712852478,1.3715705871582,0.0669407061364685,1.87889041041834,-0.111712618955941,4.51198778692437,0.0230749933850366,0.0478852987289429
0033,NaN,unmatched,0,NaN,37,31.386,6.8636625175777,0.660714285714286,0.91072568480678,0.355769230769231,12.8662622559989,5.31391782356317,0.47199744449368,2.4212384690909,1.35196906354004,0.0479502738059926,1.46645712852478,1.35798364877701,0.109091813957631,1.83011708918459,-0.781421971857532,4.29753311297255,0.021698559681453,0.0565657615661621
0033,NaN,unmatched,0,NaN,10,14.622,3.56824823230554,0.769230769230769,0.972663911803163,0.277777777777778,8.83930615678252,2.05264057577875,0.587754962854438,4.30630976561932,1.05465559806873,0.222117487856448,1.54420697689056,1.144078373909,0.527260290856274,1.16156162643693,-0.589866583999362,4.39427320202067,0.0588392387465333,0.334325850009918
0033,6,irregular,1,14.8149310380928,10,9.461,3.56824823230554,0.909090909090909,0.89051036097828,0.666666666666667,5.56552712373515,2.53210870652012,1.40389872318576,2.19798111724194,1.05294897286788,0.274428642995523,1.57741343975067,1.15252435207367,0.515857427892169,1.18388164376842,-0.431871048166424,4.66493372417607,0.0629012625170667,0.465437769889832
0033,NaN,unmatched,0,NaN,33,26.432,6.48204481442857,0.6875,0.911102428160176,0.375,11.6642680635375,4.80777819438109,0.593558806116307,2.42612441588292,1.29280447698958,0.0734078078470497,1.45841038227081,1.28961026668549,0.11514176864617,1.67672591379028,0.177648343806688,4.76060012841184,0.0219122834599502,0.126277208328247
0033,15,circular,1,0.826283539715367,44,20.485,7.48482063701911,1,0.285017466990251,0.897959183673469,7.71460637460859,7.39462242250068,1.31762129128174,1.04327252073537,1.14464929483228,0.149214636728648,1.92768657207489,1.11047899723053,0.36898955875639,1.33245647412524,2.23894832477272,3.64619377041266,0.051107847381408,0.117259621620178
0033,NaN,unmatched,0,NaN,21,20.047,5.17088294582641,0.724137931034483,0.933893079430898,0.375,10.0846963829295,3.60580735896054,0.656644601307899,2.79679288963364,1.07298077138328,0.216984488169539,1.46492671966553,1.13969492912292,0.474956638544797,1.19830772573204,-0.561713801440607,4.5531932927435,0.0444330226218384,0.361133992671967
0033,19,circular,1,3.54268058650707,5053,310.638,80.210220168921,0.869109047127623,0.4532432823497,0.660005224660397,87.3319672825203,77.8465677420712,0.658036523800039,1.12184736996854,1.31846812373412,0.330781262851106,3.48129487037659,1.2445051074028,0.621127626764838,1.84776966997948,2.45307664447085,3.53130259703779,0.0298773921864579,0.329748868942261
0033,NaN,unmatched,0,NaN,1739,226.233,47.0548995142318,0.829279923700525,0.955453908790913,0.644074074074074,88.3570671161781,26.0777360097286,0.426970172447049,3.38821848197311,1.2804086297487,0.176558237145382,2.30907416343689,1.24954354763031,0.454792962257163,1.67061691682551,0.60687373718301,3.87134729938611,0.0250723864284105,0.269588708877563
0033,14,circular,1,7.19936533874641,4492,421.445,75.6266621962807,0.770894113609061,0.752836398887305,0.551842751842752,99.7303381489731,65.6432749910402,0.317810176935051,1.51927730849178,1.24459456378112,0.165852316153078,2.30907416343689,1.18917495012283,0.405168506587372,1.57652167887832,0.878593217353505,3.62761769181173,0.0211173914604729,0.271466135978699
0033,16,circular,1,6.06908107770908,2753,381.383,59.2049699489486,0.645486518171161,0.887293452970837,0.40366568914956,107.276266345016,49.4763825521751,0.23784466487603,2.16823180700182,1.29252941759097,0.195725009599324,2.58926582336426,1.26786160469055,0.501280085853645,1.70893915484382,1.01926658670944,3.76423706474565,0.0258759089005339,0.255014419555664
0033,NaN,unmatched,0,NaN,2027,227.325,50.8021314235749,0.819652244237768,0.912763529778642,0.503102506825515,82.0173124840746,33.5031173126754,0.492911797933442,2.44805018346888,1.34884787061661,0.198773737016554,2.58926582336426,1.33183407783508,0.501417900333074,1.85889893070965,1.13171021430741,3.74960243024708,0.0314427958478191,0.224883913993835
0033,NaN,unmatched,0,NaN,36,24.447,6.77027500257308,0.765957446808511,0.877189646528431,0.45,11.0448252221766,5.30310728938069,0.756939588479646,2.08270823490476,1.35772697556586,0.0657936443664522,1.52802562713623,1.36086666584015,0.12713286657329,1.84774619048058,-0.0420154473562116,4.59447460887884,0.0213672714894187,0.0852401256561279
0033,NaN,unmatched,0,NaN,20,19.584,5.04626504404032,0.769230769230769,0.960018086035116,0.357142857142857,10.7830776196866,3.01859300245682,0.655295308593123,3.57221977620377,1.15953538342128,0.122334005527006,1.57876300811768,1.15271317958832,0.332425171195941,1.35946811853523,0.250087174617285,4.29717216221623,0.0659898168695134,0.148787021636963
0033,13,irregular,1,12.2052220830393,18,15.085,4.78730736481719,0.9,0.689472399066376,0.514285714285714,6.22402254754819,4.50813395127889,0.994012258052739,1.3806205882109,1.13257796737883,0.126862020912622,1.61030256748199,1.11914896965027,0.314295749690051,1.29880298161999,0.646250920067353,4.35039579203254,0.0705102829149853,0.15651535987854
0033,NaN,unmatched,0,NaN,9,8.626,3.38513750128654,1,0.503952630678969,0.5625,3.94405318873308,3.40660215927909,1.5199645737668,1.15776747748194,1.31724936473701,0.0749553853724697,1.4463791847229,1.33234417438507,0.146634031092,1.74075444468632,-0.832545011245323,4.50314217558833,0.0214547146359009,0.101777672767639
0033,NaN,unmatched,0,NaN,15,15.821,4.37019372236832,0.75,0.806340976542843,0.416666666666667,6.79140775834165,4.01678458940912,0.753066384634947,1.69075727293125,1.31836192389212,0.0757450041920027,1.47104692459106,1.33496963977814,0.137378203417747,1.74380698089002,-0.689605350724544,4.5834771566576,0.0246856596825598,0.106262922286987
0033,NaN,unmatched,0,NaN,20,15.548,5.04626504404032,0.909090909090909,0.879689043352572,0.571428571428571,7.7658321205376,3.69303643934001,1.0396587086578,2.10283116565334,1.28658583729355,0.0799703026000862,1.50248348712921,1.29449033737183,0.186349494675862,1.6616888915789,-0.726436023533344,4.27649093068118,0.0256379216551222,0.0759729146957397
0033,NaN,unmatched,0,NaN,12,11.14,3.90882009522336,1,0.824957911384306,0.666666666666667,5.65685424949238,3.19722101554181,1.21512436278852,1.76930347385877,1.28596311289331,0.0690741117436828,1.4727156162262,1.2847785949707,0.128228053038445,1.65846438198508,0.255689859734028,4.61907592868874,0.0256340954277,0.0910168886184692
0033,NaN,unmatched,0,NaN,45,25.001,7.56939756606048,0.882352941176471,0.615972770336458,0.5625,9.02057521014816,7.10611547887087,0.904706306281828,1.26941016325582,1.31103767369475,0.0810778524167248,1.4748500585556,1.32208049297333,0.188521964492779,1.72538557426354,-0.746159989328723,4.37364319922592,0.0210789983374218,0.10578465461731
0033,NaN,unmatched,0,NaN,8,8.436,3.19153824321146,1,0.787838597158335,0.5,4.39696865275764,2.70801280154532,1.41262441760011,1.62368828177198,1.31428194004628,0.062132990551153,1.4727156162262,1.31279528141022,0.112081611838767,1.73119082417492,0.0382884924103994,4.68214741165813,0.0242198907910015,0.0846168994903564
0033,NaN,unmatched,0,NaN,11,13.952,3.74241031850956,0.733333333333333,0.727530736844262,0.366666666666667,5.84645243951478,4.01110537436781,0.710116516570241,1.45756640473107,1.13056674810556,0.154612331869679,1.45877265930176,1.15588396787643,0.312332350046106,1.30204936820637,-0.343923897351318,4.72738178197571,0.0503978689766967,0.229621648788452
0033,NaN,unmatched,0,NaN,1671,232.129,46.1257333736002,0.711063829787234,0.960375998973247,0.385734072022161,97.3519344328441,27.1327264983309,0.389697404202841,3.58798937654986,1.26257132819348,0.168244137928195,2.36831474304199,1.2599533200264,0.568513922166296,1.62239055102369,0.290064935763182,3.64839495030435,0.0324136233781014,0.200826525688171
0033,NaN,unmatched,0,NaN,10,15.548,3.56824823230554,0.555555555555556,0.939496102061964,0.357142857142857,8.79894779188233,3.01416396740387,0.519829354328899,2.91920011221584,1.29200483012347,0.0656306484496188,1.46413993835449,1.29345142841339,0.124820796621864,1.67357721588381,0.0231615092490688,4.60522815375223,0.0258519749939787,0.106160759925842
0033,NaN,unmatched,0,NaN,219,67.7,16.6984867666804,0.747440273037543,0.883076395060356,0.506944444444444,25.7647680097734,12.0895825344113,0.600449712879756,2.13115448250075,1.171182083064,0.223594390540839,1.56436920166016,1.2354970574379,0.435256664665641,1.42163202218374,-0.762777870142033,4.61124950293132,0.0481792353100032,0.303078889846802
0033,NaN,unmatched,0,NaN,12,10.867,3.90882009522336,0.857142857142857,0.753013994412155,0.6,5.26867877458496,3.46681435153595,1.27694377690127,1.51974644164338,1.1164884925882,0.177253775454842,1.49332535266876,1.15850794315338,0.407305706232602,1.27791309016001,-0.686318619478009,4.38167813392724,0.0460892201099091,0.171543121337891
0033,5,circular,1,0.621284004553946,207,49.564,16.234549139418,0.967289719626168,0.478466099771465,0.676470588235294,17.4246268034315,15.3006697817336,1.0588818710162,1.13881464354152,1.23202273588771,0.180157376764513,2.06744647026062,1.19552320241928,0.391276758696203,1.55031361773694,1.51453643238309,4.05686390333821,0.0480903002755509,0.189046382904053
0033,NaN,unmatched,0,NaN,30,20.411,6.18038723237103,0.909090909090909,0.860514652238483,0.535714285714286,9.36833697896439,4.77247152645153,0.90490409453036,1.96299483968425,1.34513568799332,0.0539728455244538,1.46736896038055,1.35214531421661,0.129243268722142,1.81229923390264,-0.612338245109239,4.30606256434825,0.0222851929354483,0.0697274208068848
0033,NaN,unmatched,0,NaN,23,18.451,5.41151637980601,0.793103448275862,0.695543404919055,0.547619047619048,7.18256210138691,5.16055651676077,0.848980826782329,1.39181928888075,1.32610469665962,0.0799888086837372,1.46736896038055,1.3439621925354,0.180449707346999,1.76494276175878,-1.04604667708091,4.3433365533337,0.0246662752542898,0.102404832839966
0033,NaN,unmatched,0,NaN,20,15.73,5.04626504404032,0.869565217391304,0.765906646725603,0.571428571428571,6.75990959729574,4.34629599809488,1.01573967038006,1.55532655858203,1.27529440455967,0.0940594926900387,1.4812331199646,1.27967774868011,0.168882172611914,1.63520989952086,-0.165779347521279,4.73054021083155,0.0256185110206035,0.153480052947998
0033,10,irregular,1,1.00138049901686,6406,329.363,90.3126376736581,0.925588787747435,0.434863776825847,0.695095486111111,95.5939048449655,86.0819528007535,0.742073937279121,1.1104987948662,1.26952245154892,0.276708324112599,2.65554475784302,1.15572744607925,0.476428301073856,1.68825197300566,2.01478545746947,3.6650866966009,0.0229488030722708,0.29767894744873
0033,NaN,unmatched,0,NaN,50,31.551,7.97884560802865,0.78125,0.917395723373016,0.427350427350427,14.2778547559181,5.68224693546264,0.63118055519626,2.51271282612,1.3408045747331,0.0586828466079468,1.48433125019073,1.34495449066162,0.114618606298068,1.80119671915443,-0.37721994247416,4.57429482898485,0.0203896583211228,0.0776095390319824
0033,NaN,unmatched,0,NaN,21,14.804,5.17088294582641,1,0.730189335575656,0.6,6.46443927225917,4.41679488424223,1.20412342687101,1.46360413867583,1.36230686936763,0.0413897322531213,1.48433125019073,1.36323320865631,0.0875421585629686,1.85758938399656,0.0414466411487563,4.40619512256973,0.0193162746627912,0.0565966367721558
0034,13,circular,1,0.239571065428503,3610,220.874,67.7967164138053,0.961640916355887,0.297922885415652,0.696911196911197,69.6174913076308,66.4561568793426,0.929882069311295,1.04757022639795,1.46179142630499,0.504421763548067,3.44997763633728,1.25842982530594,0.610208743833003,2.39125666436622,1.20293102646062,4.10059591467404,0.0437091985170081,0.680147647857666
0034,15,circular,1,0.290908042415743,3646,233.461,68.1339223889569,0.937757201646091,0.388207456244245,0.744081632653061,71.2368208671324,65.6498602428137,0.840616374551779,1.0851023993601,1.52103609193464,0.416242431826598,3.29455494880676,1.43192839622498,0.550985288224589,2.48679691448311,1.22607923436596,4.09204468909599,0.0324617109606828,0.507728934288025
0034,12,circular,1,0.510698957675066,1350,140.809,41.4592979365603,0.93039283252929,0.303950054257868,0.76530612244898,42.708839055436,40.6881970986052,0.855623696943896,1.04966162427728,1.67139009655698,0.335644487428561,2.95556259155273,1.52484250068665,0.401462389038309,2.90618150390597,1.63612411522879,3.5714427654661,0.0384546817038125,0.238462686538696
0034,16,circular,1,0.441834917894589,4354,242.789,74.4559264113804,0.967555555555556,0.255953766554303,0.753939393939394,75.8299081952525,73.3039399536559,0.928197247126183,1.03445883322497,1.5827133875452,0.709152715413573,4.24719047546387,1.2670636177063,0.673473514468238,3.00785037688743,1.72855371500232,3.76942000716509,0.0444008205170833,0.585332632064819
0034,10,circular,1,1.17055092668918,5471,263.853,83.4619287414692,0.981345291479821,0.171239810531194,0.766461193611656,84.1831614968668,82.9397238402713,0.987535020800178,1.01499206410417,1.68124172023714,0.867140254737639,4.69674158096313,1.27651745080948,0.703956880196204,3.57847090447229,1.72675444844328,3.51506750786087,0.0480512763914113,0.587044954299927
0034,2,irregular,1,1.86725917849353,1372,138.526,41.7957492500929,0.955431754874652,0.483333316453178,0.72746553552492,45.3074214796803,39.6637663354358,0.898465462981336,1.14228742415726,1.61666981502374,0.409554828696246,3.04991436004639,1.50124084949493,0.533336683541467,2.78132849265768,1.45578046887397,4.13250391284412,0.0435209955123656,0.310479998588562
0034,17,irregular,1,5.92751588453049,5179,266.277,81.2041107468299,0.96425246695215,0.271769363021351,0.752761627906977,83.0780482601703,79.9511909636993,0.917885405032925,1.03910957746571,1.64791363269249,0.812165427192023,4.26402997970581,1.28796255588531,0.660539683535212,3.37520063572543,1.76746604440694,3.71453346691168,0.0469857299670864,0.517866015434265
0034,20,irregular,1,5.06617286527968,395,78.906,22.426092396367,0.885650224215247,0.484514491780752,0.752380952380952,24.4349143414275,21.3752534008182,0.797236003431744,1.14314033537924,1.46158660989467,0.269679042668877,2.32570791244507,1.34605085849762,0.340662678421033,2.20892278596595,1.28797393451789,4.05008749062184,0.0480422513848627,0.255521774291992
0034,5,irregular,1,3.70057331854725,1071,144.481,36.9274904699921,0.840659340659341,0.677172223356596,0.643243243243243,44.2242263930913,32.5412718313278,0.644729967672018,1.35901960508244,1.54308661126181,0.237574861122693,2.3724160194397,1.46369349956512,0.338269732193985,2.43754804176968,1.32520795671273,4.24975668993668,0.0417415023414879,0.23340916633606
0034,NaN,unmatched,0,NaN,66,48.414,9.16699568847508,0.573913043478261,0.883100835397241,0.315789473684211,18.2558469814326,8.56533747117461,0.353844026095431,2.13136342179979,1.55614678962256,0.116414109517175,1.79777181148529,1.57395660877228,0.179860047727805,2.43513386628086,-0.378913742264651,4.65788830705905,0.0322071932149207,0.186833739280701
0034,18,circular,1,0.659567177324293,897,109.564,33.7949089601887,0.957310565635005,0.448309803739714,0.737664473684211,35.9646447258982,32.148013569716,0.939002067675584,1.11872059055548,1.65703732741602,0.393222804268641,3.19509625434875,1.48376172780991,0.444464965739348,2.90035783173836,1.66593815179076,3.61522079033015,0.0460844113573535,0.273221135139465
0034,9,circular,1,0.939679236197268,2585,194.02,57.3700638237434,0.943775100401606,0.259669115769818,0.708607456140351,58.5346131004582,56.5267382874894,0.862933662656042,1.03552079730405,1.54681158546631,0.581648064448044,3.74997091293335,1.40190708637238,0.623494038045337,2.73091069174976,1.48602606714868,4.12385899257479,0.0399153803119253,0.554078936576843
0035,19,irregular,1,2.76854224168037,7022,358.98,94.5552118242581,0.920073375262054,0.662600961515962,0.682874647476417,109.619409503862,82.1019348964725,0.684747070150438,1.33516231550557,1.30645425232247,0.219344896417689,2.18516206741333,1.23011207580566,0.388519212556999,1.75493317161733,0.963519040498409,4.21008167743393,0.0244609884541476,0.311595320701599
0035,8,circular,1,0.540834894867783,4990,258.394,79.708627690034,0.97138407630913,0.28678080985765,0.789556962025316,81.6615194073058,78.2314273192446,0.939172915716434,1.04384544940058,1.46491586868111,0.541178099616928,3.87204599380493,1.20696145296097,0.667607968006399,2.43883565755745,1.34738751091263,3.8113857293709,0.041235047501385,0.613840699195862
0035,1,irregular,1,6.1284267159331,1799,172.501,47.8597737246903,0.91273465246068,0.65304052198086,0.644802867383513,55.7528898134021,42.222943943547,0.759727406125346,1.32044060897187,1.29465025987235,0.264352352623697,2.64609289169312,1.23180454969406,0.461897589982056,1.74599435120769,2.13808008839202,3.81970781547101,0.0281320500314079,0.25472617149353
0035,12,irregular,1,6.53166200937385,4587,274.945,76.4221812807001,0.922010050251256,0.491424804378964,0.637083333333333,82.9897581710453,72.2774409124871,0.76251247211566,1.14821107559036,1.42529507629401,0.491950432386754,3.87204599380493,1.21525245904922,0.667607968006399,2.2734703690484,1.73475349901952,3.59679805062623,0.0358790623218762,0.457968354225159
0035,10,irregular,1,4.16232218091723,4417,241.938,74.992660101474,0.973121833002864,0.285617630264821,0.775184275184275,76.6591842022236,73.4658431057676,0.948263623613764,1.04346701761604,1.35735386614857,0.491677406162532,3.14004921913147,1.15018457174301,0.576941699090518,2.08414220780115,1.74812404955027,3.91228111851273,0.034974496514465,0.423444271087646
0035,18,irregular,1,5.19310788982408,925,118.199,34.3183125878885,0.911330049261084,0.520806667471,0.676169590643275,37.5140827982036,32.0248216580633,0.832001275659984,1.17140645461669,1.40060251344447,0.275137130602182,2.70728349685669,1.29926782846451,0.408557226075694,2.03736991979713,2.45356961150338,3.46124974499603,0.0358868499956623,0.166927933692932
0035,NaN,unmatched,0,NaN,136,63.193,13.1590492849591,0.727272727272727,0.941726617559456,0.457912457912458,24.531737449627,8.25196664044275,0.427967535315275,2.97283526685595,1.32423016369629,0.118975326739423,1.50840926170349,1.35210716724396,0.221932667822551,1.76773093955959,-0.778974755592368,4.55349657084262,0.0269919483208843,0.179441452026367
0035,NaN,unmatched,0,NaN,15,11.421,4.37019372236832,1,0.568901204615633,0.75,5.05970080207748,4.1611276535348,1.44508322626155,1.21594462447682,1.36678862611453,0.0731390436699,1.48666024208069,1.38524067401886,0.113055155448948,1.87345155265213,-0.591911683379797,4.73326964244891,0.0238307816149429,0.113746166229248
0035,NaN,unmatched,0,NaN,19,20.32,4.91849075936593,0.678571428571429,0.673039319709212,0.395833333333333,7.33543310265194,5.42533548718449,0.57825055430248,1.35206995401103,1.33305410287537,0.0771303768233999,1.48997235298157,1.33140122890472,0.121892954263281,1.78297416438795,-0.049179007731751,4.78644861366476,0.0229227207317442,0.125307202339172
0035,4,irregular,1,2.98884959970928,5089,283.231,80.4954411327576,0.92695810564663,0.448218031064849,0.699038461538461,85.8330655897859,76.7282603135754,0.797187983089923,1.11866299638491,1.37791022906419,0.463526507137367,3.57690787315369,1.19827628135681,0.60700608529085,2.11348404878971,2.36971083250605,3.57217393392787,0.032803443780429,0.347798347473145
0035,13,circular,1,0.0901452291561213,73,29.318,9.64087582980234,0.935897435897436,0.57025234243471,0.675925925925926,10.8189373282773,8.88742787072298,1.06724478940587,1.21733053540914,1.25920063148028,0.168986980592107,1.89281356334686,1.25206941366196,0.376256487713024,1.61411205773211,0.73855629141036,4.25110477630236,0.0634623610981888,0.188862204551697
0035,NaN,unmatched,0,NaN,10588,480.187,116.107968286659,0.86277705345502,0.864651667168715,0.61386827458256,169.583281907942,85.1938702325794,0.577036121362638,1.99055731879511,1.36967452314568,0.421519232251674,3.57690787315369,1.19757103919983,0.610305797216212,2.05368373087063,2.34913951551052,3.42203568535629,0.0288317448396614,0.331861972808838
0035,NaN,unmatched,0,NaN,22,16.4,5.29256742840123,0.88,0.839768025927817,0.55,7.55849612967527,4.10385039302332,1.02788575816442,1.8418059641075,1.33427604198456,0.0826578280601644,1.50496315956116,1.34454047679901,0.17927287763065,1.7871151123014,-0.692704520708159,4.43576743822176,0.0272411088930194,0.116237163543701
0035,NaN,unmatched,0,NaN,131,43.063,12.9148898702353,0.879194630872483,0.683626541097578,0.682291666666667,15.4497000168654,11.2756855059247,0.887713032955905,1.37017833716163,1.33877856532733,0.0834838484425217,1.5262610912323,1.34157526493073,0.151329189196456,1.7992915499715,-0.141774443414773,4.70664829221869,0.0232841645709372,0.121917724609375
0035,9,circular,1,1.82870432394245,981,189.819,35.341873088239,0.639087947882736,0.506809752065002,0.519047619047619,42.6390141005824,36.7573002460429,0.342136579442769,1.16001484916381,1.31052433274969,0.203917699498372,2.32960844039917,1.29575884342194,0.443571261336066,1.75904952911023,1.59485927165241,3.90409609308355,0.0293271965554977,0.183621764183044
0035,20,irregular,1,2.09554614757656,4994,254.616,79.7405686360926,0.978831830654645,0.319239822355137,0.743708116157856,82.0315199413899,77.7391354065624,0.968025994889778,1.05521523377356,1.38169927437617,0.525830399054386,3.42213344573975,1.15755569934845,0.633934877358847,2.18557715340891,1.94453575422929,3.51988535692923,0.0332256190901861,0.317357659339905
0035,14,circular,1,0.764187475993124,4636,260.62,76.8292817185753,0.952537497431683,0.255262519877707,0.753821138211382,78.3314208896163,75.7364406284312,0.857704740504854,1.03426329834955,1.40903160514531,0.355422727935283,2.73442316055298,1.26544404029846,0.480942281482285,2.11168879009134,1.64677723829785,3.84955874043809,0.029928508533367,0.2297123670578
0035,NaN,unmatched,0,NaN,47,23.231,7.73577782789505,0.903846153846154,0.44815691900587,0.652777777777778,8.41086098205668,7.51893044793485,1.09438948671391,1.11862465550094,1.31675203474872,0.0889900941199972,1.53655230998993,1.31676828861237,0.176024135914974,1.74174540511162,-0.180588379637381,4.58190387456121,0.0244432655493775,0.10804009437561
0035,NaN,unmatched,0,NaN,12,12.802,3.90882009522336,1,0.95516269185394,0.857142857142857,7.49570811303716,2.2193402162039,0.92010091873088,3.37744887345766,1.29419391424166,0.0782977969118404,1.50177252292633,1.29630047082901,0.145299671350192,1.68105811187857,0.13195408438382,4.67101725626343,0.0266660706892096,0.104279041290283
0035,2,circular,1,0.902301258494635,66,27.267,9.16699568847508,0.942857142857143,0.60959620731231,0.666666666666667,10.4589833918593,8.29096262604526,1.11552442357741,1.26149204424145,1.16896482489929,0.136166252548133,1.608025431633,1.12306618690491,0.263467361729615,1.38499938588189,1.53528378873263,4.09214952743933,0.0369566121785772,0.0952390432357788
0035,5,irregular,1,4.26314486227494,227,71.852,17.0007463558187,0.766891891891892,0.827468431489685,0.411231884057971,23.9747871509772,13.4621364199779,0.55253271682947,1.7809050809646,1.23195617801921,0.160369751499318,1.87214529514313,1.18467772006989,0.310615689715914,1.54342088849075,1.49894607101298,4.16817068246537,0.0414433882899638,0.158918499946594
0036,7,irregular,1,3.03280872902289,4211,266.485,73.2230272720254,0.928965365100375,0.610213223935604,0.640943683409437,83.3995470660854,66.0722257685484,0.745160059616277,1.26224818516384,1.36531310052553,0.331789220683691,2.74673938751221,1.27417832612991,0.488917240669054,1.97415873167865,1.56870668714892,4.05219304098147,0.0291622573011157,0.35430121421814
0036,10,circular,1,0.464422298486363,4791,272.306,78.1030771405722,0.940702925584135,0.130646877629264,0.730669513497026,78.6081088488676,77.9343560253722,0.811935655412591,1.0086451323634,1.46317258375706,0.486920302410102,3.33201384544373,1.23140168190002,0.543336927105326,2.37795346283168,1.66844759965583,3.65629882357186,0.0308918383961006,0.405374646186829
0036,4,circular,1,0.848910469419906,17,11.421,4.65242649168128,1,0.610958500409594,0.85,5.30899411292551,4.20293221204544,1.63776098976309,1.26316434457595,1.19522429426511,0.163929174091727,1.97139918804169,1.16177421808243,0.354448189943371,1.45538909976306,1.38944462122847,4.08375030180298,0.053821727807351,0.209992408752441
0036,14,circular,1,1.44289175962874,5469,303.882,83.4466720136675,0.921638018200202,0.174734867608024,0.706315381635025,84.4809185891274,83.1812237504683,0.744231135797509,1.01562485835215,1.58364977477625,0.522144102933345,3.87128400802612,1.36421728134155,0.613031634291995,2.78056787393544,1.42678172903193,3.89355995079716,0.0403485821724939,0.607997536659241
0036,9,irregular,1,5.03190366015532,5573,277.731,84.2363578439207,0.960530851430541,0.274968228466424,0.745053475935829,86.0662622358385,82.7486929756033,0.907925452847415,1.04009210467183,1.71641032010348,0.791552297888231,4.41215515136719,1.33647567033768,0.704991462164908,3.57259176233291,1.46598717748254,3.98135784309569,0.0551083059618225,0.816970705986023
0036,1,circular,1,0.926425626160355,3342,250.614,65.2316377113507,0.875786163522013,0.428501213979262,0.672705314009662,69.4018751220516,62.7074538956819,0.668660475916117,1.10675638716741,1.45790149285286,0.475553996278365,3.58918237686157,1.35128539800644,0.598960482302436,2.35161147917177,1.8290121634833,3.90790720886059,0.0355711850875495,0.455245494842529
0036,NaN,unmatched,0,NaN,42,22.95,7.31273279143145,0.91304347826087,0.769670735975589,0.583333333333333,9.50821150793156,6.07043241854337,1.00206011135904,1.56631535488095,1.53843250033891,0.191929425438328,2.66964077949524,1.52191507816315,0.449319801644853,2.40356609680235,1.19515177027132,3.62190996912828,0.0361749505487319,0.160495400428772
0036,6,irregular,1,10.4211877117625,7741,579.134,99.27813110547,0.694135581061693,0.747017846157619,0.45237260402057,136.793605809692,90.9409341670795,0.290033929540213,1.50420277801821,1.50669289163131,0.707584292281293,4.75510358810425,1.26733988523483,0.805628588925432,2.77078944404009,2.50621571961901,3.34600759390625,0.0438999897816965,0.293759226799011
0036,11,circular,1,0.735502408771456,13,9.461,4.06842894512822,1,0.505789614981344,0.8125,4.47037145070718,3.85639661754271,1.82506834014148,1.15920946262931,1.05688979590519,0.150215697902384,1.73569250106812,1.01658070087433,0.363238188380831,1.13954162166137,2.19507078254741,3.84472666439641,0.0563656159299053,0.133065402507782
0036,NaN,unmatched,0,NaN,62,27.151,8.88486644658096,0.925373134328358,0.628764856973551,0.704545454545455,10.3114559072145,8.01814166558399,1.05689025622263,1.28601568010129,1.41812518293956,0.121518895054907,1.74239134788513,1.41977947950363,0.22970076086075,2.02582886385212,-0.190520535922644,4.46945361989389,0.032782967339235,0.130290031433105
0036,16,irregular,1,5.09300178414568,767,102.369,31.2501956923772,0.939950980392157,0.588266836790902,0.706912442396313,34.9842300990465,28.2905883315193,0.919746843919702,1.2366031306627,1.50876932604271,0.317001411580623,2.79416084289551,1.38002967834473,0.395819274992944,2.37684587282996,2.04736355215984,3.71261846731364,0.0412203263543826,0.249608159065247
0036,17,irregular,1,0.558738193619386,1945,193.904,49.7639519583191,0.864444444444444,0.555887009810583,0.670689655172414,55.8694994931453,46.4419606723621,0.650063726954057,1.2029961415129,1.43918422119773,0.307282904047637,2.55671191215515,1.38345068693161,0.465778038576153,2.16566374231848,1.17509112716559,4.3790771439986,0.0364304652962974,0.355848550796509
0036,2,irregular,1,2.47049431175867,673,97.258,29.2726871606753,0.929558011049724,0.569246913602237,0.706932773109244,32.5530412035461,26.7640238632189,0.894075633606122,1.21629846729747,1.53333762126204,0.287968456240006,2.6973032951355,1.44682991504669,0.399210691418153,2.43402449817427,1.85484775723922,3.92100716341635,0.045545505210526,0.204596877098083
0036,3,irregular,1,6.78733035896662,216,73.407,16.5837191746241,0.712871287128713,0.784743151136717,0.48868778280543,23.5474177522288,14.5951861974265,0.503719384281575,1.6133687802065,1.28303158024083,0.226470638707142,1.89338278770447,1.23489940166473,0.340348423081626,1.69742885157337,0.439427454268818,4.65508229786485,0.0516402464307192,0.394700765609741
0036,20,circular,1,1.23077370023883,2988,210.767,61.680140723483,0.935211267605634,0.326160915569457,0.753024193548387,63.6801248964811,60.1977303788485,0.845250097009529,1.05784926600582,1.46999918690535,0.473426296600493,3.48348999023438,1.37323713302612,0.594666319155784,2.3850112014467,1.77719631321728,3.96187221923284,0.0348457876927177,0.451813220977783
0037,10,circular,1,0.689215487409903,4012,228.473,71.4719319276978,0.980210114830198,0.324219799355091,0.797297297297297,73.6755867532514,69.6957624507127,0.965830731027844,1.05710281604786,1.51036456850308,0.625334112134942,3.71351647377014,1.16137039661407,0.630434222521144,2.67221172346808,1.21493375883391,3.87627516265674,0.0403492277625318,0.809150457382202
0037,9,irregular,1,3.80690322789335,231,61.423,17.1498785661538,0.898832684824903,0.861299595892727,0.634615384615385,24.7259505081154,12.5631920958684,0.769413488058643,1.96812643788571,1.36924930576168,0.244638157665155,2.22149753570557,1.28662943840027,0.3726186500465,1.93465322363985,1.2565562824623,4.29536939390908,0.0514474162523498,0.261110544204712
0037,18,circular,1,1.06621875050874,2873,232.518,60.4815443918566,0.886181369524985,0.439983595821011,0.670009328358209,65.0622579469245,58.4262856703234,0.667778346702404,1.1135785408993,1.49769374085417,0.432218270680763,3.38774847984314,1.39333212375641,0.562584488401931,2.42988467081758,1.83876174280468,3.97967996651604,0.0341959387292009,0.402348637580872
0037,15,irregular,1,5.07732141390901,13,10.495,4.06842894512822,1,0.647467353462031,0.65,4.84635734208482,3.69337591385248,1.48316111405549,1.31217548798863,1.25980725497007,0.183309643130438,1.72808241844177,1.23665332794189,0.30144906249596,1.62066074089773,0.526183657082603,4.74490547573907,0.0621229621249828,0.266652941703796
0037,11,circular,1,0.904169504652042,4204,230.747,73.1621421642821,0.983161833489242,0.255319836891587,0.788890973916307,74.5001140822262,72.0309306968952,0.992202791708723,1.03427948745687,1.59953708777277,0.716315129909815,3.99501442909241,1.23298698663712,0.670118108172167,3.07158585834358,1.23123687596809,4.0244544880541,0.0474066468787442,0.897218465805054
0037,14,irregular,1,12.8495713727482,449,94.223,23.909925879979,0.831481481481481,0.663551235352264,0.579354838709677,28.9561092939566,21.6629584524999,0.635539209517666,1.33666458149972,1.50491226608545,0.147526125321982,1.9664055109024,1.48409783840179,0.258134532428012,2.28651681058695,0.502053347883274,4.48701648808711,0.0438526616696069,0.197943806648254
0037,NaN,unmatched,0,NaN,38,40.176,6.95579633830205,0.844444444444444,0.987847870403085,0.603174603174603,19.7694750805147,3.07264867940057,0.295842163547526,6.43401740428437,1.27848993714263,0.221748367798375,1.91553258895874,1.23659670352936,0.345443282882374,1.68361660220141,0.742240718345615,4.62431678511659,0.0575728956451735,0.338044404983521
0037,NaN,unmatched,0,NaN,19,16.102,4.91849075936593,0.863636363636364,0.926044705894336,0.542857142857143,8.52694705100537,3.21818778550546,0.920881652755913,2.64961140223397,1.48901339990121,0.0978819589806891,1.71515488624573,1.49506163597107,0.164581675107825,2.22672758908609,-0.197436534878912,4.65404563134849,0.0351997852649857,0.137588500976562
0037,NaN,unmatched,0,NaN,358,80.502,21.3499357613832,0.824884792626728,0.703802325547961,0.681904761904762,26.4947822938776,18.8217838144417,0.694191913486003,1.40766584905457,1.5255244667291,0.141118509423255,1.9871062040329,1.49476945400238,0.23519378488166,2.34712853855993,0.690679874530832,4.48276564647963,0.0495372441610921,0.197906255722046
0037,2,circular,1,0.727850219521016,4122,232.046,72.4451061383607,0.972169811320755,0.32180860657377,0.742702702702703,74.5782203922581,70.6110127669888,0.96198805298415,1.05618397852982,1.48770749462451,0.662171482198575,4.19165563583374,1.19170016050339,0.683141921186782,2.65171810670715,1.79874116393588,3.73042086304767,0.0421421007018558,0.628256916999817
0037,4,irregular,1,10.5377791646297,6405,380.034,90.3055883322218,0.832791574567676,0.775317179261194,0.577651515151515,120.20025769651,75.9151248007778,0.557293647319199,1.58335059070176,1.39970593274618,0.491768865986644,3.7146303653717,1.20403683185577,0.612377510286413,2.20100627903869,2.11625445366232,3.55736199101351,0.0307235028005169,0.347536325454712
0037,6,circular,1,0.697579968917465,5173,266.98,81.1570586265606,0.965472191116088,0.19950083390801,0.769791666666667,82.0517324909055,80.4023003819401,0.912000097972005,1.02051473777653,1.51247447903549,0.651062338529807,4.25910186767578,1.17005795240402,0.616042817974284,2.71144019248437,1.76909552070693,3.41669053990333,0.0335482472221411,0.578350424766541
0037,20,irregular,1,1.73006183961285,394,84.067,22.3976869481126,0.901601830663616,0.815822986159107,0.609907120743034,30.6593508689187,17.7303547027203,0.700575566694315,1.72920121356707,1.39215967231327,0.283839036322206,2.43430399894714,1.26890158653259,0.366675465322632,2.0186433130155,1.77012294264649,3.805393908588,0.0478353711695114,0.232690572738647
0037,1,circular,1,0.751215276493849,4398,235.155,74.8311934806952,0.980820695807315,0.100703793431739,0.761426592797784,75.0481359466143,74.6666251274244,0.99943983265913,1.00510952274244,1.45071765144173,0.667624759869059,4.1307430267334,1.11280560493469,0.641186277110826,2.55027894322493,1.72735762581548,3.44233538314421,0.0379462616774685,0.626442551612854
0037,5,circular,1,0.656052598682235,727,92.494,30.424416987388,0.985094850948509,0.120488226443918,0.807777777777778,30.5558302567419,30.3332235855211,1.06786696631451,1.0073387080207,1.6939522610525,0.351878331815079,2.98452377319336,1.5354750752449,0.392568907228051,2.99325016141103,1.30591789842854,3.41701072288517,0.0426966500290313,0.171426773071289
0037,16,circular,1,0.699866910358148,5446,262.224,83.2710187317754,0.984276161214531,0.087321900005815,0.762745098039216,83.4449965904106,83.1262489908929,0.99527392277513,1.00383449997308,1.60763957508567,0.829861335820313,4.71243333816528,1.20311045646667,0.660256908188268,3.2731427522025,1.80414229012835,2.93989604630029,0.0414990456183615,0.543848752975464
0037,13,irregular,1,0.635330247473485,3092,226.456,62.744375623008,0.919143876337693,0.220118383494266,0.689409141583055,63.8006107722153,62.2357837716469,0.757672780562378,1.02514352524763,1.45614710320162,0.290862083555549,2.36849164962769,1.36542093753815,0.409345432296619,2.20495895580678,1.04020682495055,4.382710642887,0.0303224123149969,0.361360192298889
0037,12,irregular,1,3.36693398825099,253,65.459,17.9479693786789,0.837748344370861,0.734991908201848,0.585648148148148,22.3689785785492,15.1678647657345,0.741979065958703,1.47476120891337,1.44658087757216,0.283263994376019,2.47616219520569,1.34417766332626,0.396269570510842,2.17278673633946,1.66033234373942,4.07334643874282,0.0527441722413685,0.236331939697266
0037,8,irregular,1,7.96345012542689,188,59.389,15.4715556557901,0.858447488584475,0.868243863416947,0.522222222222222,23.0657086555779,11.4437670898131,0.669816263177362,2.01556956503512,1.35581816670142,0.220530758888554,2.22581481933594,1.298843562603,0.34357201855392,1.88684472084222,1.64332038745064,4.09621728326585,0.0541950139253464,0.180999040603638
0037,NaN,unmatched,0,NaN,204,81.717,16.1164781241428,0.914798206278027,0.980637182307963,0.6375,38.6962464914804,7.57801713427937,0.383897428138446,5.10638149872172,1.23034375465435,0.278141949150415,1.93138957023621,1.12132769823074,0.37707123739196,1.5910606469762,1.11613798519746,4.47629812769522,0.046031795052964,0.336341023445129
0038,17,irregular,1,12.4400583608808,10401,607.837,115.07808003608,0.844305544281192,0.708407478519911,0.627132951462165,143.873025038226,101.546111510854,0.353761604432536,1.41682456272929,1.205884112627,0.135103900399723,2.02337336540222,1.16883486509323,0.432037949167728,1.47240913180744,1.53715354913718,3.5625494020619,0.0229241066483136,0.138491272926331
0038,NaN,unmatched,0,NaN,586,136.567,27.3151674571987,0.667425968109339,0.902962181310312,0.478367346938776,48.6854687326521,20.9211207977279,0.394835270869566,2.32709658356064,1.15507265017434,0.0859121068283925,1.41142857074738,1.1579949259758,0.198129943473238,1.34157222014251,0.0835400443673586,4.52038784604514,0.0188674389959699,0.138282775878906
0038,NaN,unmatched,0,NaN,68,50.49,9.30485298336256,0.527131782945736,0.801932370378923,0.290598290598291,17.4298518538758,10.412851898103,0.33520310690877,1.67387878214719,1.18855344963986,0.0428432103589374,1.30140042304993,1.19197273254395,0.105990104589449,1.41449337957613,-0.307293589146523,4.44254976851402,0.0182944114605217,0.0556100606918335
0038,NaN,unmatched,0,NaN,40,22.47,7.13649646461108,0.851063829787234,0.839097087827858,0.625,10.0977179216312,5.49297364292195,0.995551452917527,1.83829717345226,1.20341663397088,0.044080138237825,1.31267046928406,1.20263433456421,0.0965378452448063,1.45015217511382,0.0412135343718383,4.55572331785132,0.0203527901730336,0.06899094581604
0038,3,irregular,1,11.4601566572041,83,48.596,10.2800234539138,0.610294117647059,0.907977620827881,0.432291666666667,18.6183308507739,7.80142810334738,0.441658821857783,2.38652854376563,1.13518005894083,0.0982037506140788,1.46839642524719,1.13745510578156,0.292536593471242,1.29826937134408,-0.1731363809068,4.20520559429202,0.0524450255493152,0.10848605632782
0038,NaN,unmatched,0,NaN,9,8.328,3.38513750128654,1,0.760175561368687,0.75,4.4645049379061,2.90066796992654,1.63068824464419,1.53912994668575,1.14576751382455,0.0888071451069111,1.40108680725098,1.15856927633286,0.271646536653405,1.32065561724137,-0.977905761356429,4.03854042135527,0.0462710662323499,0.0827306509017944
0038,NaN,unmatched,0,NaN,59,28.21,8.66724484131922,0.893939393939394,0.762872927815808,0.546296296296296,11.1882426839806,7.23374094658857,0.931656253401046,1.54667450308086,1.15786325533328,0.0644079964183939,1.32650423049927,1.1553105711937,0.213440838889018,1.34479123780577,-0.604261083564763,4.01905546796102,0.0287968270341742,0.0814037322998047
0038,6,irregular,1,5.71470200477734,8536,611.628,104.251488017483,0.813804938507007,0.592092670248513,0.609714285714286,124.695220214736,100.488122642053,0.286740839572457,1.24089511214088,1.1865160033172,0.145690682009527,2.28479313850403,1.15245240926743,0.443984386911669,1.42904551221693,2.77386756325235,3.21713610842378,0.0203354885002614,0.122846007347107
0038,NaN,unmatched,0,NaN,29,18.641,6.0765077797465,0.852941176470588,0.781142483407924,0.604166666666667,7.99043282158225,4.98884911654874,1.04874390298613,1.6016585458712,1.15574422298552,0.0434714663501163,1.27946925163269,1.14964193105698,0.101449879202389,1.33763188151533,0.474082165026534,4.50489758773072,0.0162718141627191,0.0545620918273926
0038,NaN,unmatched,0,NaN,217,106.827,16.6220630851748,0.463675213675214,0.949484533395252,0.254994124559342,41.7998324347647,13.1173655725774,0.238950274156959,3.18660269117983,1.14247890958959,0.0874848263571292,1.50960910320282,1.14474821090698,0.30583301020971,1.31290934492301,-0.188046217010603,3.97497287382787,0.0411958732442647,0.105201244354248
0038,NaN,unmatched,0,NaN,114,46.247,12.0477926650407,0.814285714285714,0.829861877445786,0.558823529411765,17.0829756546539,9.53176869073945,0.669803764290806,1.79221466748882,1.19011440621437,0.0428683067020039,1.31636536121368,1.18696403503418,0.0973226454459136,1.41820843949399,0.280582538166261,4.52903314791,0.0187340623963479,0.0582945346832275
0038,3,irregular,1,6.90147500991781,34,26.895,6.57952464247954,0.68,0.85018383929029,0.386363636363636,11.2398255693011,5.91761007042694,0.590671047433279,1.89938597432632,1.13315630597728,0.114639513120691,1.50960910320282,1.13574385643005,0.305140277505377,1.2971702909405,0.0673268415758148,4.3371578855642,0.0652782823497056,0.129719972610474
0038,NaN,unmatched,0,NaN,14,14.233,4.22200824564475,0.823529411764706,0.923050443494372,0.666666666666667,7.68098676692552,2.95471376664095,0.868450362916376,2.59957050785925,1.17502797782517,0.0532458167559723,1.32650423049927,1.17004799842834,0.110819185829941,1.38352130026812,0.354305728730545,4.62102477022282,0.0231088977617096,0.0739539861679077
0038,NaN,unmatched,0,NaN,8,8.237,3.19153824321146,0.888888888888889,0.760668121078518,0.666666666666667,4.39189160894492,2.85095681516678,1.48170490665523,1.54049741672007,1.11957752477864,0.0633797077543177,1.28222358226776,1.12512880563736,0.229394659712182,1.25746354419347,-1.43468985111533,3.74087587316622,0.0306085127957314,0.0545456409454346
0038,NaN,unmatched,0,NaN,21,16.772,5.17088294582641,0.875,0.883244650195833,0.5,8.14668238154924,3.82008081345417,0.938122281946318,2.13259425111033,1.15523316819444,0.0866710218310296,1.50044095516205,1.15731847286224,0.287406933530155,1.34206483825793,-0.330554204114442,3.94709415460824,0.0453635989475081,0.0933073759078979
0038,NaN,unmatched,0,NaN,3240,489.981,64.2284681814998,0.574671869457254,0.974391401444011,0.199507389162562,159.112376653166,35.7777886620785,0.169588498405425,4.44723898830037,1.17042806863578,0.0876377444120959,1.84942519664764,1.15656888484955,0.394783410719519,1.37758208994078,0.904567709015489,3.31212754085702,0.0214140467577612,0.10279643535614
0038,NaN,unmatched,0,NaN,777,173.072,31.453253031431,0.652392947103275,0.882800715503574,0.407232704402516,53.3692591856827,25.070086472049,0.325969718997975,2.1288023575501,1.18402128807049,0.081983805457841,1.50960910320282,1.17670339345932,0.290198740077763,1.40862680400725,0.12947958721234,3.95490711088307,0.0233894423111112,0.113946676254272
0038,NaN,unmatched,0,NaN,136,55.7,13.1590492849591,0.723404255319149,0.867707669427738,0.441558441558442,20.7213568763164,10.3000652342342,0.550856377797462,2.01176947961894,1.15672409008531,0.0675609465249505,1.32004845142365,1.16368198394775,0.155199049248512,1.34257190566342,-0.309596125973206,4.55953356059674,0.0217135789790397,0.101203203201294
0038,NaN,unmatched,0,NaN,216,74.656,16.5837191746241,0.72,0.902428172080619,0.514285714285714,27.0725376934519,11.6639412082773,0.487005853227282,2.32104545196437,1.17642881393433,0.0487033381298864,1.32023954391479,1.17666053771973,0.115579854944033,1.38635548722956,-0.0927276007221857,4.48570450388115,0.0192306878895338,0.0661165714263916
0038,NaN,unmatched,0,NaN,58,35.777,8.59347971398312,0.716049382716049,0.893105352253078,0.42962962962963,15.0672800932336,6.77797922829777,0.569416458158938,2.22297525349862,1.1724955867664,0.0523902293405638,1.28006112575531,1.1759238243103,0.134712794584517,1.37748793294351,-0.728546809014506,4.37438729971639,0.0192723234866861,0.067480206489563
0038,NaN,unmatched,0,NaN,36,23.694,6.77027500257308,0.8,0.899500489718259,0.6,11.3515616852097,4.95972150733645,0.805815462310269,2.28874981557299,1.16544940563349,0.0499992030424893,1.30832636356354,1.16557782888412,0.11942597865295,1.36076903237029,0.164736556896286,4.49123871119456,0.0227202559421346,0.0718649625778198
0038,20,irregular,1,6.63782541734286,4089,263.97,72.1545320712572,0.904445919044459,0.370533718362549,0.664878048780488,75.5312022463253,70.1548169100459,0.73742495393857,1.07663601122604,1.21707139379604,0.201270957200932,2.268550157547,1.16448974609375,0.441115765671352,1.52177066261162,1.67628971903736,3.82781628657381,0.0255872732800154,0.187855124473572
0038,NaN,unmatched,0,NaN,2083,295.985,51.4991065134469,0.601154401154401,0.944393814483142,0.308821349147517,107.920849532929,35.4861613528268,0.298785645761251,3.04120945796049,1.15961071544098,0.0812981340766862,1.60766458511353,1.15407860279083,0.32690415468165,1.35130610625492,0.353047576713778,3.68473109961155,0.0219535786604507,0.10158097743988
0038,NaN,unmatched,0,NaN,100,44.866,11.2837916709551,0.757575757575758,0.838432736846487,0.444444444444444,17.4256475637501,9.49706658135229,0.624273874022194,1.83484525610947,1.14202092822717,0.0872235544846078,1.4035005569458,1.14762878417969,0.255768117645518,1.31181353839561,-0.401477157458771,4.25503596637144,0.038943112907213,0.0942860841751099
0038,NaN,unmatched,0,NaN,52,24.43,8.13685789025644,0.912280701754386,0.579592784286222,0.722222222222222,9.26691386495859,7.55166607290322,1.09487937240332,1.22713501570336,1.09655895586965,0.115262350400283,1.45872414112091,1.08817058801651,0.273711351379737,1.21571059177608,0.434951602506191,4.5387125348044,0.055705020737055,0.150526642799377
0038,18,circular,1,0.606587813190174,5537,272.446,83.9638455479416,0.96783779059605,0.152793489142246,0.766472868217054,84.526292325941,83.533796366684,0.937396905299962,1.01188137020494,1.34212758430714,0.50730220918833,3.77619528770447,1.15115666389465,0.616476402826334,2.05865007380874,2.26953002318724,3.19552102266842,0.0312231583437026,0.191827297210693
0038,NaN,unmatched,0,NaN,31,22.487,6.28254931431422,0.837837837837838,0.821396404719873,0.516666666666667,9.14982571010859,5.21867387118306,0.770386241582588,1.75328559246304,1.14464417390334,0.0972752792385747,1.45872414112091,1.15325134992599,0.26218129971564,1.31966063341725,-0.0761307114948878,4.27259657023691,0.042306819138348,0.102378010749817
0038,12,irregular,1,7.69876396118586,31,20.692,6.28254931431422,0.911764705882353,0.919507768941649,0.574074074074074,10.384793651613,4.08196983578171,0.909843335732352,2.54406428008898,1.1030743924471,0.119679567765099,1.60766458511353,1.09170478582382,0.32690415468165,1.23107731792792,0.825807756404231,4.17809196161917,0.0602910749851341,0.13700795173645
0038,12,irregular,1,9.41578821404159,91,33.743,10.7640512155461,0.938144329896907,0.445420739849892,0.583333333333333,11.6294981654322,10.4121382879028,1.00434719845921,1.11691737507403,1.1321182165182,0.129980095173084,1.60766458511353,1.12800025939941,0.32690415468165,1.29857048242611,0.492033162143966,4.32462447489537,0.057466487935647,0.149425506591797
0038,NaN,unmatched,0,NaN,17968,589.281,151.253324392561,0.912127519163409,0.761689006752844,0.73518821603928,189.403743958727,122.722789987045,0.650226590925855,1.54334613789925,1.26559983167741,0.266448259546408,2.93129396438599,1.16313660144806,0.582812949958083,1.67273662390515,1.91785236054052,3.27987280304329,0.0243710293523429,0.199438214302063
0038,NaN,unmatched,0,NaN,68,33.031,9.30485298336256,0.80952380952381,0.832728438004979,0.62962962962963,13.4386201917755,7.44071714654764,0.783204786156243,1.80609206439339,1.13631712658138,0.107643398772718,1.60012912750244,1.13302451372147,0.324804473767519,1.30279122736097,0.491558203532079,3.98526647408273,0.0411861169003087,0.104678511619568
0038,NaN,unmatched,0,NaN,32,26.225,6.38307648642292,0.727272727272727,0.954266454381441,0.380952380952381,13.1491841405412,3.93104605732464,0.584694284588245,3.34495804648245,1.17531583941093,0.0432520873651425,1.28109204769135,1.17905443906784,0.109092047151727,1.38323590021978,-0.370570308998632,4.44736942464045,0.0189895970836345,0.056157112121582
0038,NaN,unmatched,0,NaN,205,78.113,16.1559310060024,0.667752442996743,0.819885200119783,0.482352941176471,24.878546563013,14.243663373364,0.422198892637501,1.74663960463545,1.16027825727119,0.0670464779917734,1.29312598705292,1.17245161533356,0.13572384416044,1.3507381646694,-0.515565770602081,4.66611393659547,0.018794413592135,0.101017594337463
0038,NaN,unmatched,0,NaN,26,22.462,5.75362739175159,0.8125,0.901616982411171,0.472727272727273,9.83740102505562,4.25502355932146,0.64756947096964,2.31194983715304,1.15861777451731,0.06657153085768,1.28539526462555,1.17599391937256,0.12879889028302,1.34682119773691,-0.826308279003758,4.57557860757433,0.0203144712542511,0.0766751766204834
0038,10,circular,1,1.63285538119732,10239,397.898,114.17836790979,0.946128257253742,0.301835495289501,0.735401853048912,117.13906851222,111.675705071207,0.812688088915254,1.04892168298852,1.24883109355193,0.274150585558379,3.12882423400879,1.15257060527802,0.544283850726037,1.63473583773961,2.76350979685384,3.04825370529696,0.021773827808925,0.157337188720703
0038,NaN,unmatched,0,NaN,13,10.776,4.06842894512822,0.928571428571429,0.684635109388063,0.65,5.07251946167212,3.69728830202287,1.40681843566787,1.37195670104947,1.15910882751147,0.0486922929245807,1.2952071428299,1.16580331325531,0.107131782898342,1.34590026183961,-0.1985659638212,4.56541934848349,0.018998608681257,0.074828028678894
0038,NaN,unmatched,0,NaN,44,33.172,7.48482063701911,0.6875,0.947942614289852,0.376068376068376,14.6886015228849,4.677455944991,0.502480516823883,3.14029713922044,1.17328810274539,0.0599422075545177,1.3006284236908,1.18651473522186,0.135693047763213,1.3801942857781,-0.600272562965365,4.46797265767058,0.0183790784749076,0.0945676565170288
0038,NaN,unmatched,0,NaN,131,59.67,12.9148898702353,0.668367346938776,0.479522698313735,0.459649122807018,15.3256405887954,13.4487013600796,0.462348107171155,1.13956286026896,1.17109667102059,0.0494454133172471,1.30487751960754,1.16884362697601,0.122008821204101,1.37391047067553,-0.00964212597582211,4.45893805439118,0.01906184866283,0.0633264780044556
0038,NaN,unmatched,0,NaN,71,46.76,9.50789186287878,0.62280701754386,0.941324496814072,0.328703703703704,19.2229670515186,6.487806676232,0.408055473566265,2.96293770927881,1.17510929537055,0.055039715779681,1.3006284236908,1.18525820970535,0.110968418979669,1.38390873512089,-0.231695181355271,4.65008010476211,0.0188574315980699,0.0928882360458374
0038,NaN,unmatched,0,NaN,52,35.686,8.13685789025644,0.702702702702703,0.902499487690662,0.393939393939394,14.4742243066984,6.23391708624025,0.513118254660969,2.32185062881996,1.18007832825665,0.0488039201012752,1.30482244491577,1.18417865037918,0.118167747064395,1.39496428240738,-0.267307295979335,4.44855726325758,0.0176062541245848,0.0731989145278931
0038,NaN,unmatched,0,NaN,21,21.081,5.17088294582641,0.636363636363636,0.901010670618787,0.375,10.0100402493234,4.34232467110976,0.593808954327373,2.30522611906981,1.17376082268342,0.0649705915298363,1.30482244491577,1.19270825386047,0.118167747064395,1.38193006306171,-0.406724781323417,4.6796897327695,0.0191272211271821,0.112406730651855
0038,NaN,unmatched,0,NaN,33,37.382,6.48204481442857,0.471428571428571,0.958027604586135,0.244444444444444,18.3750784909507,5.26769335649389,0.29675547320069,3.48825894891895,1.19783295070009,0.0411569833852878,1.31654703617096,1.20282435417175,0.106893753004269,1.43649600619995,-0.509707116138203,4.30672230540642,0.0181163460321068,0.0536051988601685
0038,NaN,unmatched,0,NaN,485,102.642,24.8499734244637,0.774760383386581,0.824701420487394,0.48989898989899,34.372093626429,19.4397685373763,0.578497372955758,1.76813286435704,1.16753181544545,0.0899691902522209,1.53672337532043,1.16835737228394,0.286668381263655,1.37122254537635,-0.122629687639362,4.05885508238614,0.0231004351453409,0.114459037780762
0038,NaN,unmatched,0,NaN,449,150.403,23.909925879979,0.548899755501222,0.784552816536387,0.371381306865178,38.6142187330429,23.9432095160996,0.249426852896283,1.61274196373207,1.15984826125904,0.0769812253249806,1.33985352516174,1.17713809013367,0.19552043057646,1.35117269023686,-0.732959180834187,4.41228193185997,0.0198021066093092,0.103505969047546
0038,NaN,unmatched,0,NaN,138,69.611,13.255453865238,0.63013698630137,0.962174475660702,0.368,29.3730041648072,8.00220469485821,0.357876519551743,3.6706139476388,1.17991852703549,0.0646494111074331,1.32172346115112,1.19801306724548,0.160953595054213,1.3963846231179,-1.17009040019126,4.19492526876174,0.0194240258749101,0.0648684501647949
0038,NaN,unmatched,0,NaN,22,17.971,5.29256742840123,0.785714285714286,0.835559249521065,0.523809523809524,8.19025435529087,4.49972857926998,0.85602816976991,1.82016630803532,1.1790530487423,0.0401379061923814,1.28857612609863,1.17867833375931,0.0981727548339606,1.3917734983491,-0.0703427894310287,4.45658426727487,0.0174280466489655,0.0518647432327271
0038,NaN,unmatched,0,NaN,9,13.216,3.38513750128654,0.642857142857143,0.889006578144685,0.375,6.96992324875431,3.19148899500524,0.647518697581426,2.1839095355373,1.1862781552168,0.0332048732048066,1.27898013591766,1.18524181842804,0.0750367497623872,1.40835665822027,0.0755333125041274,4.5701708877854,0.0170391382944012,0.046011209487915
0038,NaN,unmatched,0,NaN,17,13.588,4.65242649168128,0.894736842105263,0.557116957885644,0.566666666666667,5.5325919826259,4.59445271328774,1.15703823047701,1.20418955812189,1.16123074843333,0.0499627927276017,1.30649173259735,1.1579607129097,0.108562178888453,1.3509492913324,0.300769558083793,4.59432669878791,0.0193547140828891,0.0716102123260498
0038,11,circular,1,0.451341915693453,4832,255.625,78.4365570391785,0.962933439617377,0.14590197390771,0.727710843373494,79.0122337221348,78.1667279065983,0.929244798811424,1.01081669705487,1.26984625274723,0.284391252329488,2.93129396438599,1.18823128938675,0.582812949958083,1.69338385013839,1.40744692357035,3.67438985096587,0.0325091665940043,0.249758124351501
0038,NaN,unmatched,0,NaN,24,16.863,5.52790639154137,0.857142857142857,0.769569193693526,0.571428571428571,7.23250596847817,4.6184138299655,1.0605995187213,1.56601513739452,1.17569251532568,0.0441315767096264,1.30649173259735,1.1755695939064,0.104814596361232,1.38419771230234,-0.00973349805014595,4.51703623495905,0.0199793064553778,0.0591229200363159
0038,NaN,unmatched,0,NaN,10,10.404,3.56824823230554,0.833333333333333,0.685816351741078,0.5,4.69419390847437,3.4163152981405,1.16093840138297,1.37405171912248,1.16053796251615,0.0539100000175556,1.28205788135529,1.17109018564224,0.106252962760343,1.34974980672952,-0.367076908543112,4.59795252809266,0.0182977812495105,0.0880403518676758
0038,NaN,unmatched,0,NaN,9,8.626,3.38513750128654,1,0.50395263067897,0.5625,3.94405318873308,3.40660215927909,1.5199645737668,1.15776747748194,1.18871479129626,0.0488910756527236,1.27898013591766,1.19800174236298,0.118501357929488,1.41542904243387,-1.31694016770825,4.24173053197286,0.019500613766191,0.0464969873428345
0038,NaN,unmatched,0,NaN,110,52.822,11.8345405454064,0.718954248366013,0.912768274873785,0.458333333333333,20.9792824131293,8.56957018301518,0.495419238486336,2.44811372858701,1.19535073079169,0.0450147716053496,1.35340535640717,1.19197940826416,0.124078254676709,1.43088811619685,0.304804635188208,4.27904810860896,0.0199853295722235,0.0623613595962524
0038,NaN,unmatched,0,NaN,11,10.685,3.74241031850956,0.846153846153846,0.705623720556603,0.55,5.03663470328454,3.5688925538971,1.21074726361636,1.41125983122824,1.18118457804124,0.0490123617624651,1.28692817687988,1.18964457511902,0.137504626316146,1.39759521532197,-1.30664115707194,4.06823024540551,0.017886777368928,0.0435817241668701
0038,13,circular,1,4.64158002641532,1439,362.278,42.8041085046038,0.418435591741785,0.587842720139595,0.315985946420729,89.0830052162948,72.0659453841425,0.137780175927859,1.23613177821291,1.13949525705181,0.211025183721733,2.64710688591003,1.10101306438446,0.551364102537948,1.34297784301386,2.39000987884623,3.4938273808345,0.0342910825951675,0.207219004631042
0038,NaN,unmatched,0,NaN,10,10.015,3.56824823230554,0.833333333333333,0.872062650801419,0.666666666666667,5.58526678178884,2.73339745425227,1.25287561561893,2.04334235151203,1.17759435239046,0.0481688210329395,1.29282796382904,1.1841356754303,0.0984473240112239,1.38904465890974,-0.24378315794921,4.60237967150512,0.0180172160456343,0.0790672302246094
0038,NaN,unmatched,0,NaN,666,112.169,29.1200538597307,0.866059817945384,0.789177083528321,0.649756097560976,38.1064917297481,23.4037009053857,0.665178796434453,1.62822503516864,1.15048669581224,0.10353287953365,1.4347813129425,1.16111123561859,0.304173023987757,1.33433594942847,-0.668679138339079,4.2723928724434,0.0220804800857527,0.132696509361267
0038,NaN,unmatched,0,NaN,24,21.916,5.52790639154137,0.648648648648649,0.899479025878291,0.428571428571429,10.1752910434749,4.44623523175897,0.627911623055831,2.28851837860353,1.18992869421919,0.0419629448570605,1.35340535640717,1.18265372514725,0.112691506240276,1.41768885684934,0.765988707920926,4.18324157342143,0.017730436845114,0.0517797470092773
0038,NaN,unmatched,0,NaN,34,23.041,6.57952464247954,0.790697674418605,0.894806558645898,0.485714285714286,10.7263912472293,4.78884086037412,0.804796600447415,2.23987214442354,1.17895854843987,0.0498612598991238,1.3077495098114,1.1894103884697,0.150665795518946,1.39242633486307,-1.036310366919,4.07352633571408,0.0184514571619754,0.0547964572906494
0038,NaN,unmatched,0,NaN,4853,805.582,78.6068159296619,0.311149580047445,0.850280637965864,0.212106643356643,231.775075462258,121.990080306134,0.0939724712406956,1.8999501834954,1.15462551719898,0.193901666309768,3.12882423400879,1.14610624313354,0.839102028574737,1.37075745485143,2.22233304792918,2.32488648395231,0.0208405127016921,0.100176811218262
0038,NaN,unmatched,0,NaN,11,10.197,3.74241031850956,0.916666666666667,0.869581129595822,0.733333333333333,5.64895685580251,2.78939894894549,1.32940623274451,2.02515199840384,1.19579442646192,0.0265395835757933,1.28720617294312,1.19569659233093,0.0698905266069907,1.43062743489813,0.129411352568995,4.2929672445004,0.0158642673841765,0.0312917232513428
0038,NaN,unmatched,0,NaN,19,13.952,4.91849075936593,0.95,0.754301819485436,0.633333333333333,6.3016524847933,4.13721010434686,1.22656489225769,1.52316472353491,1.18871016043883,0.0502367517621059,1.31465423107147,1.18512785434723,0.123814418134753,1.41555169409469,-0.0703826615825524,4.40638754299535,0.0195629414544966,0.0739761590957642
0038,NaN,unmatched,0,NaN,402,112.343,22.6239319523273,0.660098522167488,0.767313883885855,0.441758241758242,33.1861377346464,21.2813312299896,0.400261559348876,1.55940140097442,1.15706716864963,0.0880132199870435,1.39703619480133,1.16796565055847,0.21624030835486,1.34654831756386,-0.629080147446901,4.43452980694435,0.0213750161645673,0.106059432029724
0038,13,circular,1,0.736433938279787,19,12.918,4.91849075936593,0.95,0.384633945785502,0.76,5.25549360112437,4.85118421637916,1.43078014422858,1.08334241016454,1.09195595407486,0.109700153018417,1.74496424198151,1.08811163902283,0.321835207043505,1.20438267461408,1.89306513078949,3.75175953842639,0.05008730045532,0.120437145233154
0038,NaN,unmatched,0,NaN,112,69.032,11.9416426428837,0.523364485981308,0.744155127261573,0.333333333333333,20.5278498297895,13.7127442240686,0.295343199077854,1.49699064566223,1.18063950373067,0.0467450074945032,1.31808650493622,1.18354141712189,0.155630547364576,1.3960932530779,-0.39237286268737,4.05502448466067,0.0194379264325604,0.055869460105896
0038,NaN,unmatched,0,NaN,12,11.81,3.90882009522336,0.923076923076923,0.898436749208015,0.48,6.48158355955518,2.84608251314243,1.08116334893441,2.27737022016228,1.15660433101654,0.0538335209371127,1.28530550003052,1.1587997674942,0.121544817692031,1.34062698962594,-0.393596692032116,4.521401946913,0.0218731605663234,0.0699622631072998
0038,NaN,unmatched,0,NaN,113,71.662,11.9948350782774,0.515981735159817,0.909823541996238,0.362179487179487,24.1801722416473,10.0346585154014,0.276509755529165,2.40966568065421,1.19465057697633,0.0363161823199774,1.29731059074402,1.19499188661575,0.0885210339110886,1.42850797020003,0.0296217358425317,4.46690064360959,0.0164126748705441,0.0501675605773926
0038,13,circular,1,13.1206718460234,8,8.626,3.19153824321146,1,0.868041228443983,0.5,4.93979466551311,2.45256912832949,1.35107962112604,2.01413065526016,1.09931613742891,0.0999097867799338,1.74496424198151,1.08103889226913,0.309459074430661,1.21846060570483,2.2500260904116,3.66873023924439,0.0459298590587742,0.108898758888245
0038,1,circular,1,0.426980874691814,4535,252.028,75.9877709593719,0.960398136382889,0.269033345554181,0.717563291139241,77.8998474184025,75.0277472602014,0.897200628896425,1.03828050638706,1.2616064774729,0.311648278164083,2.95220565795898,1.18082201480865,0.588181927276321,1.68877041604478,1.87456524021345,3.71411428483325,0.0326386015428441,0.230084300041199
0038,NaN,unmatched,0,NaN,25,19.559,5.64189583547756,0.757575757575758,0.816354089134485,0.595238095238095,8.33176370578067,4.81202454458647,0.821214443855853,1.73144663510786,1.20141747041985,0.0294921631849692,1.28151643276215,1.20280361175537,0.0685702079321277,1.44427248690555,-0.158079812568072,4.47494726828104,0.0166846160760968,0.0404603481292725
0038,NaN,unmatched,0,NaN,1587,240.318,44.9514310950686,0.787593052109181,0.95998157242367,0.545360824742268,87.6998875221254,24.561508729878,0.345314002017135,3.57062298112991,1.14813360232079,0.0874768326542237,1.40675067901611,1.14946728944778,0.453431862945332,1.325862506814,-1.17349281535849,3.5452755538633,0.0193423451631518,0.0935357809066772
0038,NaN,unmatched,0,NaN,47,40.458,7.73577782789505,0.61038961038961,0.965500043713405,0.435185185185185,17.5215807300503,4.56267027525412,0.360826895579942,3.84020314268149,1.19296104065802,0.0525037029684919,1.35606729984283,1.1965663433075,0.137953625220428,1.42590989323301,-0.146946987394936,4.31094615636001,0.0185275667309653,0.0750179290771484
0038,NaN,unmatched,0,NaN,272,83.91,18.6097059667251,0.725333333333333,0.691818138898921,0.515151515151515,24.64800533169,17.7976292064977,0.485457623890613,1.38490385689637,1.16837493259282,0.0834845224468923,1.32822895050049,1.1965948343277,0.196901278159246,1.37206587713545,-1.26532859754546,4.2233984747414,0.0188268111325773,0.0819597244262695
0038,NaN,unmatched,0,NaN,84,40.731,10.3417658916528,0.831683168316832,0.940568307517537,0.466666666666667,18.5891612673952,6.31296398007912,0.636266422051889,2.94460119304565,1.18695366840277,0.0506133128520344,1.30154800415039,1.19086349010468,0.156922058374667,1.41141843113387,-0.804160619471529,4.11871685361782,0.0192952148388252,0.0641801357269287
0038,NaN,unmatched,0,NaN,24,18.914,5.52790639154137,0.8,0.65853301957994,0.571428571428571,7.05549895737864,5.30962867672036,0.843051948197006,1.3288121235884,1.18109477415384,0.0342578271258078,1.29465687274933,1.17983096837997,0.0955928249582092,1.39615679245983,-0.127774351409782,4.18707848851792,0.0156585799608418,0.0398154258728027
0038,NaN,unmatched,0,NaN,28,36.158,5.97082132144185,0.528301886792453,0.970930794334077,0.25,16.1506796155506,3.86583284714916,0.269128130459338,4.17780081398523,1.18028880760012,0.0437909415017041,1.2830491065979,1.17908930778503,0.0950903650835044,1.39499734301632,-0.112757638630086,4.61091518903112,0.01818130552046,0.0663533210754395
0038,NaN,unmatched,0,NaN,23,15.366,5.41151637980601,0.92,0.761500901002236,0.657142857142857,6.96872751647868,4.51687726380978,1.22409758841303,1.54281976451157,1.20149470382267,0.0345742576139808,1.30154800415039,1.1947910785675,0.0884324119340234,1.44478313167119,0.3453317412195,4.26744525411682,0.0179852166915011,0.0533510446548462
0038,NaN,unmatched,0,NaN,29,23.686,6.0765077797465,0.725,0.749850360731243,0.414285714285714,8.86591332949405,5.86575443457816,0.649567686121633,1.51147025133377,1.18062790705834,0.0482957126173333,1.28599011898041,1.18854892253876,0.116664911256921,1.39621185118234,-0.43383908106118,4.45792876161701,0.0193872981727962,0.0708131790161133
0038,NaN,unmatched,0,NaN,287,98.342,19.1159553603526,0.670560747663551,0.926938876027205,0.322109988776655,36.0673656936736,13.5329216418274,0.372918293343029,2.66515735834876,1.14802200484665,0.0813113412081337,1.36066877841949,1.15734124183655,0.185502586171686,1.3245639434834,-0.259114377608814,4.56810227589339,0.021015801365122,0.115900874137878
0038,NaN,unmatched,0,NaN,13,14.324,4.06842894512822,0.764705882352941,0.903481238741987,0.433333333333333,7.33213291585021,3.14275480624181,0.796204433711262,2.33302734953675,1.1732481266902,0.0444777422143208,1.28060781955719,1.17367547750473,0.0985353175350042,1.37848639284294,0.127089930925816,4.58131559229681,0.0182202308533145,0.0683760643005371
0038,NaN,unmatched,0,NaN,18,12.273,4.78730736481719,0.947368421052632,0.465043718917539,0.72,5.20611486021154,4.60890953205097,1.5016921159915,1.12957627482326,1.16385936145782,0.0526554305017677,1.30476903915405,1.16136944293976,0.109135735262502,1.35733677146336,0.19399962071551,4.64124317127281,0.0195215249460456,0.0675992965698242
0038,NaN,unmatched,0,NaN,503,112.038,25.3069059942496,0.793375394321767,0.695198056837109,0.544372294372294,31.3615561438737,22.5432585825628,0.503555279763034,1.39117226682268,1.14950558075498,0.0969281811752672,1.38966906070709,1.15691864490509,0.266181810993398,1.33075520363141,-0.427239111662488,4.37659815210352,0.0207825073358681,0.135104179382324
0038,NaN,unmatched,0,NaN,18,17.045,4.78730736481719,0.818181818181818,0.882141305647854,0.45,7.62628576171054,3.59186495790039,0.778553314590587,2.12321060259694,1.18081402318818,0.0429651681821909,1.2830491065979,1.17846024036407,0.0913920790742907,1.39616512588381,0.00715507685846826,4.61866276238997,0.0192530918321638,0.0665062665939331
0038,NaN,unmatched,0,NaN,331,114.063,20.5290596303713,0.659362549800797,0.931522440440398,0.339487179487179,40.1861195569628,14.6150426883704,0.319704153123395,2.74964092913256,1.14917147781538,0.0648423990150385,1.32268154621124,1.1494220495224,0.143821276807626,1.32479851421959,0.121192633521102,4.62770744342524,0.0198697115635979,0.103315830230713
0038,NaN,unmatched,0,NaN,24,16.119,5.52790639154137,0.96,0.625085940189764,0.571428571428571,6.4977477359881,5.07185555826524,1.1607666320065,1.2811381675488,0.981389538599895,0.198514256101692,1.41652882099152,1.04207557439804,0.488102018732261,1.00247719972517,-0.557851980527762,4.58180239845642,0.0481452450738546,0.287304937839508
0038,NaN,unmatched,0,NaN,25,20.32,5.64189583547756,0.833333333333333,0.911872240425332,0.5,9.47550736638605,3.88945070880587,0.760855992503263,2.43620708315782,0.903894448320071,0.23534810654204,1.36525809764862,0.993217170238495,0.574102754547358,0.872340053315097,-0.519837407130098,4.55705435307829,0.0491652372819628,0.36367404460907
0038,NaN,unmatched,0,NaN,1407,315.859,42.3255010536482,0.560557768924303,0.964897980149052,0.245850078630089,94.5407621304739,24.8287671648079,0.177221924884078,3.80771068909435,1.12406211920183,0.145250243976697,1.39496290683746,1.15422677993774,0.549218536790201,1.28461230187318,-2.22316095849997,3.65191942936029,0.0233376633965114,0.119243860244751
0038,2,irregular,1,7.96755075853457,11382,526.197,120.382774923058,0.882325581395349,0.425933994857971,0.624561018437226,129.486071118899,117.153071667286,0.516573008242255,1.10527252317069,1.20982054158476,0.224316179220966,2.95220565795898,1.17616897821426,0.715885392786108,1.51398256423392,2.00922948522915,3.19264590300773,0.0270560934778515,0.185627818107605
0038,NaN,unmatched,0,NaN,12,11.694,3.90882009522336,0.923076923076923,0.894846846806814,0.666666666666667,6.28981654295699,2.80760615122368,1.1027191865601,2.24027737658845,1.19560001885213,0.0334060508751166,1.29573965072632,1.195461332798,0.0851910971106304,1.43057350315336,-0.158966597795144,4.37610268556116,0.0164845249139792,0.0412604808807373
0038,NaN,unmatched,0,NaN,31,21.817,6.28254931431422,0.939393939393939,0.922203323505144,0.516666666666667,10.5536803256116,4.08116467681842,0.818429913868214,2.58594816954043,0.895198464852113,0.257370486819786,1.44769191741943,0.935521692037582,0.607615633146373,0.867534936437015,-0.529317093837961,4.57106553514612,0.0568681823129776,0.353982627391815
0038,NaN,unmatched,0,NaN,26,20.502,5.75362739175159,0.838709677419355,0.932753549433834,0.52,10.0288014627497,3.61552989313119,0.777303733391994,2.7738123481713,1.1772961730957,0.0470380941276262,1.31761288642883,1.17683219909668,0.101165694984358,1.38823591137521,0.0513920333766834,4.57397605519669,0.0185868963440754,0.0711407661437988
0038,NaN,unmatched,0,NaN,259,75.383,18.1595441045861,0.744252873563218,0.50568254741524,0.560606060606061,21.3707447517192,18.4369610205382,0.57274696186327,1.15912512522605,1.15918040396721,0.0879029547466801,1.3753137588501,1.16890066862106,0.220892074883634,1.35142165121159,-0.857836253385748,4.37636204990823,0.0211483602914398,0.0941795110702515
0038,NaN,unmatched,0,NaN,854,163.57,32.9749385322221,0.682108626198083,0.915992513468262,0.374561403508772,61.7212376144672,24.7622740201199,0.401107171901832,2.49255127232327,1.18097092067705,0.115514219954739,1.65191042423248,1.17445635795593,0.316920018554609,1.40803420679921,0.464773438106817,4.19729760051735,0.0244125024635662,0.143872499465942
0038,NaN,unmatched,0,NaN,2265,480.123,53.7018395292484,0.471875,0.941322436271784,0.326839826839827,119.633894284216,40.3774709899226,0.123473297944769,2.96288725745291,1.11788955359014,0.129967321181663,1.38567101955414,1.13833385705948,0.54688057914546,1.26656801928106,-2.4157509224732,3.48144149539758,0.0209405591946907,0.0962982177734375
0038,NaN,unmatched,0,NaN,9,8.237,3.38513750128654,1,0.759113363612185,0.75,4.43077101395282,2.88424782324025,1.66691801998714,1.53619636227207,1.1513925962474,0.0770074108986589,1.3462096452713,1.14573961496353,0.15195974923142,1.33162430901699,0.109483601811279,4.72586321914151,0.0287775353578286,0.127467393875122
0038,NaN,unmatched,0,NaN,33,23.231,6.48204481442857,0.767441860465116,0.789577653786445,0.55,9.37886933917414,5.75534933040785,0.768401128969341,1.62959167215476,1.16251372878368,0.0726545606331513,1.32431173324585,1.17809611558914,0.157899336654763,1.35671008724623,-0.77347212979568,4.44687104046946,0.0218109392377476,0.0726864337921143
0038,NaN,unmatched,0,NaN,31,18.451,6.28254931431422,0.96875,0.594851823363658,0.645833333333333,7.38216813139689,5.93404787967153,1.14427850566314,1.24403582193636,1.14668617487609,0.0635137089895106,1.30017066001892,1.14727145433426,0.149322772306442,1.31891763368481,-0.188255427572644,4.55724834164636,0.0233722932670276,0.0763159990310669
0038,NaN,unmatched,0,NaN,278,98.507,18.8138404754685,0.7146529562982,0.968366046073752,0.281947261663286,41.3804147986136,10.3258190711457,0.360014898874547,4.00747044989837,1.1657083619544,0.0599000094223402,1.32502567768097,1.17201715707779,0.149766171501093,1.3624629089831,-0.362815282595534,4.42489332946449,0.0173065171704119,0.0882765054702759
0038,NaN,unmatched,0,NaN,35,25.58,6.67558117812455,0.714285714285714,0.572650860659168,0.486111111111111,8.37449104134656,6.8654024017928,0.672166444511678,1.21981066093951,0.944454114682275,0.210122402866763,1.38567101955414,1.0012863278389,0.499452790754254,0.936090625251674,-0.380640794649932,4.6502684870508,0.0517391872591623,0.315768003463745
0038,NaN,unmatched,0,NaN,404,129.265,22.6801405655478,0.619631901840491,0.882108756868463,0.358473824312334,38.5993301727622,18.1820521705148,0.303829072658304,2.12293583863747,1.18332124398213,0.0646126437377011,1.39496290683746,1.19092679023743,0.161500907146754,1.40442312772884,-0.26761154698448,4.37846019888172,0.0180539125188069,0.0879840850830078
0038,NaN,unmatched,0,NaN,57,33.999,8.51907589177983,0.703703703703704,0.794147433432538,0.527777777777778,12.3789644666433,7.52300799690224,0.61965853043156,1.64548070023861,1.17503466071754,0.0499669462632315,1.29467582702637,1.18168741464615,0.116240290800376,1.38320045920158,-0.369677568318396,4.5474760037208,0.0206553139898098,0.075084924697876
0038,NaN,unmatched,0,NaN,218,81.602,16.6603187470188,0.662613981762918,0.887357981169591,0.484444444444444,28.1470580511671,12.9780774793007,0.411400439611749,2.16881568907722,1.19536207677328,0.0623796951597916,1.34359228610992,1.20370197296143,0.158432371279064,1.43277944538498,-0.814010121077859,4.29902332340235,0.0212541166311113,0.0617524385452271
0038,NaN,unmatched,0,NaN,741,203.284,30.7159649473813,0.498989898989899,0.967372890865701,0.245039682539683,79.0715279120353,20.0333127022064,0.225331380073875,3.94700213027308,1.13614671422987,0.107700734167073,1.40902304649353,1.14060407876968,0.425602332394218,1.30242767230019,-1.18692498280736,3.9109458206312,0.0217375028042054,0.12671172618866
0038,NaN,unmatched,0,NaN,10,9.643,3.56824823230554,1,0.721802037961553,0.666666666666667,4.72836348483889,3.272498345593,1.35140502825916,1.44487880068953,1.16811356772547,0.0433669852318802,1.28531992435455,1.16746294498444,0.0872624289323137,1.36636673173781,0.145831381239087,4.63259024645462,0.0192930063705919,0.070452094078064
0038,NaN,unmatched,0,NaN,1216,228.938,39.3479260749275,0.64957264957265,0.896431836303869,0.380475594493116,66.5431380366385,29.4906968076718,0.291546391138216,2.2564111818249,1.11966203442668,0.164211062756013,1.38031446933746,1.16377168893814,0.506242417269084,1.28060598859926,-2.01707018073745,3.87558573318842,0.0246131620767325,0.127544641494751
0038,NaN,unmatched,0,NaN,573,157.267,27.0104842447011,0.54675572519084,0.977177018096514,0.264542936288089,71.3949265895794,15.1661840193242,0.291131555850983,4.70750760366684,1.09715221942299,0.202789051683086,1.63774764537811,1.08560192584991,0.540270878868006,1.2448611997189,-0.116575703776621,4.42629408229534,0.0359468481093395,0.234180271625519
0038,14,circular,1,1.51545594712024,1972,170.457,50.1081668215645,0.941288782816229,0.436508826708885,0.773940345368917,53.0268206365357,47.7082291771575,0.852878356047125,1.11148163642017,1.06630658879591,0.152438576950979,1.46391606330872,1.06914526224136,0.441122069644567,1.16024429329765,-0.431928777407173,4.39200385848886,0.032822727999156,0.169701755046844
0038,NaN,unmatched,0,NaN,1341,207.228,41.3208691763599,0.755067567567568,0.940319007718733,0.459876543209877,77.2654448848797,26.2929851580306,0.392411540167441,2.93863341954082,1.14611553944181,0.0876489289398276,1.46368432044983,1.14421629905701,0.314998696463535,1.32126257653051,0.15298673823061,4.01723492794264,0.0194490919342257,0.109782099723816
0038,NaN,unmatched,0,NaN,655,153.818,28.8785716717696,0.584299732381802,0.960449688434926,0.313697318007663,67.6636336420593,18.8411809955482,0.347885913383069,3.59126286500017,1.07848207327418,0.176412606518458,1.54907691478729,1.08111226558685,0.520267683001947,1.19424100018834,-0.643489366798291,4.311697195415,0.0340729548496862,0.213181853294373
0038,NaN,unmatched,0,NaN,14,12.827,4.22200824564475,0.823529411764706,0.883758423726615,0.583333333333333,6.57566141782452,3.07703752192451,1.06927080761953,2.13701047548872,0.982815427753406,0.176636459006031,1.3108845949173,1.04861003160477,0.400110955942839,0.997076602977333,-0.630786969616791,4.51270368103501,0.0485479815507109,0.288070917129517
0038,NaN,unmatched,0,NaN,19,14.696,4.91849075936593,0.904761904761905,0.867526640807394,0.633333333333333,7.30085472180842,3.63137738043774,1.10551637146488,2.01049187593065,0.942451204978503,0.202742668592944,1.35981380939484,1.03364598751068,0.456933684547111,0.92925562560336,-0.447625209811849,4.49171890695135,0.0536607788055937,0.335590600967407
0038,NaN,unmatched,0,NaN,13,16.954,4.06842894512822,0.65,0.942558897993645,0.30952380952381,9.20185411319417,3.0737873784524,0.568340831967704,2.99365342498971,1.20045914728078,0.0407879811546092,1.32364308834076,1.19823133945465,0.110635734239378,1.44276345381156,0.16411865202941,4.27142396957399,0.0208434427259766,0.0563899278640747
0038,NaN,unmatched,0,NaN,44,37.018,7.48482063701911,0.721311475409836,0.970775975934308,0.25,17.904836323291,4.29693707099382,0.403493588633908,4.16688353296035,1.16153940109796,0.0746495402478524,1.35981380939484,1.1623403429985,0.239768491382388,1.3547413408344,-0.162319292731892,4.14266267808555,0.0261584221322849,0.0898114442825317
0038,NaN,unmatched,0,NaN,489,202.225,24.9522371216589,0.443738656987296,0.982961159771065,0.169145624351435,76.6024975328373,14.0805639284624,0.150261954997082,5.44030039720164,1.11561588026908,0.109570586898222,1.44328641891479,1.11929869651794,0.435388887220858,1.25660325248493,-1.4284002308072,3.75241450216843,0.0204555000466584,0.114346981048584
0038,NaN,unmatched,0,NaN,711,175.281,30.0877602407806,0.615584415584416,0.96804965725001,0.283492822966507,75.3435149537285,18.8930321691796,0.290810297188864,3.98789957477748,1.12419891820874,0.107964534056808,1.41936087608337,1.1288788318634,0.399567639010664,1.27547817923656,-1.21190403242535,3.94816382395251,0.0208414594548642,0.121160745620728
0038,NaN,unmatched,0,NaN,99,41.302,11.2272309555287,0.804878048780488,0.661745464114052,0.6,13.5333312458628,10.1463251910563,0.729294425402801,1.33381603595675,1.18915362303158,0.0447985443975671,1.31619310379028,1.19145333766937,0.101593700029443,1.41609139906302,0.0428913676412803,4.51346291272816,0.0156719916887436,0.0719823837280273
0038,NaN,unmatched,0,NaN,20522,1221.061,161.645977175601,0.620449873019712,0.821392684032038,0.412751407884151,264.685770536165,150.966994932932,0.172963644073334,1.75326912119933,1.14224566018046,0.0815688653478658,1.67722570896149,1.12021845579147,0.486824534811508,1.31137856088598,0.75485533068262,2.91792302336255,0.0167818864041462,0.0723114013671875
0038,9,circular,1,0.643816626225166,63,25.381,8.95623198216277,0.969230769230769,0.326125113989933,0.777777777777778,9.30635489556518,8.79754497632426,1.22894643833661,1.05783544393467,1.09295691335386,0.121309439194837,1.67722570896149,1.08233571052551,0.362761248030349,1.20925329629308,1.40413587770736,3.85299215190141,0.0477596724227925,0.100492119789124
0038,NaN,unmatched,0,NaN,11,10.032,3.74241031850956,0.916666666666667,0.715725724782843,0.55,4.77161701338351,3.33240893566555,1.37349632648761,1.43188219258286,1.2009958400329,0.073672916318202,1.45022237300873,1.20642471313477,0.172553733766281,1.44780966021081,0.126929072294848,4.3800581263446,0.0201960596603517,0.0908422470092773
0038,NaN,unmatched,0,NaN,527,160.284,25.9036144210693,0.812018489984592,0.984779528166924,0.585555555555556,68.9368775645578,11.9817927223328,0.2577746080593,5.75346938159486,1.11852062397746,0.0668697912959996,1.32626116275787,1.10486245155334,0.136727315194204,1.25555906644768,1.08464677135033,4.39432855690682,0.0145747246378538,0.0661032199859619
0038,4,circular,1,1.17030274191072,5390,273.546,82.8417838178448,0.96164139161463,0.281168539619232,0.782520325203252,84.768868035536,81.3491566061272,0.90518613280414,1.04203745400787,1.37642708208084,0.507631301697356,3.57160687446594,1.15460169315338,0.632609434663508,2.1522256239323,1.79719838692392,3.69254763130878,0.0334236006352292,0.434201955795288
0038,NaN,unmatched,0,NaN,49,42.526,7.89865416966859,0.563218390804598,0.921530984759528,0.25,17.8904342266134,6.94694209302224,0.340484130108671,2.57529629397419,1.16187150039062,0.0451918503670326,1.29904568195343,1.16155195236206,0.113973490395784,1.35198592006116,-0.00978384251773766,4.44686401266841,0.0163373938775889,0.0632222890853882
0038,NaN,unmatched,0,NaN,1731,227.546,46.9465403617409,0.884065372829418,0.932140591529826,0.514260249554367,86.2608941761664,31.2347729077573,0.42011532193317,2.76169429599865,1.33066644565503,0.411374768809802,3.34848499298096,1.17660254240036,0.612867464487607,1.93988825222772,2.49235266173794,3.33169561176905,0.027126660482486,0.239427924156189
0038,NaN,unmatched,0,NaN,87,47.596,10.5248202071085,0.66412213740458,0.782067004261228,0.443877551020408,15.222800412035,9.48676324428026,0.482600986063451,1.60463585103308,1.16191183677053,0.0555831101038946,1.30067002773285,1.16157019138336,0.119997589771887,1.35312575895873,-0.0441116995515954,4.61658471745292,0.0197074770938157,0.0888822078704834
0039,10,irregular,1,9.33449110137214,6888,422.56,93.6486731573694,0.862833521232619,0.803510010956267,0.608695652173913,126.151633725631,75.0969626669441,0.484759394952547,1.67985001317717,1.4965969298252,0.579714340846347,3.73616528511047,1.26616197824478,0.591256494229706,2.57585937600152,1.86917781195724,3.78801935336385,0.035298749568115,0.428611993789673
0039,4,irregular,1,1.24195649784184,1881,173.865,48.938365150941,0.911337209302326,0.622754172396999,0.650639916983743,56.2852218757855,44.0385460563986,0.781941620162465,1.2780899215815,1.40824355678004,0.346571668603276,2.92675805091858,1.32341206073761,0.503779711456747,2.10324929760321,1.70228047035033,4.05911890245321,0.0347902208048132,0.365063905715942
0039,18,irregular,1,10.2563000217283,57,25.629,8.51907589177983,0.95,0.408537501714089,0.791666666666667,9.21599916271968,8.41182522223373,1.09048927222533,1.09560041004661,1.38421969651589,0.143320821842631,1.81534361839294,1.36599606275558,0.270689287878741,1.93657972957306,0.533338960736747,4.49658645270302,0.0519899442194571,0.181928277015686
0039,18,irregular,1,5.22934793919477,36,20.626,6.77027500257308,0.923076923076923,0.768831001695199,0.5625,8.74730843910397,5.59348408480644,1.06336494192769,1.56383897879754,1.35798119343057,0.164524532841981,1.81534361839294,1.33563786745071,0.288371403990259,1.87114671769718,0.399833402789602,4.63014393956394,0.0682387747619046,0.255103588104248
0039,NaN,unmatched,0,NaN,39,22.263,7.04672563994593,0.928571428571429,0.828557669051421,0.78,9.74163043123863,5.45437523376768,0.988796905125546,1.78602131568229,1.32662510553996,0.132097104539609,1.81152153015137,1.29845929145813,0.263259033606853,1.77736054948328,0.973059508391088,4.31620730466754,0.0490123940576029,0.16417407989502
0039,11,irregular,1,1.03560262096942,2730,223.181,58.9571366089551,0.887227819304517,0.442555447051285,0.599209833187006,63.4860314379783,56.9305363514936,0.688744387255727,1.11514901328192,1.30138628815337,0.334567376183596,2.40930438041687,1.17305010557175,0.52263719785382,1.80553349246936,1.16297641652822,4.26900765219466,0.0364736985017871,0.396004915237427
0039,19,circular,1,0.848849545972438,3691,218.971,68.5530973743527,0.972595520421607,0.150413833621069,0.764182194616977,68.9865786528877,68.201726809357,0.967343473256629,1.01150780017234,1.3019861275225,0.400379153954738,3.05177330970764,1.11822211742401,0.552217812403243,1.85546048398549,1.31982500850211,3.7181121229675,0.0364735338084202,0.564075946807861
0039,17,circular,1,0.873207317209927,3831,226.1,69.8411103568694,0.96693589096416,0.15938970883262,0.729714285714286,70.4040256313311,69.5039623843675,0.941718042738229,1.01294981201196,1.42826198352951,0.560360923570464,3.73925065994263,1.19861787557602,0.612134069453202,2.35391702808008,1.92058068572158,3.76758879868441,0.0345075175871687,0.509160161018372
0039,12,circular,1,0.486356251491358,5427,263.249,83.1256338879754,0.980133646378906,0.235877163684327,0.760084033613445,84.4041238815132,82.0224824935286,0.984093187529414,1.02903644605212,1.57813436645251,0.739663462896027,4.56604146957397,1.20557814836502,0.671141574425941,3.03758462526036,1.75323970218296,3.48615409484263,0.0426253725392219,0.653290033340454
0039,NaN,unmatched,0,NaN,12,11.33,3.90882009522336,0.923076923076923,0.906480536625192,0.666666666666667,6.40466941744828,2.70435629800071,1.17471168929788,2.36827869988254,1.20322433104084,0.148672704383569,1.6511195898056,1.21097487211227,0.30755573553211,1.46981540134071,0.362515848854276,4.51382127140212,0.0540623794202215,0.180395364761353
0039,9,circular,1,0.615228045501917,2249,180.465,53.5118280019416,0.947745469869364,0.512514765870353,0.661081716637272,58.1297013896338,49.9147196633767,0.867787415463312,1.16458034386767,1.48616272481756,0.455142941276945,3.6357729434967,1.39470809698105,0.602379916400251,2.41581573657664,1.79005043177463,3.90844669442553,0.0390358026902303,0.403528571128845
0039,20,circular,1,0.674238742794413,3555,212.272,67.278277189101,0.977991746905089,0.0375983599739585,0.7576726342711,67.3309664621107,67.2833588695,0.991434541228706,1.0007075686085,1.42535006162907,0.551785680359692,3.66942429542542,1.1806583404541,0.596028005318873,2.33606855260981,1.8132073600094,3.74340274502697,0.0341423051859575,0.546090722084045
0039,15,circular,1,0.868860752159715,4236,231.856,73.4400620335941,0.98191933240612,0.18978093659871,0.773698630136986,74.1598374164878,72.8120905899535,0.990214170990512,1.01850993173818,1.40121608955814,0.562745228528954,3.79332065582275,1.14287877082825,0.628122883504669,2.28006939194182,1.63508369333682,3.61712754827986,0.036948509894542,0.595319986343384
0039,NaN,unmatched,0,NaN,22,29.682,5.29256742840123,0.55,0.979807096191997,0.203703703703704,15.5046762576805,3.10008448052512,0.313795147454264,5.00137217391384,1.23131589463045,0.224592808085483,1.6698442697525,1.27783232927322,0.451118273466168,1.56652640628588,-0.658090126247307,4.62269676556515,0.0490414410122101,0.268614530563354
0039,NaN,unmatched,0,NaN,30,22.95,6.18038723237103,0.810810810810811,0.875199663537671,0.545454545454545,9.82971246323833,4.75524010388671,0.715757222399315,2.06713273115357,1.27106218737941,0.174353225185384,1.72494924068451,1.28357303142548,0.342615741144535,1.64595890674132,-0.040552479977967,4.60014929043825,0.048587383337507,0.215626955032349
0039,3,circular,1,9.55380059377466,3916,329.982,70.6116566664662,0.757153905645785,0.586644058431422,0.611970620409439,85.1519081845061,68.9598378666992,0.451930910180146,1.23480435596595,1.41203536371571,0.410509719782598,3.46613836288452,1.31053674221039,0.667886162305848,2.1623532490667,2.00841581853458,3.74965672540785,0.0373914893660841,0.381655335426331
0039,NaN,unmatched,0,NaN,180,52.905,15.138795132121,0.861244019138756,0.560638856779994,0.588235294117647,17.1171700130729,14.1740511256119,0.808144332685008,1.20764133425079,1.41010203020671,0.147281843744329,1.69507503509521,1.41982281208038,0.217049192450956,2.01006424896641,-0.18914850308019,4.8406070541927,0.0330815047923676,0.244957208633423
0039,7,irregular,1,0.746325068146495,913,115.031,34.0949806326856,0.950052029136316,0.763257317871468,0.661594202898551,42.6780444482147,27.5740551982035,0.86706339324523,1.5477608984766,1.47517324232031,0.320723900668464,2.78396701812744,1.34868401288986,0.421452231321526,2.27897982472786,2.17002315122288,3.5306270302064,0.0401166190923054,0.177533030509949
0039,6,irregular,1,3.2531064735455,5686,278.88,85.0860743680429,0.96340223652999,0.287746606065957,0.759957230686982,87.0500939864484,83.3684476787429,0.918717480584968,1.04416114741506,1.57243234516758,0.812558336375185,4.41302394866943,1.18364131450653,0.635137810260159,3.13276458949947,1.88649995396234,3.36140060588,0.0387801939038531,0.512096285820007
0039,NaN,unmatched,0,NaN,304,89.847,19.6739630374637,0.902077151335312,0.937674400288317,0.603174603174603,36.0994510664866,12.5451030133002,0.473234378221958,2.87757310786642,1.34943893482786,0.205964318432511,2.02415370941162,1.28141283988953,0.302837528414492,1.86338626569611,1.19424454729212,4.34865417394674,0.0308740493255364,0.26144278049469
0040,16,circular,1,0.592366247224762,3314,228.053,64.9578005419852,0.918514412416851,0.398672391145809,0.696218487394958,68.1908783183955,62.5374051975334,0.800738644874233,1.0904014661786,1.37202797873668,0.485961103089055,3.64362716674805,1.18134951591492,0.605766055235351,2.11860283712765,1.93630616070665,3.78054470488841,0.034038528828652,0.482296109199524
0040,18,circular,1,0.978179582034147,3752,224.215,69.1172537927132,0.968508002065049,0.232760526721614,0.744444444444444,70.1511938233984,68.2244267617674,0.937871560173924,1.02824160133084,1.24465203979843,0.308654338798759,2.74128103256226,1.12058764696121,0.527136012987163,1.64441990360504,1.29064128829959,3.77982165547757,0.0374194732236664,0.384881019592285
0040,20,irregular,1,1.46179197046464,285,89.352,19.0492327994993,0.678571428571429,0.963112486811052,0.349264705882353,41.3939288719345,11.1390699376773,0.448586467582607,3.71610278986776,1.29198046608766,0.15433406380731,1.87666690349579,1.24203824996948,0.305837941696958,1.69302458833561,1.45693009787202,4.05637158466189,0.0426582840536819,0.143328905105591
0040,9,circular,1,0.653217654196372,5406,259.776,82.9646489707411,0.985237834882449,0.0737087883825772,0.766156462585034,83.0948440199901,82.8688100513285,1.00667168859104,1.00272761209581,1.58381155934645,0.702009487705401,3.82849836349487,1.27144026756287,0.596828039377733,3.00125261008044,1.68936172523468,3.54331829508078,0.0406227165860139,0.48165762424469
0040,6,circular,1,5.39140278920227,5801,325.262,85.9422049927082,0.905840099937539,0.563041174591933,0.702640503875969,95.6293580596096,79.0308599215477,0.689042600524383,1.2100255286927,1.34547006162295,0.213513418957581,2.35366678237915,1.30374127626419,0.428066219667588,1.85587590637309,0.667040211101415,4.09183492635239,0.0249815630714037,0.341034173965454
0040,4,circular,1,0.801000853374575,22,13.588,5.29256742840123,1,0.526810031433486,0.733333333333333,5.8672176049847,4.98703553385957,1.49734359238202,1.17649404443765,1.30778725715784,0.103639117033687,1.78989744186401,1.29348975419998,0.227488603233095,1.72103205184613,1.6670915937776,4.05803266829314,0.0435604468135965,0.116753697395325
0040,12,irregular,1,4.43645644502631,1802,168.962,47.8996624164802,0.923155737704918,0.631793093588843,0.590819672131147,55.0724861547731,42.6887258968469,0.793207053432251,1.29009439840979,1.39566727276993,0.335829077776599,2.91887426376343,1.31666439771652,0.503333072547911,2.06065687909778,1.85471447974461,3.97656051052131,0.0359168373348425,0.293713331222534
0040,10,irregular,1,0.855505368771504,198,72.174,15.8777022852037,0.680412371134021,0.83424858135072,0.44,24.9219322166036,13.7416674227493,0.477654093215314,1.81360321494503,1.2807399584536,0.182399644119932,1.89358508586884,1.21863085031509,0.319818890878206,1.67354501543071,1.15213078341367,4.34656408417398,0.0566002840360988,0.221167087554932
0040,17,irregular,1,12.2193482276229,7912,370.234,100.368676776894,0.903402603334095,0.761284891061797,0.665993265993266,126.39968172923,81.959771508362,0.725343200550111,1.54221613119473,1.3830855394858,0.415658704635431,3.05362772941589,1.22450929880142,0.57505322694953,2.08569323476154,1.67964698084251,3.83866069221384,0.0317070114421274,0.275278091430664
0040,NaN,unmatched,0,NaN,22,22.859,5.29256742840123,0.733333333333333,0.955572140336354,0.305555555555556,11.5600493477435,3.40740930049447,0.529076034240738,3.39262129326991,1.26595004563555,0.130816916665533,1.7020206451416,1.25216728448868,0.272675082436481,1.61972150852647,0.587854095958746,4.47059576603997,0.0632536196536559,0.167958736419678
0040,3,irregular,1,0.598286299481378,410,71.785,22.8479367414525,0.957943925233645,0.446177964830834,0.810276679841897,24.4861307170562,21.9137220690709,0.999830339902232,1.1173880292849,1.45081380917252,0.240958607254541,2.26066637039185,1.34072548151016,0.318608289423689,2.16288961031987,1.44182908777809,3.57462190659666,0.0481966622789651,0.133391737937927
0040,11,irregular,1,14.6487520581995,14,11.239,4.22200824564475,0.875,0.697424552518801,0.7,5.24287684001072,3.75735074452066,1.3927801137999,1.39536529765191,1.27933812667926,0.134210245381495,1.65791952610016,1.27571934461594,0.250779829821423,1.65468841169062,0.202729913218701,4.65270077172114,0.0672026720454796,0.18182098865509
0040,5,irregular,1,3.82455027591582,404,92.519,22.6801405655478,0.778420038535645,0.744982154284697,0.467592592592593,30.5242301346319,20.3622375863633,0.593101973487741,1.49906070023827,1.39651585660445,0.203462208474151,2.33133482933044,1.34574645757675,0.370480503576578,1.99164096906141,2.20804312690757,3.68688320585772,0.0399480211342503,0.135650634765625
0040,19,circular,1,0.573100405224004,4964,268.791,79.5006987394787,0.949502677888294,0.197259945337035,0.815910585141354,80.780089264853,79.1928590382056,0.863400291193228,1.0200425928035,1.49438601149353,0.72466517681969,4.22121238708496,1.16266864538193,0.770308207273582,2.75829992392939,1.77965797950516,3.77465653524925,0.0426436952209353,0.560107231140137
0040,14,irregular,1,4.0679605607521,788,104.809,31.6751126478077,0.933649289099526,0.268818191241503,0.643265306122449,32.5805496189832,31.381290097534,0.901444362075838,1.03821574950303,1.45497062888013,0.299981989624268,2.59091234207153,1.32410597801208,0.373779423245385,2.20690454086032,1.96769425672129,3.68571120952928,0.0403396934122091,0.23944354057312
0040,NaN,unmatched,0,NaN,574,180.292,27.0340433283293,0.503508771929825,0.895352729133954,0.377880184331797,54.1222047393208,24.1037411978504,0.221905897041997,2.24538607077923,1.39857051902442,0.12554460081244,1.68455922603607,1.41143584251404,0.31140571192163,1.97175810919458,-0.814910154141131,4.27155892218701,0.0353377260430022,0.151749014854431
0040,1,circular,1,2.6368819501626,458,85.821,24.1483687127869,0.885880077369439,0.685117967682969,0.642356241234222,28.768159021452,20.9556513984141,0.781426617955632,1.37281149006082,1.38571364547575,0.215222420803773,2.24849414825439,1.36181533336639,0.37793043523618,1.96650507864514,1.2689638491539,4.23795626312359,0.0461747644755454,0.239294528961182
0041,NaN,unmatched,0,NaN,151,63.937,13.8657553438321,0.811827956989247,0.967131458113423,0.650862068965517,29.7741525135818,7.57087925126767,0.464175593858442,3.93272056328152,1.41532675191468,0.0855031773104585,1.61342465877533,1.43433010578156,0.167864403895572,2.01045306333717,-0.628497791167561,4.449868513813,0.0221153216920464,0.125768065452576
0041,1,irregular,1,1.66688738994672,3439,213.256,66.1715255555154,0.969825155104343,0.120159474182646,0.754828797190518,66.545964425162,66.0638124601843,0.950253596305029,1.0072982764243,1.29602691369714,0.401734017993906,2.90675067901611,1.1421474814415,0.538485276781107,1.84106429237986,1.51054809937586,3.93513357489939,0.0323030485846033,0.501538991928101
0041,5,circular,1,0.616158945753864,5499,278.972,83.6752308422191,0.95801393728223,0.17275912819527,0.726612050739958,84.4099779123406,83.1407981541093,0.887916960558394,1.01526542667871,1.41929955165637,0.597810330119272,3.94096565246582,1.12840151786804,0.593366963523852,2.37177273369112,2.15347565682902,3.27806244257915,0.0306018021099135,0.411518335342407
0041,13,irregular,1,5.83697157865166,3948,238.273,70.8995749113803,0.950867052023121,0.586393432900028,0.746031746031746,79.1739260349011,64.1329689679581,0.873850908840365,1.2345276900319,1.41847603112567,0.46105234480723,3.01636815071106,1.20483559370041,0.584780548041392,2.22463151410387,1.36255807717611,4.07575833425512,0.0407110364600254,0.522719860076904
0041,11,circular,1,4.20181700699454,4854,389.304,78.6149142983981,0.774409700063816,0.481211550739817,0.606901725431358,88.7526922620891,77.8010091210499,0.402468508242401,1.14076530966327,1.49117900557246,0.501538829395643,3.82213306427002,1.32227063179016,0.657316916429061,2.47514587880692,1.49003250834897,3.90667017187266,0.03989467715832,0.529383897781372
0041,6,circular,1,0.656546550479365,4247,264.45,73.5353543983453,0.92446669569003,0.379817372944369,0.698519736842105,76.9785003326654,71.2098463375526,0.763141343546755,1.08100921841297,1.40790369919425,0.382358457469431,2.82763075828552,1.27627748250961,0.525138855333422,2.12838291019041,1.71679708793688,3.93798040181907,0.0296249359945594,0.383978962898254
0041,8,circular,1,0.797588420668298,2954,284.093,61.3282122285304,0.823529411764706,0.293026076474348,0.622550052687039,63.6636032852606,60.8690543773127,0.459937996579076,1.04591083164567,1.35456215077182,0.386762126157918,3.37099266052246,1.25452983379364,0.569608648797466,1.98441366476749,2.16239131129829,3.65959203807621,0.0291944078147227,0.375743389129639
0041,12,circular,1,0.690718833816536,5132,272.992,80.8348027991709,0.950018511662347,0.201646969033187,0.718968898851219,81.8043244929769,80.12392202983,0.865359710028602,1.02097254378688,1.47700017755929,0.441450491976826,2.89366412162781,1.30475527048111,0.50043473009461,2.37639898036388,1.62676914731282,3.88402127375005,0.0325944247441629,0.252062439918518
0041,16,irregular,1,3.04369169355772,62,30.815,8.88486644658096,0.885714285714286,0.892713833798961,0.63265306122449,13.8462681864693,6.23946108661755,0.820497400363065,2.21914488995962,1.34920015885679,0.114510888230522,1.7935631275177,1.35006803274155,0.252660973471442,1.83343952814819,0.524483019050938,4.22714128635866,0.0621495067718815,0.117155194282532
0041,NaN,unmatched,0,NaN,33,28.185,6.48204481442857,0.589285714285714,0.820976983836822,0.4125,10.9126076680771,6.2306765259303,0.52202070108686,1.75143222773032,1.33334783996855,0.108727642411891,1.74663698673248,1.32975119352341,0.242005958077301,1.78962408912058,0.0652178292866357,4.33775392531006,0.0591217700223255,0.146625280380249
0041,14,irregular,1,12.5021571930143,173,103.006,14.8415107465239,0.395881006864989,0.66512754887162,0.248563218390805,26.815180766343,20.0236936643145,0.204894793000639,1.3391725430824,1.34389740299792,0.102203421056041,1.74663698673248,1.34388571977615,0.260052095059724,1.81650131657108,0.0711466995818897,4.18167109776396,0.0500412198296004,0.118193626403809
0041,NaN,unmatched,0,NaN,71,45.991,9.50789186287878,0.568,0.814178014049101,0.461038961038961,15.4066804245287,8.94535483899912,0.421815473849147,1.72231070782794,1.33304648302085,0.0987103187321069,1.66376090049744,1.32663357257843,0.237250403167308,1.78674740839567,0.0741228044598484,4.2843920303304,0.0500616476329776,0.117845177650452
0041,20,circular,1,0.626588406021562,12,10.015,3.90882009522336,1,0.821944765117556,0.8,5.41878682226,3.08636327476049,1.50345073874271,1.75571905827596,1.09439309275669,0.150905069918534,1.55886793136597,1.04516589641571,0.272926971679763,1.22042897753087,1.48777058127393,4.23342582761072,0.0478820667590174,0.10690975189209
0041,4,irregular,1,2.76357183223918,226,79.229,16.9632584461284,0.643874643874644,0.333503318134588,0.427221172022684,20.3721004738432,19.2057758347226,0.452428499451224,1.06072780652849,1.32545493182909,0.157742534116311,1.90400266647339,1.28756082057953,0.307841988072401,1.78170002599329,1.06771095087902,4.33633387325207,0.0509758868566993,0.199084997177124
0041,9,irregular,1,3.59130979770073,20,14.142,5.04626504404032,0.952380952380952,0.796866183177701,0.714285714285714,6.72137659421867,4.06075896174054,1.25666116419705,1.65520205891209,1.22551949110664,0.138236365540435,1.62573945522308,1.20974677801132,0.278213448627587,1.52097782619078,0.443256921245187,4.57258591267096,0.0624763037824323,0.191077709197998
0041,NaN,unmatched,0,NaN,24,22.925,5.52790639154137,0.727272727272727,0.888581349947865,0.436363636363636,9.66089181981692,4.43163530404035,0.573855326435941,2.17998349525942,1.3070619592359,0.138355785922722,1.79108679294586,1.25811576843262,0.247906966313786,1.72752858900762,1.03047567075008,4.32818017604179,0.0496007915552899,0.19462525844574
0041,10,irregular,1,4.88365340235218,71,33.395,9.50789186287878,0.8875,0.766249044581023,0.633928571428571,12.4023048193531,7.96902278149618,0.800028239674107,1.55631438877937,1.25005645555358,0.160686529443958,1.69631111621857,1.22025448083878,0.275197656596104,1.58843418079833,0.579994020347148,4.70888609577688,0.0558180997584613,0.234952330589294
0041,15,circular,1,1.61987272122148,2742,191.232,59.0865706541158,0.962780898876405,0.299449485490152,0.749180327868852,60.5562661005573,57.7774695898753,0.942228378122581,1.04809481153133,1.39823786447118,0.412280626714314,3.41690802574158,1.27926206588745,0.581308135989809,2.12502887529983,1.97726096215517,3.78749794642767,0.03186588389187,0.372183203697205
0041,19,irregular,1,3.04956951426912,5881,285.646,86.5327785442458,0.963308763308763,0.210687543408543,0.734207240948814,87.6570361490752,85.6894386174642,0.905742506573541,1.02296196081287,1.54684141422712,0.724517311976637,3.99761867523193,1.23392307758331,0.617683245849307,2.91762141765097,1.90570191144929,3.61591039170303,0.0389371435592508,0.385469794273376
0041,3,circular,1,2.58103684362315,4106,302.715,72.3043675768109,0.876601195559351,0.333194920007525,0.725698126546483,75.4514942255105,71.1400424264014,0.563068103339322,1.060605133931,1.38678021615999,0.359246833577296,3.08433413505554,1.28544008731842,0.531023034235801,2.05220847495212,1.72152489418114,3.80528960318302,0.0291453560703186,0.398298740386963
0041,NaN,unmatched,0,NaN,21,14.051,5.17088294582641,0.954545454545455,0.793752756019583,0.7,6.84561674894384,4.16378167197085,1.33664073129951,1.64408638306523,1.37759103536606,0.106117519033615,1.66817045211792,1.36957067251205,0.201807310659217,1.9090006640624,0.122953777516575,4.54110953294421,0.0321050860679797,0.171510457992554
0041,NaN,unmatched,0,NaN,24,15.457,5.52790639154137,0.96,0.810520659932133,0.666666666666667,7.47141894341786,4.37608514475656,1.26232357140068,1.70732942716394,1.36666458369007,0.0904359663754557,1.57771039009094,1.36903899908066,0.148091191696001,1.8759386497116,-0.00448892505774646,4.78384410556883,0.0320526594782951,0.134284615516663
0041,NaN,unmatched,0,NaN,229,57.495,17.0754752714047,0.880769230769231,0.531688034859366,0.636111111111111,18.7752596331053,15.901523603083,0.870532901427069,1.18072079768917,1.3960434552086,0.115259841702742,1.71517193317413,1.39568567276001,0.235031061605392,1.96221341991964,-0.0737482871417429,4.51216910123954,0.028223200658157,0.161888241767883
0042,16,circular,1,0.814553593797694,24,14.696,5.52790639154137,1,0.369526005201303,0.8,5.82856948334857,5.41602560309064,1.39644173237669,1.07617096197302,1.33197155750715,0.119101734975649,2.03227400779724,1.32538038492203,0.286843436558387,1.7883116298618,2.21924039710689,3.70936472666104,0.0553301101150247,0.122512817382812
0042,NaN,unmatched,0,NaN,31,20.229,6.28254931431422,0.939393939393939,0.899480966105134,0.553571428571429,9.86567170954057,4.31090334591598,0.951968830891762,2.28853929626769,1.28269144293492,0.164129173961982,1.62008857727051,1.26446878910065,0.251069565864586,1.67220009073854,0.149564618955287,4.85118333337952,0.0530889696800403,0.289690852165222
0042,NaN,unmatched,0,NaN,8678,405.928,105.115045398895,0.904617950588971,0.81778087087396,0.638275963518682,142.026351352281,81.7403848234039,0.661807206296618,1.73752976156306,1.46755559853502,0.67715167595291,4.39280128479004,1.21238076686859,0.6642729181751,2.61224352798537,2.52459232557164,3.1015296897159,0.0358163672547117,0.213713049888611
0042,NaN,unmatched,0,NaN,63,34.917,8.95623198216277,0.828947368421053,0.906545592117964,0.466666666666667,14.8342500840526,6.26165432974159,0.649346595162308,2.36906243987199,1.26126402622373,0.167180584493228,1.64997255802155,1.22985470294952,0.261742444554864,1.61870875537431,0.359697232572995,4.79466488295599,0.0512771720493264,0.262657165527344
0042,1,irregular,1,3.55802181321443,636,92.726,28.456639830654,0.933920704845815,0.584542764480173,0.664576802507837,31.8472757413406,25.8396980221699,0.92953110748257,1.23249411483123,1.4411562001944,0.277430062330431,2.65338277816772,1.33336138725281,0.382995788509557,2.15387491406391,2.0897019547861,3.69041853555461,0.0431645922390463,0.198699355125427
0042,NaN,unmatched,0,NaN,17,16.863,4.65242649168128,0.772727272727273,0.910067523031212,0.404761904761905,7.97513387999669,3.305374102624,0.751257992427591,2.41277798893189,1.23024705408985,0.195972512455182,1.62008857727051,1.22611147165298,0.35477912882869,1.55185833143611,-0.108448420774397,4.75212387949707,0.0549453314345424,0.254865169525146
0042,13,irregular,1,5.22635221645515,1824,277.385,48.1911706601628,0.7100038925652,0.608832840667752,0.561230769230769,58.5315493289748,46.4329925734278,0.297898799795815,1.26055948766203,1.40835724602285,0.259120774614436,2.53500080108643,1.36580866575241,0.448018154967346,2.05060764508903,1.73648013456412,4.01872713549758,0.0300753209685192,0.209345936775208
0042,NaN,unmatched,0,NaN,8362,428.449,103.183472867875,0.886462419166755,0.870859557969359,0.681833007175473,148.969211510946,73.2231228449806,0.572429174798119,2.03445586206869,1.35672301544915,0.427377686958225,4.17329263687134,1.20233696699142,0.688369837132629,2.02334514175312,3.06464787534341,2.99909224359107,0.0300894135941382,0.251410365104675
0042,5,circular,1,1.00111486501039,5570,287.474,84.213682167299,0.954748028796709,0.287311473915719,0.719638242894057,86.4673842639026,82.821677923111,0.846969780841166,1.04401874523933,1.43479180454692,0.597168318867202,4.33915996551514,1.20549112558365,0.811643376554838,2.41522208579132,2.18646283657096,3.38238146079058,0.0375607182179258,0.409419178962708
0042,19,circular,1,0.531864944762437,6211,302.203,88.927446901112,0.950566268748087,0.141318476542452,0.741877687529861,89.5371342368077,88.6385561493368,0.854621571505187,1.01013755330081,1.47138758828964,0.555614019171155,4.01618576049805,1.21146494150162,0.636874428225595,2.47367592842279,1.88136855932047,3.45054304980697,0.0334938501946839,0.459244847297668
0042,12,circular,1,0.781918951688865,20,12.827,5.04626504404032,1,0.268543077764787,0.8,5.26624470883507,5.07280330126581,1.52752972517075,1.03813303928441,1.23463627643585,0.106469545468473,1.79951226711273,1.21401512622833,0.245477365032987,1.53564436198107,2.95935876790137,3.50626456497357,0.0415692104756982,0.0657796859741211
0042,NaN,unmatched,0,NaN,10,14.208,3.56824823230554,0.833333333333333,0.977674523612449,0.625,8.45632002200741,1.77688445095994,0.622506609806688,4.75907142833007,1.41510322670658,0.117759433331103,1.61754882335663,1.44258719682693,0.192161700520769,2.01636191454893,-0.551236209522307,4.61133794071007,0.0311030969759077,0.195747137069702
0042,20,irregular,1,1.44202861704608,3771,226.926,69.2920365063425,0.972408457968025,0.426095681130392,0.794731296101159,73.444060673365,66.4432335058511,0.920233163867432,1.10536553984684,1.48887758920124,0.593880661594106,3.3941023349762,1.20507991313934,0.584157641295058,2.56942052975419,1.39339569481915,4.14414293502355,0.041381675981748,0.726747035980225
0042,NaN,unmatched,0,NaN,299,98.299,19.5114997854038,0.900602409638554,0.969384059641088,0.578336557059961,42.3380816708252,10.3960937475541,0.388850671108383,4.07249902693366,1.24126046409788,0.237409345105073,2.01326441764832,1.15368503332138,0.393423745681412,1.59706588537783,1.1922543946884,4.39685364570763,0.0355307685945654,0.280202031135559
0042,NaN,unmatched,0,NaN,11,14.051,3.74241031850956,0.733333333333333,0.968450670496713,0.392857142857143,8.29123109482421,2.06621901958706,0.700145144966412,4.01275519014496,1.19231103103102,0.187612481197401,1.6419849395752,1.15402239561081,0.342933860524334,1.45674971923426,0.256377949220484,4.69449756822613,0.0670411796186241,0.323610186576843
0042,11,circular,1,0.670170566833476,5644,267.07,84.7712450686272,0.983103988852116,0.0866626545318167,0.772093023255814,84.948772274291,84.6291707621762,0.994366893077223,1.00377649348607,1.53529049262972,0.78353342681982,4.58345031738281,1.15438985824585,0.672236530801322,2.97101330906785,1.90937457079957,2.95800813536911,0.0407865967357858,0.53065025806427
0042,18,circular,1,0.556088764318875,2734,199.147,59.0003128407463,0.949635290031261,0.193156816723136,0.746994535519126,59.6863519395562,58.5623324744884,0.866285085348859,1.01919355697722,1.26365357806067,0.34052372243442,2.63425397872925,1.13401293754578,0.503508187062555,1.71276615216767,1.05482406975421,4.11232568085909,0.0335352379861891,0.542831778526306
0042,15,irregular,1,1.04866815099093,1586,152.329,44.9372664717155,0.93679858239811,0.519812051227392,0.674319727891156,49.2596132190648,42.0815344697161,0.858910406933537,1.17057549920178,1.51127959531562,0.335456073444637,2.80278706550598,1.40823274850845,0.465138506996452,2.39648103181519,2.0570974323432,3.72331819136054,0.0340766563357574,0.161770224571228
0042,10,irregular,1,10.672143141858,33,22.189,6.48204481442857,0.891891891891892,0.920701853719979,0.55,10.7642544853617,4.20093006806983,0.842264203792339,2.56235031551179,1.32571107110916,0.13866452761231,1.76569104194641,1.34901773929596,0.283554018123994,1.77671304418803,-0.0183819359645705,4.45910978390804,0.0551813827176654,0.196064233779907
0043,8,irregular,1,4.42857051796582,5627,273.265,84.6434812506241,0.972183828610919,0.194814686618149,0.752071638599305,85.5710607205159,83.9315249672453,0.946931924064616,1.01953420665132,1.49151782010694,0.678585815322607,3.89906978607178,1.16185796260834,0.62526896751172,2.68507899075335,1.78441271177516,3.57904891783938,0.0391154706799352,0.56108558177948
0043,6,irregular,1,8.462386081024,1436,166.431,42.7594666271657,0.866103739445115,0.546619924349817,0.565799842395587,48.525959635476,40.6347084677215,0.651472155986218,1.19419977318215,1.17193063614012,0.155855669051362,1.64409565925598,1.14016431570053,0.269322047095244,1.39770943521438,0.694740245374872,4.59266299132634,0.0282670600733612,0.243491053581238
0043,2,irregular,1,1.17833551019135,10,8.626,3.56824823230554,1,0.59225774015139,0.625,4.16333199893227,3.35459883344243,1.68884952640755,1.24108193129607,1.20870571562813,0.102921982360561,1.46244096755981,1.21924948692322,0.255747750970733,1.47154405093394,-0.37232518322903,4.41799057870297,0.0593639618920301,0.13181471824646
0043,18,circular,1,0.816123336427301,4380,264.483,74.6779030633561,0.935697500534074,0.236275446768837,0.739240506329114,75.9335725948459,73.7835984329258,0.78684365977148,1.02913891715209,1.29426698861403,0.10396637198623,1.80852949619293,1.28609001636505,0.343778505993951,1.68593545110305,0.207364816061998,3.73143385027218,0.0256593117693958,0.0934606790542603
0043,17,circular,1,0.674751882502728,4390,238.687,74.7631032086507,0.975338813596978,0.153878141766024,0.760041551246537,75.2611197258968,74.364747198834,0.96831542999748,1.01205372923095,1.31406403668191,0.391489823395748,3.12462759017944,1.15902101993561,0.575366695553495,1.88001977816377,1.56163100622555,3.79910976034876,0.0352485739951294,0.36016321182251
0043,7,irregular,1,6.59533055900593,3343,235.065,65.2413963526966,0.901564185544768,0.552830376872405,0.645990338164251,71.9642260556267,59.9673441404872,0.760274284694368,1.20005691576125,1.28000482302829,0.27236995860508,2.56330013275146,1.18589854240417,0.474454099348868,1.7125930658744,1.79511637056386,3.86031775677014,0.0305466783457099,0.232037901878357
0043,15,circular,1,0.286791032608074,34,17.789,6.57952464247954,0.944444444444444,0.504311287185303,0.80952380952381,7.18807728519191,6.20706237873284,1.35016147188191,1.15804817909037,1.03917973961925,0.150418569331232,1.51054537296295,0.992284417152405,0.303047966327829,1.10248804682738,1.47869902030294,4.2761481112933,0.0465219996538011,0.13312441110611
0043,NaN,unmatched,0,NaN,54,28.301,8.29185958731205,0.870967741935484,0.76676970682113,0.5,10.9014972654045,6.99791400669372,0.847227533431277,1.55782098136343,1.29674592113187,0.0760897761269818,1.44837522506714,1.30586332082748,0.17029964852054,1.68733339915185,-0.578346512335438,4.43551844988739,0.0242287893713309,0.110485553741455
0043,NaN,unmatched,0,NaN,129,54.137,12.8159237384917,0.75,0.901753698066357,0.511904761904762,21.4696390970612,9.28025660383121,0.553109608426548,2.31347472527837,1.30907230433531,0.0714279405604748,1.48386776447296,1.3179304599762,0.159088366347455,1.71876835998853,-0.700941995762816,4.40587954769345,0.0245272989626388,0.0886448621749878
0043,9,irregular,1,4.06633432202827,10222,573.17,114.08354231125,0.829505802158565,0.754021682413408,0.588824884792627,145.144718232477,95.3382396645328,0.391001873532413,1.52241869309941,1.31861880513662,0.343459854309657,3.07945680618286,1.20024120807648,0.527170868198301,1.85671803049907,2.62208897325353,3.31493900576971,0.026050703824055,0.20139467716217
0043,NaN,unmatched,0,NaN,32,28.21,6.38307648642292,0.744186046511628,0.961388685337479,0.290909090909091,13.7406543141117,3.78134707303482,0.505305086590398,3.63379876237698,1.28674273798543,0.0691543236416395,1.50287914276123,1.29277271032333,0.174778681793562,1.66048405195648,-0.423699986492543,4.28066109938292,0.0230891612009747,0.0924098491668701
0043,NaN,unmatched,0,NaN,12,11.421,3.90882009522336,0.8,0.753032458269055,0.6,5.44247074123496,3.58105524604771,1.15606658100924,1.51979524673394,1.29025406837463,0.0595321231544142,1.44360303878784,1.29298305511475,0.128588231166078,1.66829372785508,-0.229306834466313,4.5000041459807,0.0243184807758595,0.0832713842391968
0043,NaN,unmatched,0,NaN,294,107.306,19.3476723703948,0.628205128205128,0.775377325553507,0.375,31.0160245967506,19.5865643526714,0.320855273846155,1.58353573594035,1.24827387664318,0.114227516653311,1.4900643825531,1.2581160068512,0.215743806457759,1.57123037750035,-0.170363058000614,4.72987515261743,0.027369089546918,0.177504658699036
0043,5,circular,1,0.783723289521019,4090,244.46,72.1633545365431,0.950058072009291,0.186671758383388,0.74703196347032,73.0250675857074,71.7414577944564,0.860037834848769,1.01789216208749,1.29823486097187,0.378789500499042,3.09272074699402,1.17198610305786,0.564824212714243,1.82888648198152,1.87600116631383,3.82409072663613,0.0328861933707778,0.353999376296997
0043,NaN,unmatched,0,NaN,414,82.794,22.9591195719774,0.898047722342733,0.566958764192366,0.636923076923077,26.2987924752652,21.6635296907134,0.7589487938085,1.21396618421507,1.26879224483518,0.136471891989819,1.53555297851562,1.30175668001175,0.292005719923978,1.62844934047682,-0.757740664277407,4.50851810478726,0.0250918049170007,0.185568809509277
0043,NaN,unmatched,0,NaN,200,96.853,15.9576912160573,0.483091787439614,0.801547296313101,0.32258064516129,30.6769303095734,18.3426991865496,0.267925287130694,1.67243272091974,1.28897273951818,0.103690056571701,1.54854774475098,1.30754935741425,0.218460442603822,1.67219790823142,-0.560984233202902,4.50501570291942,0.0268730814418884,0.141706943511963
0043,NaN,unmatched,0,NaN,276,99.921,18.7460426316304,0.62870159453303,0.955766649960739,0.319444444444444,41.1073167476882,12.0907311311778,0.34738047330398,3.39990330623485,1.27349244882693,0.113764881351385,1.57705438137054,1.28677552938461,0.287322531181051,1.63472053311265,-0.58478623978667,4.29163728384759,0.0279303258414572,0.149016141891479
0043,NaN,unmatched,0,NaN,8,9.643,3.19153824321146,0.8,0.901091201056837,0.533333333333333,5.55547454493988,2.40901831607642,1.08112402260732,2.30611552758474,1.048972492529,0.219705081994917,1.47090041637421,1.10619020462036,0.469181985099042,1.14852966474897,-0.324753898381258,4.65272398902262,0.0572384164450588,0.37325245141983
0043,NaN,unmatched,0,NaN,16,16.193,4.51351666838205,0.761904761904762,0.890884209661711,0.444444444444444,7.71780419104004,3.50566186838256,0.76678783622313,2.20152555517309,1.30840526318409,0.0668911997266186,1.48171889781952,1.30485236644745,0.12994691470139,1.71639214634555,0.0579472309293771,4.62234745050248,0.0258493832169645,0.0942380428314209
0043,13,circular,1,0.835024269827757,11,9.271,3.74241031850956,1,0.258109284021837,0.6875,3.98481967958249,3.84979696076539,1.60823454673611,1.03507268570087,0.897277765596906,0.14738251112386,1.56060600280762,0.855781614780426,0.412476756889962,0.826791282100679,2.22054627076094,3.7611552194662,0.0527050095956177,0.113911032676697
0043,NaN,unmatched,0,NaN,156,59,14.0934512798919,0.78,0.919590410013273,0.412698412698413,24.0198611974809,9.43688587735896,0.56315823494399,2.54531648571798,1.26393386824905,0.103472042999063,1.48842000961304,1.26518183946609,0.232672610822053,1.6082284150615,-0.436910429672953,4.50277137304343,0.0275442580786549,0.134448766708374
0043,NaN,unmatched,0,NaN,40,27.614,7.13649646461108,0.740740740740741,0.765039571261195,0.5,10.5816241623374,6.81438894939997,0.659190916604436,1.55283536659132,1.34147393348671,0.0475534431918706,1.52610039710999,1.34321731328964,0.173724094947099,1.80181095212423,-0.126056251750237,3.73033998674841,0.0228652796727765,0.0642076730728149
0043,NaN,unmatched,0,NaN,44,26.688,7.48482063701911,0.830188679245283,0.891901817938557,0.5,11.9396017000978,5.39943517636226,0.776301602366662,2.21126864386986,1.25748713795216,0.130824376123559,1.50202798843384,1.28623586893082,0.282922849849062,1.59836920174126,-0.966330251974116,4.46325925546084,0.050588229532989,0.153040528297424
0043,NaN,unmatched,0,NaN,351,98.631,21.1401769198378,0.695049504950495,0.874905160330783,0.498579545454545,33.8334256773885,16.3853349051211,0.453408970022352,2.06486018584913,1.25534277342214,0.11249319347024,1.52417051792145,1.25462979078293,0.217373578001035,1.58853528481427,0.00323744286474381,4.68427491141822,0.0263870538548916,0.159262657165527
0043,NaN,unmatched,0,NaN,28,19.493,5.97082132144185,0.823529411764706,0.725719016642966,0.5,7.7002950821919,5.29773535247452,0.925999025804469,1.45350693642995,1.31141998748931,0.0577013811111261,1.44446671009064,1.31885272264481,0.121890472986282,1.72314742893501,-0.391788001699314,4.50077923014636,0.0207760454369989,0.085817813873291
0043,11,irregular,1,7.39626761950018,5112,350.716,80.6771377323598,0.841758603655524,0.719473983286578,0.593659273022878,100.192067251822,69.5853337398534,0.522263350594659,1.43984460326644,1.30698739618565,0.285937088896496,3.11403918266296,1.23248064517975,0.584999450201873,1.78997273504247,2.92327352576055,3.36755702766758,0.0298387043395395,0.228544950485229
0043,NaN,unmatched,0,NaN,367,133.267,21.616635097022,0.464556962025316,0.921977229724801,0.287617554858934,52.9611458280498,20.5088909013207,0.259675326048329,2.58235055629651,1.21514113892812,0.154752189190705,1.77109360694885,1.18905025720596,0.402733619795006,1.500511061863,0.471115760198202,4.22603833177693,0.0418614816004808,0.236178636550903
0043,20,irregular,1,11.0434830305733,16,13.307,4.51351666838205,0.941176470588235,0.87331049776281,0.533333333333333,6.76739111695979,3.29682940668157,1.13545396949168,2.05269678292864,1.15671463012695,0.132445857636791,1.66424572467804,1.14698433876038,0.310876074053058,1.35550365320841,0.409226403728389,4.35968775635532,0.0494842635905227,0.183300971984863
0043,NaN,unmatched,0,NaN,16,14.969,4.51351666838205,0.842105263157895,0.869575330878838,0.571428571428571,7.12273813227959,3.51721028169158,0.897313640877127,2.02511011904979,1.16166943909577,0.134557676031279,1.49231898784637,1.14804500341415,0.246737274564107,1.36755371290775,0.153207766453069,4.79202063356318,0.0457547145189661,0.213024973869324
0043,NaN,unmatched,0,NaN,445,138.874,23.8031846064166,0.644927536231884,0.866485531421272,0.393457117595049,41.7465507560597,20.839969451014,0.289953253073892,2.00319635084822,1.22684825352503,0.166260820419979,1.77109360694885,1.2255711555481,0.327844045058722,1.53279250744402,0.161546362932555,4.55688325007616,0.0447758079707822,0.257440447807312
0043,NaN,unmatched,0,NaN,10,10.958,3.56824823230554,0.769230769230769,0.925228390095683,0.5,6.53852893469828,2.48078738242118,1.04651937175972,2.63566679717504,1.271168735226,0.0638189651985302,1.43528747558594,1.26948541402817,0.145509960198973,1.61993602563453,-0.017784696091011,4.46929192702664,0.023150096687168,0.0867183208465576
0043,1,circular,1,0.838607171539767,6793,305.684,93.0006248763198,0.965051853956528,0.133645649392467,0.752686980609418,93.5207837459624,92.6818258545864,0.91353683494373,1.00905202161956,1.41712247622718,0.589024059297977,4.18987655639648,1.14317178726196,0.641683319406924,2.35517239663331,2.13150006681027,3.2968182504193,0.0320285900848451,0.454612016677856
0043,NaN,unmatched,0,NaN,765,112.411,31.2094256871606,0.936352509179927,0.691393339753124,0.560850439882698,38.2469634680881,27.6326105636705,0.760770522361026,1.3841241449106,1.75300686416172,0.684859343171488,4.00145149230957,1.5786504149437,0.626886342266094,3.5419674257608,0.977159869251886,4.25218916582235,0.0461493340049564,0.91313910484314
0043,NaN,unmatched,0,NaN,396,138.635,22.4544619110573,0.58493353028065,0.835529285924341,0.423076923076923,36.6494726337977,20.1369029872763,0.258916230998956,1.82001535474224,1.26439516040758,0.113077202075852,1.5443799495697,1.28249943256378,0.221498228831066,1.61147814360767,-0.546846417392289,4.56170034628057,0.0240043599120431,0.146412134170532
0043,NaN,unmatched,0,NaN,105,51.623,11.5624457705622,0.632530120481928,0.804881447552005,0.475113122171946,17.1083227952859,10.1526884378238,0.495122524849361,1.68510270949996,1.24432673120381,0.102649040658996,1.6641480922699,1.23390138149261,0.289888737409911,1.55887720986782,0.385583082281976,4.08637943139588,0.0495007188115655,0.137076497077942
0043,3,circular,1,3.5545460316763,6036,323.774,87.6656939288194,0.886864531295915,0.562448925396183,0.722701149425287,99.236148180615,82.051625878769,0.72356100569494,1.2094354879358,1.40754427161808,0.549384169325403,4.05476331710815,1.14903789758682,0.631940743166689,2.2829922611108,2.13306680963032,3.25529990484651,0.0311472343139477,0.428069829940796
0043,NaN,unmatched,0,NaN,50,32.866,7.97884560802865,0.704225352112676,0.901891487218201,0.480769230769231,14.1346345798834,6.10563444367844,0.581682725479412,2.31501487851403,1.27068552865094,0.0940967472182235,1.57187259197235,1.27571243047714,0.246323987243014,1.62348632809478,-0.354425076658993,4.25057374056827,0.0465736614265167,0.111086130142212
0043,NaN,unmatched,0,NaN,64,48.712,9.0270333367641,0.60952380952381,0.965357693467224,0.280701754385965,20.6451393466527,5.38693853445155,0.338936168689085,3.8324438295739,1.32008549188956,0.0603197277476627,1.47777891159058,1.33206176757812,0.132483128784895,1.74626126001251,-0.598797275804741,4.42398417647689,0.022178159108085,0.086509108543396
0043,12,irregular,1,13.3310401882954,212,73.77,16.4294486664603,0.711409395973154,0.881094743194912,0.460869565217391,26.6828416910249,12.6193777871214,0.489537716870194,2.11443401894631,1.26470120043256,0.130597179109194,1.62982678413391,1.25913715362549,0.280316004074131,1.61651483350682,0.206321519349589,4.52622084083594,0.053031705786147,0.17385733127594
0043,NaN,unmatched,0,NaN,8,7.865,3.19153824321146,1,0.717405907733603,0.666666666666667,4.13664260866049,2.88181446225832,1.6251834726081,1.43542988725889,1.27514403820902,0.0775389193563882,1.57187259197235,1.26865470409393,0.202133163151927,1.63199371037608,0.426281094228601,4.13300115836436,0.0411284701212736,0.0924932956695557
0043,4,circular,1,0.800047786305978,17,12.157,4.65242649168128,1,0.471362556619427,0.85,5.09064320221189,4.48963948943543,1.4454595806325,1.13386458182014,1.04827565620343,0.166446619730742,1.45521891117096,0.971391469240189,0.265330224096365,1.12654015447982,0.854131831943195,4.54950370227979,0.0439103714912122,0.251770675182343
0043,NaN,unmatched,0,NaN,31,24.538,6.28254931431422,0.738095238095238,0.879182247246696,0.442857142857143,9.98931994558543,4.75976762274264,0.646983542598219,2.09869908309294,1.28411596748564,0.0922095555477559,1.45132458209991,1.31977212429047,0.153303724092487,1.65744592304622,-0.475062257263937,4.57411595494453,0.0242343093542871,0.159435868263245
0044,20,irregular,1,2.5851671442195,754,122.614,30.9842317434258,0.804695837780149,0.57626422176083,0.652813852813853,36.2652954445056,29.6383004705229,0.63023292608707,1.22359564714494,1.48221759976331,0.253881362688168,2.42835116386414,1.38941764831543,0.406501277938528,2.26140685001971,1.29725366011305,4.05425463118547,0.0460707628797625,0.245487928390503
0044,9,circular,1,1.37214184078247,4135,231.558,72.5592552158572,0.973628443607252,0.347401708140531,0.755251141552511,75.0078009731991,70.3360453545557,0.969093762371407,1.06642050452358,1.447104640582,0.552431282065299,3.71378064155579,1.19755756855011,0.639890997488784,2.39927353433273,1.58249299716422,3.90898492030774,0.0387915874307868,0.586441397666931
0044,11,irregular,1,0.334189789544627,3845,327.75,69.968607600171,0.838604143947655,0.505602482455128,0.629708483458893,77.1625707901698,66.5732854340985,0.44980140476283,1.1590620815395,1.3876719211688,0.334547296516315,2.61825394630432,1.26712185144424,0.491391171151375,2.03754941053172,1.21278089111016,4.21243311446152,0.0280598029640511,0.412153601646423
0044,17,irregular,1,5.6667577543599,3746,250.705,69.0619673523562,0.859371415462262,0.648798897431646,0.706259426847662,82.4467690264997,62.738686266715,0.748947966676366,1.31412966914866,1.5400189085073,0.721829564662135,4.06209421157837,1.17764723300934,0.638823821159448,2.89266480137802,1.57959906870529,3.74266485912873,0.0422204113649308,0.709913015365601
0044,NaN,unmatched,0,NaN,870,111.178,33.2824038182279,0.972067039106145,0.745341287573663,0.644444444444444,41.3752897740708,27.5842067358438,0.884486894431407,1.4999630103666,1.95644577830747,0.812925896708583,3.98770880699158,1.74275070428848,0.615843643931255,4.4883978911988,0.661547404434209,4.56028203409505,0.0593814383042454,1.3188009262085
0044,12,circular,1,0.538952417434456,838,103.593,32.6645792639071,0.965437788018433,0.235649442126169,0.746880570409982,33.1749278111437,32.2406596277151,0.981280259652403,1.0289779487832,1.50129575025564,0.204612230666401,2.3051815032959,1.43179446458817,0.307533149623952,2.29574326807366,1.42774134789525,4.01276657790746,0.0396754968752483,0.197974801063538
0044,15,irregular,1,2.33352328528382,3215,241.003,63.980193312646,0.89355197331851,0.363136627857838,0.648446954417104,67.9139111887869,63.2778292426971,0.695578170363289,1.07326550233429,1.37883562473426,0.202386026016377,2.24975299835205,1.31760829687119,0.397259391099648,1.94214513892826,0.737769270069573,4.16721845906304,0.0284917226345952,0.280563116073608
0044,10,irregular,1,1.21972731220118,1550,158.383,44.4243322329048,0.907494145199063,0.52607124765724,0.738095238095238,48.7456443079611,41.4552700707429,0.776469555972352,1.17586121679529,1.49372951142829,0.376153918276139,2.97029399871826,1.3853320479393,0.503531188708548,2.37269952528346,1.81857896119161,4.075971286631,0.0363187822581117,0.341791272163391
0044,NaN,unmatched,0,NaN,14,14.026,4.22200824564475,0.875,0.9230755674504,0.666666666666667,7.56922939742952,2.9112667023277,0.89427323041115,2.59997800661051,1.57247823294426,0.0876533878196031,1.7901918888092,1.58581042289734,0.14101023946279,2.48035853731165,-0.11735910437097,4.57919353394764,0.0255371404134697,0.139270305633545
0044,13,irregular,1,1.64475394379206,5025,272.529,79.9876785029682,0.950264750378215,0.463637806149834,0.738970588235294,85.2167586038503,75.5041633497545,0.850198794447489,1.12863655225348,1.50175748662815,0.621769924169114,3.74691772460938,1.22644430398941,0.610027532759061,2.64185486670083,1.89519516780463,3.76166978980642,0.0379750469959298,0.467756152153015
0044,7,circular,1,0.927237452365197,1869,176.024,48.7820121469996,0.913936430317848,0.293821997933159,0.630566801619433,50.4317062403182,48.2056584808402,0.758010800825726,1.04617814235154,1.54258140564195,0.400995417266163,3.41516590118408,1.4698588848114,0.580098706778141,2.54033743881354,1.92908884383284,3.70167729991753,0.0368347918616923,0.228984951972961
0044,8,circular,1,0.768822798768163,4985,253.532,79.668683499257,0.979756289308176,0.0982880435992603,0.77890625,79.8907621822957,79.5039317348352,0.974561974116389,1.00486555116231,1.52128845367818,0.757472549390074,4.68812704086304,1.12135499715805,0.653369391687849,2.88805309400486,1.90595456732103,3.02283891624597,0.0388869351762276,0.61488401889801
0044,5,circular,1,0.780034648203573,64,25.563,9.0270333367641,0.941176470588235,0.225824068508652,0.790123456790123,9.21947388406375,8.98131737095028,1.23073966622938,1.02651687979358,1.28494502276218,0.176955183720669,1.86601483821869,1.21779561042786,0.269215695567271,1.68235961534806,1.57388701726328,4.18125303163472,0.0447639109665456,0.140874028205872
0044,19,circular,1,0.35243305163325,21,14.142,5.17088294582641,0.91304347826087,0.596413816278735,0.7,5.91845407324065,4.75060767323795,1.3194942224069,1.2458309505501,1.17351920072849,0.14931528367392,1.81858909130096,1.12503331899643,0.282000395219765,1.39940806833407,2.46177346465568,3.59586228361973,0.0442146675148977,0.0796552896499634
0044,2,irregular,1,3.36953809775385,17,13.472,4.65242649168128,0.944444444444444,0.719439154192473,0.708333333333333,5.9507216829909,4.13310630611236,1.17704925582934,1.43976981046689,1.34318814063684,0.117798821784554,1.73117625713348,1.33339297771454,0.220016759294765,1.81800870548047,0.696290600482828,4.49148750011463,0.0638598695242033,0.130731701850891
0044,4,circular,1,0.336137160043183,8,6.831,3.19153824321146,1,0.580947501931112,0.888888888888889,3.65148371670111,2.97209241668783,2.15442450565183,1.2285902336679,1.18576347715237,0.110193239501121,1.76067233085632,1.16426742076874,0.258809084967412,1.41815461999945,3.04092073871475,3.28918251524788,0.0417948301231422,0.0541716814041138
0044,NaN,unmatched,0,NaN,3607,263.391,67.7685401780187,0.886240786240786,0.83536541073688,0.657012750455373,93.0000800287275,51.1216821652491,0.653362409258951,1.81919052914002,1.4351365447929,0.354938406270483,3.01195907592773,1.34977167844772,0.525933658198848,2.18559129999042,1.58833205375065,4.06559511421794,0.0329148517834484,0.369901537895203
0045,NaN,unmatched,0,NaN,8021,465.872,101.057678522321,0.774676453544524,0.903756754027575,0.543759745102027,171.413876684664,73.3730946262831,0.464413849045636,2.33619527100144,1.54671748685388,0.667946907657899,4.53576374053955,1.24834108352661,0.695959721744219,2.83847794217963,1.85935107508499,3.59087201375346,0.0407966527242044,0.552152991294861
0045,NaN,unmatched,0,NaN,10,10.776,3.56824823230554,0.909090909090909,0.906493120995079,0.5,6.05133469095858,2.55499806744895,1.08216802743682,2.36843024190643,1.42006988147895,0.137559737350463,1.99343824386597,1.41343879699707,0.282437505013664,2.03548961182132,0.677143433468677,4.21251832331833,0.0432361637205307,0.143736124038696
0045,NaN,unmatched,0,NaN,13,14.208,4.06842894512822,1,0.963964880373266,0.8125,8.17667920267664,2.17523810334845,0.809258592748695,3.75898123064775,1.33365624872121,0.169725671173277,1.68086779117584,1.32025933265686,0.294589206048086,1.80739902891702,-0.0176121217617712,4.70475499095794,0.0593273695809237,0.274126291275024
0045,NaN,unmatched,0,NaN,21,16.656,5.17088294582641,0.91304347826087,0.922911968047826,0.65625,8.68554910911823,3.34403227643504,0.951234809375777,2.59732813296216,1.3396265179451,0.187878472927,1.70698916912079,1.34488153457642,0.33191487639924,1.82984500090832,-0.303140784513057,4.7401624700373,0.061452432133841,0.281318306922913
0045,10,circular,1,0.445533466493593,827,108.82,32.4494854118826,0.925055928411633,0.288365136009456,0.737076648841355,33.2635764518418,31.8505570579324,0.877602659042987,1.04436404020624,1.46953914946755,0.190451528648086,2.35118722915649,1.4768522977829,0.372600099664446,2.19580685031533,0.277955296627454,4.13053281282529,0.0586460073218207,0.304803609848022
0045,NaN,unmatched,0,NaN,15,23.984,4.37019372236832,0.555555555555556,0.989011087948071,0.1875,15.9014320574982,2.35088935149894,0.327686003782423,6.76400701179721,1.34365969640868,0.19978277893778,1.7670601606369,1.35048431158066,0.351274235284031,1.84528702284797,-0.331526606946852,4.72484706739052,0.0559786134283665,0.274184226989746
0045,2,circular,1,0.278847541941436,5012,263.712,79.8841448487285,0.959234449760766,0.357940324457729,0.773456790123457,82.8946040164008,77.4023775991798,0.90565156393801,1.07095681796316,1.59433606478273,0.751697146907333,4.53576374053955,1.21719723939896,0.685986090709489,3.10692663090476,1.63450138284387,3.74242230238674,0.0479549125005364,0.683829188346863
0045,6,circular,1,2.01680680944193,125,48.232,12.6156626101008,0.786163522012579,0.684117527993014,0.520833333333333,15.895645280187,11.5938352495252,0.675226277673345,1.37104288081357,1.45602936139182,0.144642226746489,1.99265193939209,1.44620025157928,0.308779548947393,2.14092627072837,0.700384435388561,4.17867842986872,0.0459679453560651,0.149913668632507
0045,9,irregular,1,3.80706554010672,1161,178.695,38.4477712154752,0.756844850065189,0.791826865574037,0.446538461538462,54.1696670372305,33.0838869954161,0.456895922295912,1.63734288672718,1.38174666632908,0.237384862324506,2.3792679309845,1.3401250243187,0.425682810860257,1.96556830767475,1.12145311796487,4.25321135247392,0.0359718706187875,0.284428358078003
0045,19,circular,1,1.75484343266273,842,151.999,32.7424448791932,0.749777382012467,0.62691941731287,0.513414634146341,39.9222289921965,31.1027740832535,0.457973653082712,1.28355846604987,1.40393465720192,0.207449394879266,2.38067293167114,1.40956395864487,0.453700878621212,2.01405911412413,-0.104302033867673,4.09175000956076,0.03842606468207,0.262808561325073
0045,NaN,unmatched,0,NaN,27,22.859,5.86323014283504,0.658536585365854,0.554360156240818,0.421875,7.80443687396594,6.495452428776,0.64932058747727,1.20152321328548,1.51274782388794,0.137798973331019,2.21594762802124,1.51626825332642,0.334505347830647,2.3073703156305,0.191410327315213,3.91530465738857,0.0448781220627403,0.204939126968384
0045,13,circular,1,0.693031443610906,5036,252.035,80.0751793459514,0.984940348132212,0.154351294589119,0.786997968432568,80.5980366137677,79.6321522556265,0.996262709739405,1.01212932629324,1.55116009174485,0.781312846597421,4.46052217483521,1.15130043029785,0.662883232213036,3.01651533809376,1.74596158530183,3.24527282197284,0.0430201796102322,0.6546710729599
0045,17,circular,1,0.714576444830453,892,105.255,33.7005886284463,0.969565217391304,0.230336062773887,0.771626297577855,34.2012065900921,33.2815752641908,1.01178735453066,1.02763184490521,1.55241225851907,0.243733935177908,2.60108065605164,1.46121960878372,0.368630039934026,2.4693735498267,1.49900625617307,3.84990056248846,0.042232929487024,0.224228739738464
0045,NaN,unmatched,0,NaN,23,18.062,5.41151637980601,0.821428571428571,0.762355433157746,0.547619047619048,7.75640936584987,5.01962666655595,0.88594349592763,1.54521638382555,1.4916009446155,0.0968789989298498,1.68871486186981,1.50826817750931,0.162370279223883,2.23424554869577,-0.756478704269165,4.54741400859237,0.0289240057014643,0.115570187568665
0045,14,irregular,1,13.367104628437,36,26.87,6.77027500257308,0.782608695652174,0.87971725440083,0.461538461538462,11.1932841399084,5.32237485657404,0.626580726478092,2.10306196792637,1.32395167978771,0.151347432223459,1.73600959777832,1.31847256422043,0.268441211023199,1.77572739863091,0.165003041935893,4.69096222901371,0.0548617749376188,0.214194536209106
0045,12,circular,1,0.361058523905397,1369,160.145,41.750029182534,0.846629560915275,0.377938322031431,0.582553191489362,44.7682946462222,41.4478649471539,0.670789945867611,1.08011099494032,1.55222077941831,0.262283623599322,2.85047841072083,1.45942282676697,0.448914844460474,2.47817285038145,2.00237038674378,3.31066306869835,0.0304333319371848,0.165205955505371
0045,3,irregular,1,1.36782378502331,5723,269.906,85.3624619755038,0.982152050798009,0.178696419249768,0.792110726643599,86.1758565152829,84.7887921988289,0.98720769500149,1.01635905265877,1.66608837528382,0.901712953018129,4.47681331634521,1.24960708618164,0.656528735792401,3.58889909669265,1.76221552766662,3.59903544597326,0.0458705950492604,0.623214244842529
0045,NaN,unmatched,0,NaN,8,8.237,3.19153824321146,0.888888888888889,0.760668121078518,0.666666666666667,4.39189160894492,2.85095681516678,1.48170490665523,1.54049741672007,1.29569060711757,0.158267490793417,1.83158719539642,1.23103648424149,0.295638488383943,1.70381737011865,0.646179093117842,4.25978019728601,0.0584675854975659,0.253297805786133
0045,8,irregular,1,3.73158121751985,5098,269.007,80.5665886025954,0.959533220402786,0.541326064321686,0.697400820793434,88.0397916983886,74.0249799706469,0.885283832032625,1.18932543761983,1.45913925696261,0.492377793118674,3.2581639289856,1.25476604700089,0.574509403489832,2.37151211896212,1.65511803077617,3.96386773674347,0.0314635567446764,0.452306270599365
0045,18,irregular,1,4.49854362890692,4222,240.755,73.318601717926,0.964147065540078,0.421163816858519,0.732096410612103,77.1592673228195,69.9822661342772,0.915329506250994,1.10255456967872,1.45293325495307,0.532113347242309,3.41911935806274,1.20829999446869,0.557788767455561,2.39414388095195,1.68834227797883,3.81953497496562,0.0323000296306076,0.501820683479309
0045,16,irregular,1,4.20365995124673,315,88.02,20.0267435343736,0.712669683257919,0.587233148089821,0.44179523141655,25.1693448095818,20.3725165556633,0.510925630285935,1.23545585253605,1.32303158549783,0.169416742113304,1.93014645576477,1.27397000789642,0.285130584333182,1.7791035054324,1.44852276898145,4.10426233889833,0.0412067108884617,0.120607376098633
0045,7,circular,1,1.31660990593136,4542,244.675,76.0463938144808,0.971343028229256,0.264761770558046,0.756243756243756,77.554410216762,74.7867920433241,0.953405822643655,1.0370067775047,1.60135155917844,0.660095437795706,3.63890337944031,1.31759035587311,0.661834415378494,3.00002302003428,1.48821305915272,3.96744515331193,0.0434793647711682,0.724721193313599
0045,NaN,unmatched,0,NaN,17,21.817,4.65242649168128,0.607142857142857,0.950772091431633,0.283333333333333,10.7790136135787,3.34031927770269,0.448816404379343,3.22694111474039,1.29058660994738,0.154341410684178,1.68918287754059,1.28403234481812,0.288903221261351,1.68940452873635,0.214090423565715,4.64566332394298,0.0564207648010728,0.226706862449646
0046,14,irregular,1,2.64507839818439,277,72.646,18.7799721483191,0.860248447204969,0.895959181908663,0.615555555555556,28.8087452749569,12.7950124975934,0.659578089409396,2.2515605420765,1.42645329027547,0.265241862177009,2.49350118637085,1.31041723489761,0.365429081290374,2.10508882868939,1.62222310575946,3.91404192520803,0.0496256628469134,0.293967247009277
0046,4,circular,1,0.654204909901917,4889,246.469,78.8978335203839,0.9862820254186,0.0975240375409761,0.773575949367089,79.0997260399675,78.7226710703743,1.01135888745995,1.0047896617895,1.63902934047074,0.718403566744304,3.94997906684875,1.28847712278366,0.604874115708689,3.20249356522781,1.52278065606596,3.42763267415695,0.0397632472060219,0.556333541870117
0046,NaN,unmatched,0,NaN,19,12.736,4.91849075936593,0.95,0.689144963981306,0.76,5.91074916657638,4.28306775632102,1.47196459532977,1.38002700467514,1.46259673213959,0.161627654421972,1.81192314624786,1.45748901367188,0.257055543331493,2.16527090194147,-0.0230546236734391,4.72312890733731,0.0610813604132181,0.264379382133484
0046,3,irregular,1,4.7441151977179,5180,261.942,81.2119501165201,0.97423359037051,0.204819823536282,0.80950148460697,82.2414821603958,80.4979375269966,0.948700971838567,1.02165949447853,1.70520520288516,0.789282444291452,4.09679841995239,1.3373886346817,0.634203153706731,3.53065884712448,1.50240592093925,3.90952496105031,0.0454650414527557,0.611125707626343
0046,7,irregular,1,7.54158897734817,2249,194.847,53.5118280019416,0.907586763518967,0.569977178864189,0.69758064516129,60.0211891735113,49.3170417062864,0.744409441082513,1.21704763904889,1.53695200498547,0.309206134963799,2.53620457649231,1.5021835565567,0.41819783466322,2.45782086622939,0.896404205332649,4.51583314335517,0.0344159947739192,0.361970543861389
0046,9,circular,1,0.481337047347732,3113,202.935,62.9570861997326,0.969178082191781,0.232822548633507,0.772456575682382,63.9311866409315,62.1743086721833,0.949893843765575,1.02825729801053,1.50281579312258,0.550143533184694,3.46671462059021,1.27889400720596,0.57419869473889,2.5610888661767,1.57243737984699,3.99348489440958,0.0357461727952345,0.61365020275116
0046,NaN,unmatched,0,NaN,12,19.394,3.90882009522336,0.5,0.940363655986208,0.333333333333333,9.75222163218544,3.31742134011425,0.40091871297592,2.93969943288831,1.61608227402314,0.0812349683181758,1.78924977779388,1.6314605474472,0.16178726642395,2.6183115549951,-0.971330532763251,4.20265847105574,0.0287502612090155,0.0892108678817749
0046,NaN,unmatched,0,NaN,19,17.599,4.91849075936593,0.791666666666667,0.929682201031844,0.475,9.13048535667837,3.36332932532017,0.77088124974798,2.71471642337885,1.59285319958414,0.0875524883133046,1.77621591091156,1.61189329624176,0.136366671416788,2.54483580300928,-0.723970481245947,4.54045242060599,0.0260146633993709,0.114071130752563
0046,15,irregular,1,1.63144761705394,186,54.617,15.3890401039422,0.877358490566038,0.72444365301833,0.575851393188854,19.3452558472418,13.3353430157958,0.78355074005783,1.45067553375472,1.44062015717838,0.251514984142787,2.43770790100098,1.37091708183289,0.369462707093891,2.13860238544058,1.68000651165384,4.04524364510891,0.0533736875273802,0.189429640769958
0046,19,circular,1,0.832985051956581,3276,211.859,64.5843072932767,0.95873573309921,0.191028478155939,0.719367588932806,65.2626511767783,64.0608064880459,0.917191288313037,1.01876099841104,1.51009058998965,0.6347718220687,4.11465358734131,1.27744674682617,0.632048685018313,2.68327966632083,1.67392345440534,3.84903255877636,0.0394711377875793,0.63331937789917
0046,6,irregular,1,1.81320634227413,1337,153.306,41.2591962029184,0.871577574967406,0.47886517794074,0.633049242424242,44.8118106404874,39.3397712582777,0.714863242338589,1.13909687848168,1.46316070596554,0.352163744913411,2.55357074737549,1.43836081027985,0.47034347304702,2.26484009945957,0.712838345105046,4.5474355640697,0.0394351736369943,0.497636795043945
0046,5,circular,1,3.58948176580138,138,58.355,13.255453865238,0.693467336683417,0.638092127937234,0.425925925925926,16.7283097493449,12.88012975117,0.509252070753778,1.29876872923779,1.54035829672193,0.134080106921884,2.22209143638611,1.54623889923096,0.294571402696228,2.39066870757727,0.558229491781377,4.02273444925872,0.0577015108423917,0.180408000946045
0046,16,circular,1,0.847448777864407,1536,161.585,44.2232511323309,0.886836027713626,0.265650227927446,0.590542099192618,45.5070611437094,43.8719686347123,0.739263041174928,1.03726964072689,1.52017287483512,0.170834721236666,2.19545459747314,1.47304856777191,0.352548828718839,2.34010638691781,0.652417571232096,4.12311705238932,0.0313317167647978,0.222705960273743
0046,11,circular,1,0.765417486551842,5050,252.796,80.1864059608147,0.982299163586851,0.128555064729375,0.751041046995836,80.5606818729908,79.8922193318957,0.993026518866185,1.00836705434753,1.58600477013198,0.811469892705095,4.62985181808472,1.1761195063591,0.651419589294439,3.17386186126127,1.7738223161661,3.20470299264236,0.0449074643194236,0.619008779525757
0046,12,circular,1,0.567707410870072,3797,225.463,69.5305008709085,0.965175394001017,0.1261388416462,0.753373015873016,69.8854484748985,69.32724523485,0.938641816976731,1.00805171528391,1.50963771355839,0.572936468742605,3.33877110481262,1.23195105791092,0.532191476490615,2.60724052482785,1.53270744733181,3.73394270949395,0.0342979084748343,0.61756157875061
0046,NaN,unmatched,0,NaN,86,46.065,10.464157913909,0.682539682539683,0.939208812120279,0.358333333333333,21.0681248226771,7.23366655658151,0.50929119081217,2.91250981198579,1.54060265942225,0.133720315655203,1.85724902153015,1.54986965656281,0.289197613867965,2.39132348567052,-0.842248940061974,4.27198894470169,0.0455008753195687,0.149659752845764
0046,20,circular,1,3.47891605467884,51,34.553,8.0582390620714,0.698630136986301,0.939921185717127,0.455357142857143,16.5359741500538,5.64524122170502,0.536795071538203,2.92918823140377,1.52141748919707,0.133358653874779,2.15612077713013,1.52403151988983,0.276344590313815,2.33247702576843,0.737483419759729,4.09829883912519,0.0572423024202324,0.160293936729431
0046,17,irregular,1,2.6410122952275,483,110.994,24.7986834349544,0.864042933810376,0.939730207300606,0.557093425605536,43.9235123491804,15.0181893156259,0.492672123063648,2.92468761886492,1.38969289572173,0.180222504801733,2.02592921257019,1.3475079536438,0.306907863432655,1.96371986028338,1.10508328095232,4.35594439692091,0.0387956811590423,0.216986775398254
0046,NaN,unmatched,0,NaN,17,11.81,4.65242649168128,1,0.288647295727436,0.68,4.89096806649266,4.6827864613578,1.53164807765707,1.04445677949502,1.40212642993927,0.213191416709729,1.85724902153015,1.43693721294403,0.400360387730279,2.01133638476469,-0.497172072931281,4.58362679221019,0.0692837027357167,0.303603768348694
0046,NaN,unmatched,0,NaN,8,11.14,3.19153824321146,0.727272727272727,0.926848113485605,0.444444444444444,6.44661469526406,2.42029453527296,0.810082908525679,2.66356619052442,1.5688066333034,0.0707725898283761,1.75196540355682,1.56904327869415,0.11612297898732,2.46615463631579,0.0617591798590835,4.60017740817338,0.034167715265205,0.0954474210739136
0047,19,irregular,1,2.00799781985581,3580,229.541,67.514424904252,0.942105263157895,0.484877463648847,0.672932330827068,72.4689908066444,63.3800819824702,0.853831851994092,1.14340323552576,1.38335798050225,0.530829680623401,3.48337197303772,1.20979428291321,0.760825985201206,2.19544251000156,1.84078097863604,3.94413597316703,0.0414873898203132,0.411363244056702
0047,2,irregular,1,3.55029820477786,657,96.431,28.922627489407,0.929278642149929,0.322211203423952,0.68366285119667,30.2553711246218,28.6417858896915,0.887854688979671,1.05633675362091,1.47249465315795,0.30364668798469,2.75394940376282,1.3393611907959,0.400239519259504,2.26041133493055,1.76541610994073,3.74862124720127,0.047692125237533,0.237750053405762
0047,3,circular,1,1.16500789998529,1873,164.264,48.8341854369351,0.935564435564436,0.46047017433551,0.707860922146636,52.0563986078497,46.2091728096604,0.872293935486132,1.12653820535318,1.38195046629314,0.350081518386857,2.90689659118652,1.3011873960495,0.542947355722775,2.03232951138127,1.45265383507594,4.13903604525692,0.0362613572320827,0.396767377853394
0047,7,circular,1,1.09283847825942,1845,174.751,48.4677930180071,0.890444015444015,0.561087542371085,0.660580021482277,53.6791845924446,44.4332922265058,0.759218697818419,1.20808479188997,1.30055730995082,0.313854940603074,2.73827576637268,1.18250489234924,0.503051267447227,1.78994330615001,1.2439350061255,3.96492403344296,0.0308626384685869,0.467092275619507
0047,10,circular,1,0.772824198955513,5262,274.828,81.8522234542008,0.955337690631808,0.175036418826311,0.720427163198248,82.6265143075747,81.3509228329001,0.875464928995524,1.01568011068903,1.47920662587501,0.621479941797034,3.88654899597168,1.1786544919014,0.594005770085553,2.5742722741363,2.00754079928123,3.22676305938887,0.0336844910389626,0.410912871360779
0047,1,irregular,1,4.01742198731642,5033,276.111,80.0513249650003,0.949622641509434,0.628922171374541,0.685041513542943,91.0466637554298,70.7858916613118,0.829601209767228,1.28622613374794,1.38661774016154,0.443573635688116,3.10997748374939,1.20879006385803,0.657540226752097,2.11945801402523,1.86467020573542,3.77512686971551,0.0297391647106328,0.382643342018127
0047,8,circular,1,0.81212841182661,5482,261.843,83.545790942681,0.985616684645811,0.153625075021384,0.776927437641723,84.0633173590296,83.0654194004333,1.00477069250999,1.01201339818422,1.57250399386832,0.843929631748081,4.72166299819946,1.13764142990112,0.652894314001378,3.18495168717887,1.82463710544218,2.88835232840282,0.0418308662561795,0.591869592666626
0047,NaN,unmatched,0,NaN,5598,404.243,84.4250849654736,0.73532116117168,0.907618869203583,0.55497174581144,145.915866782893,61.2547767118881,0.430484720783948,2.38211409159499,1.3003844891902,0.376090228132821,3.38736939430237,1.1645644903183,0.592512075832665,1.83244000316982,2.54102572308599,3.41308383113974,0.0266347053339038,0.281740427017212
0047,NaN,unmatched,0,NaN,36,20.303,6.77027500257308,0.878048780487805,0.563887029103939,0.73469387755102,7.7228721936259,6.37794894423284,1.09746817592247,1.21087080833552,1.398812512802,0.0946975324974024,1.63825511932373,1.38655400276184,0.15837206288464,1.96563176736688,0.370042255949157,4.69144288226825,0.028282847742525,0.134676933288574
0047,NaN,unmatched,0,NaN,62,32.593,8.88486644658096,0.794871794871795,0.793072154686581,0.516666666666667,12.1711036826147,7.41375641816356,0.733420222008735,1.64169187603679,1.44104628637433,0.106391388113505,1.75459969043732,1.44834005832672,0.194669014450044,2.08792173618019,-0.205737494626331,4.51493844062614,0.0347205547521214,0.163766860961914
0047,NaN,unmatched,0,NaN,148,44.171,13.7273250351554,0.961038961038961,0.832986835986457,0.778947368421053,18.6240981706385,10.3045795680618,0.953228714805739,1.80736128510885,1.43372439278497,0.127122630799344,1.719118475914,1.43151414394379,0.207514888360013,2.07171198562261,0.12664133275158,4.72667828312434,0.0336262194558857,0.192822217941284
0047,NaN,unmatched,0,NaN,1913,359.939,49.3528849114048,0.565474430978422,0.786438506282801,0.351654411764706,85.0962569642799,52.5612842793493,0.185552590776349,1.61899120485747,1.37168179886695,0.204817150522384,2.54422807693481,1.34683388471603,0.478410545316722,1.92345875761326,1.44093490089936,3.81645647803192,0.0345039338204374,0.251960754394531
0047,6,circular,1,0.728885076851391,150,44.42,13.8197659788534,0.943396226415094,0.67480278964261,0.588235294117647,16.3089087484889,12.0359436637892,0.955309319798609,1.35501703929997,1.43157881733073,0.162562134350983,2.24268078804016,1.41739511489868,0.358317324241288,2.07582395123161,1.64729098076151,3.85183519071747,0.0576684927448058,0.146622896194458
0047,15,circular,1,2.39693279608884,5131,297.1,80.8269268501291,0.905896892655367,0.399061528505704,0.735943775100402,85.1272482485709,78.0552297242171,0.730477048609768,1.09060275076174,1.413288110171,0.335810290164845,2.96356678009033,1.33254790306091,0.535057109561967,2.11014635700311,1.20812011718714,3.90005938125294,0.0270616325669345,0.435693502426147
0047,NaN,unmatched,0,NaN,180,53.533,15.138795132121,0.841121495327103,0.610396194617316,0.661764705882353,17.9323911806138,14.2041799925759,0.789294733632014,1.26247282067579,1.36771198149558,0.14843443564383,1.90948092937469,1.33210957050323,0.311291801814258,1.89265230488407,0.86702779486176,4.21731793692819,0.0518219823457007,0.189815163612366
0047,NaN,unmatched,0,NaN,70,37.208,9.4406974388263,0.74468085106383,0.903570855788217,0.518518518518518,16.4156405580791,7.03309548796099,0.635382502800176,2.33405626102743,1.40583890588413,0.13055352509599,1.9422687292099,1.41094303131104,0.2861986464188,1.99341045987462,0.198254663266514,4.23859625996462,0.0517422762091722,0.17905056476593
0047,NaN,unmatched,0,NaN,14,11.975,4.22200824564475,0.933333333333333,0.869176716418778,0.777777777777778,6.26121284899438,3.0961797922353,1.2268369723007,2.02223813510328,1.4252834254284,0.106471334681721,1.93660688400269,1.42406523227692,0.255011684544341,2.04275003114541,0.213475759705819,4.06452989802758,0.0423470673874923,0.131535172462463
0047,NaN,unmatched,0,NaN,44,22.396,7.48482063701911,0.977777777777778,0.689842556368378,0.628571428571429,8.98063711771221,6.50161687380485,1.10235537204398,1.38129288329729,1.46272529275329,0.0833964248779803,1.69792771339417,1.46297383308411,0.142256976122011,2.14651165936771,0.0642601730074907,4.63631909653091,0.0285645413392147,0.125246047973633
0047,NaN,unmatched,0,NaN,45,25.274,7.56939756606048,0.9375,0.731979425958765,0.584415584415584,9.89316110510327,6.74047515563855,0.885267285610503,1.46772458568109,1.4607148919624,0.119796099952113,1.69792771339417,1.49931669235229,0.219330383381203,2.14802195527966,-1.04002851866596,4.39577826943764,0.0271866727176003,0.149904727935791
0047,18,circular,1,0.635233469100336,4627,244.137,76.7546700435198,0.97884493336154,0.125020933851056,0.76051939513478,77.0856048925665,76.4807992540638,0.975533429519769,1.00790794087407,1.53884359587405,0.548036100336868,3.2117326259613,1.27445709705353,0.53610226159586,2.66836645319394,1.52082964380938,3.52999991832619,0.0340215777990292,0.389543771743774
0047,11,irregular,1,3.59120352615863,37,26.688,6.8636625175777,0.725490196078431,0.910930267128197,0.411111111111111,12.3154753402613,5.0808769069102,0.65279907471742,2.42388775912121,1.36509553440686,0.111421421683204,1.70754051208496,1.35403591394424,0.200356472793139,1.87588628145916,0.501083155738039,4.57130433375049,0.0448480481434817,0.158773303031921
0048,7,circular,1,1.15049182292335,5334,291.13,82.4103132600366,0.929592192401534,0.216252787814827,0.713101604278075,83.7419473543636,81.7603957137099,0.79084059579254,1.02423608182612,1.42405166338348,0.491870875353964,3.51139378547668,1.2113322019577,0.569349743758048,2.26984678867909,1.88171013800392,3.67541435448686,0.0312917318343241,0.48625123500824
0048,NaN,unmatched,0,NaN,3789,397.99,69.4572144201128,0.669789641152554,0.909989008957346,0.50804505229284,118.326738495669,49.0620962058935,0.300600811912639,2.41177502891642,1.30088948100826,0.256922964594408,2.87170934677124,1.26689624786377,0.525402280931202,1.75832056430561,1.93237005293767,3.69197584699347,0.0255761977540713,0.274558663368225
0048,NaN,unmatched,0,NaN,9,13.861,3.38513750128654,0.692307692307692,0.956042705018996,0.3,8.24235664213396,2.41688534309099,0.588658265469868,3.41032174558711,1.3516510108801,0.0808601753590382,1.54308080673218,1.35601156949997,0.195162713191003,1.83348876414467,-0.358877950862954,4.29199827520668,0.0375519831683674,0.0942292213439941
0048,12,circular,1,0.932217111909751,5903,296.232,86.6944809810386,0.94342336583027,0.110783485166032,0.736953807740325,87.1164666094864,86.5802268633509,0.845315253608045,1.00619355903262,1.37095187095073,0.460809888789929,3.70904660224915,1.14948111772537,0.587566343473386,2.09184577385731,2.04166043014764,3.34990401313402,0.0277467928690627,0.440652370452881
0048,5,irregular,1,12.3946498212645,9,9.825,3.38513750128654,0.9,0.853819029954021,0.6,5.28175336964582,2.7495220431362,1.17162129147338,1.92097145859623,1.2949808792446,0.0985130663427995,1.5525951385498,1.27804517745972,0.194002900639351,1.68666342389417,0.418155483434079,4.53420676415031,0.0442294141870643,0.146211385726929
0048,10,irregular,1,13.2989859910033,35,20.419,6.67558117812455,0.921052631578947,0.844007349993263,0.625,9.45333012408848,5.07011974127353,1.054894359329,1.86451811919416,1.24705853183118,0.160440677629797,1.6735817193985,1.2229877114296,0.282823450076276,1.5808621436303,0.464391805686072,4.66979862496379,0.057521317712045,0.247004389762878
0048,10,irregular,1,5.10849414367398,74,36.811,9.70668461991024,0.770833333333333,0.836743824475497,0.493333333333333,15.0484251332094,8.24043532812995,0.686256312998111,1.8261687075972,1.25180936240015,0.170175277220787,1.6735817193985,1.2246555685997,0.297790978452648,1.59595872417461,0.330351247027845,4.75199839420917,0.0617940108486405,0.253560781478882
0048,NaN,unmatched,0,NaN,28,16.474,5.97082132144185,0.96551724137931,0.663720309273643,0.777777777777778,7.07472393907568,5.29175802116621,1.29649179332333,1.336932624428,1.22660379023594,0.198086445435943,1.62095260620117,1.26479679346085,0.376398176690998,1.54373705335309,-0.530322295319007,4.6936489316808,0.053274916180843,0.258031725883484
0048,NaN,unmatched,0,NaN,60,34.644,8.74038744473663,0.740740740740741,0.88769900868621,0.476190476190476,14.6164077994965,6.72974828115477,0.628210302647019,2.17191003123054,1.42517071079773,0.143566023327556,2.05675911903381,1.3882372379303,0.266383624262493,2.05170185411272,1.85604160535067,3.89929450880177,0.0359599333350284,0.146571278572083
0048,2,circular,1,0.733365678495979,4308,243.848,74.0615687027967,0.956695536309127,0.241111026551194,0.755789473684211,75.3209438631438,73.0987906415469,0.910431263798019,1.03039931580392,1.35606250303047,0.453169369723959,3.41268301010132,1.17840909957886,0.607854700509074,2.04425611362599,1.61024798939278,3.80762033287972,0.0368040928030483,0.442516803741455
0048,15,irregular,1,1.84948162856788,6535,311.077,91.217434873188,0.951652832386777,0.635219949101644,0.735840558495665,104.079327802256,80.3837211501206,0.848632484456164,1.29478116107467,1.48231272953386,0.6883402757525,4.18460369110107,1.20607221126556,0.701402400425149,2.6710470794716,2.24772872819823,3.39898369808122,0.0379449903413033,0.29536771774292
0048,8,irregular,1,3.7350550122863,165,44.593,14.4942928382623,0.942857142857143,0.485884408433276,0.6875,15.6660194343787,13.6924625328981,1.04270252957847,1.1441345482406,1.37920021849965,0.2078809507676,2.34477138519287,1.31039243936539,0.338736548736545,1.94537343518749,2.46460277807669,3.57226377845873,0.0409983290845351,0.120342493057251
0048,16,irregular,1,12.1787646409124,328,105.553,20.4358158798012,0.644400785854617,0.891579475344269,0.455555555555556,37.7261902127638,17.0848432616186,0.369949585688073,2.20816718275176,1.34498875330125,0.172364766373698,1.81072592735291,1.34907299280167,0.32150419656386,1.83869468809602,0.0257189491236893,4.63827482599616,0.0448048689386896,0.21546471118927
0048,16,irregular,1,14.0641476641126,124,42.236,12.5650986286284,0.879432624113475,0.551179012962584,0.688888888888889,14.2318784543845,11.8748946229211,0.87350618972488,1.19848461028984,1.41075041922075,0.162644014033372,1.81072592735291,1.40615606307983,0.278176238884412,2.01664620181518,0.127366863496761,4.70608839636248,0.0608908116953351,0.224610924720764
0048,NaN,unmatched,0,NaN,219,78.906,16.6984867666804,0.657657657657658,0.90230168731456,0.384210526315789,28.7054882294403,12.3750842988072,0.442011860130511,2.31961961117365,1.33806606105542,0.181075975683826,1.81072592735291,1.3497394323349,0.333224407117393,1.82319517191332,0.0533756974025757,4.64841592657851,0.0459556663277235,0.226505041122437
0048,3,circular,1,0.617821891608637,3722,217.424,68.8403775810699,0.979731508291656,0.119836758880325,0.759591836734694,69.1258678051191,68.6277198135305,0.989398551523153,1.00725869944305,1.34407456877555,0.482657375897152,3.49040555953979,1.14251798391342,0.59526931516375,2.03947893735537,1.81557344921428,3.67965753435915,0.0328195780857684,0.486581921577454
0048,14,circular,1,0.877341228800138,6110,281.651,88.2014377339272,0.978852931752643,0.142808267244717,0.771464646464647,88.6931610453729,87.7840891354859,0.967895518905635,1.01035577083319,1.35619659901877,0.267862953330323,2.61822152137756,1.24315989017487,0.455721537614099,1.91101671174156,1.07215879469049,3.9192458858854,0.0223429992474891,0.373056292533875
0048,6,circular,1,0.921621747304751,2526,178.595,56.7115780947861,0.977554179566563,0.226054907122618,0.791849529780564,57.5231120186052,56.0341010412837,0.99518682544783,1.02657330000216,1.44909392261976,0.432956145820708,3.33221292495728,1.32813280820847,0.56159248128437,2.28729955616899,1.5554522411093,4.04161184262536,0.0349437975876991,0.485728144645691
0048,NaN,unmatched,0,NaN,36,37.108,6.77027500257308,0.75,0.990119580009806,0.631578947368421,19.8623811957032,2.78521420627704,0.328531690905457,7.13136574951374,1.36009815129538,0.0954212638736887,1.624152302742,1.36333954334259,0.173791252033767,1.85895423974728,0.281756759416335,4.59989170588662,0.0285744025152274,0.113792300224304
0048,17,circular,1,1.61872753100402,3460,243.7,66.373253836042,0.919723551302499,0.391477399755386,0.667953667953668,69.5997850839818,64.0448677547247,0.732107581731488,1.08673477710237,1.36316417139249,0.390631154537378,3.34661889076233,1.27238672971725,0.563118400572631,2.01079964310806,1.97482565103895,3.73185562496288,0.0270803639693411,0.384319186210632
0048,NaN,unmatched,0,NaN,14,11.512,4.22200824564475,0.933333333333333,0.608545367097748,0.7,5.00790545606334,3.97386854871305,1.32750552676631,1.26020913743741,1.00465925683578,0.205768324664512,1.82491362094879,0.957463890314102,0.467262233449236,1.05161025810867,0.922843585601034,4.33108720464656,0.056631224271576,0.290770828723907
0048,4,irregular,1,5.76282254675957,3839,226.844,69.9139943948155,0.965057817998994,0.285676383775093,0.772434607645875,71.5615112157422,68.5792673067732,0.937504546865676,1.04348608589865,1.36716160232469,0.475311606866541,3.16754937171936,1.16211122274399,0.563900600757618,2.09503614303592,1.60826626941539,3.95175404324724,0.036763481873412,0.528120160102844
0049,NaN,unmatched,0,NaN,213,89.897,16.4681517793768,0.783088235294118,0.983785129832217,0.563492063492063,42.1427760341548,7.55835338561405,0.331206666504194,5.57565568637819,1.42792655638746,0.215105537369878,2.00384020805359,1.39581602811813,0.365842599991082,2.08521963162092,0.357631560183927,4.61601801799544,0.0346057284804439,0.305270671844482
0049,12,irregular,1,2.67289362019304,234,65.988,17.2608821752548,0.823943661971831,0.76416034541745,0.65,22.6463585528488,14.6074975469323,0.675298507656839,1.55032430983394,1.39236118824858,0.248937819354798,2.09147882461548,1.32325899600983,0.360951445261711,2.00059894668434,0.844370205973787,4.56782818970519,0.05942101221566,0.344200015068054
0049,8,circular,1,2.06690794334409,3511,226.621,66.8606314774633,0.944833153928956,0.149469275406608,0.71667687283119,67.5799430495175,66.8207750171575,0.859093415233429,1.01136125751557,1.53776647770172,0.427980098580281,2.88152194023132,1.35930550098419,0.506100912488014,2.54788039759737,1.28788209872055,4.24549892054898,0.0378128200482601,0.4701167345047
0049,17,irregular,1,1.30909248991883,526,91.502,25.8790262670506,0.900684931506849,0.771762481329866,0.647783251231527,32.7085153684507,20.7997014371994,0.789467824631519,1.57254734964382,1.55921268364962,0.231966280045685,2.31270670890808,1.47949612140656,0.324656235572675,2.48493144661637,1.25384887679919,4.31339874456673,0.0439542212872663,0.233232140541077
0049,5,irregular,1,3.22579097818475,378,91.816,21.9381983742944,0.811158798283262,0.884343237825382,0.537695590327169,34.2919339600435,16.0087528715452,0.563462381620691,2.14207404131997,1.44633351484414,0.282731539863046,2.45248746871948,1.34922897815704,0.352377222350735,2.17179159379682,1.70555090694203,4.04803906275721,0.0426680184815801,0.283661603927612
0049,7,circular,1,0.836700987790764,3873,221.187,70.2229076353243,0.981997971602434,0.155150972454713,0.790569503980404,70.6910524564408,69.8350383254219,0.994805469805273,1.012257659644,1.53793810404005,0.665812624909755,3.69691705703735,1.16580700874329,0.612852880126283,2.80852212526867,1.13323824903377,3.99670730140138,0.0427215464415414,0.928009867668152
0049,19,circular,1,4.31926350743315,6287,383.559,89.4698665347723,0.807371259791961,0.559714472667818,0.599561319855045,103.395715436289,85.6825333368093,0.537018156045756,1.20673037327049,1.67419249516629,0.772876342749313,4.8599705696106,1.31871438026428,0.691019117079945,3.4002395926205,1.58362564812905,3.79603496401106,0.0458723544242215,0.805184960365295
0049,NaN,unmatched,0,NaN,15,27.44,4.37019372236832,1,0.997775303139718,1,17.3205080756888,1.15470053837924,0.250341533947627,15.0000000000001,1.3442327341476,0.201646064726976,1.795569896698,1.30579996109009,0.273015973496632,1.84751716563507,0.461374002711526,4.84454044312623,0.0596930255537659,0.327649712562561
0049,13,circular,1,1.41270959056228,3665,225.736,68.3112211240172,0.952442827442827,0.504698805425366,0.727615644232678,74.3786209757757,64.2107285899632,0.903820510667417,1.15835192356627,1.76373599870021,0.82601451480565,4.8599705696106,1.33763909339905,0.691019117079945,3.79302097340037,1.07420585575275,3.94736596579954,0.0505806143988019,1.19965243339539
0049,20,irregular,1,10.709957859411,2533,202.389,56.7901027188204,0.918752266956837,0.657556415057267,0.71797052154195,66.3382861773185,49.9796170570452,0.777089864752752,1.32730681192699,1.4212496063385,0.441054329439827,2.82872724533081,1.26386708021164,0.534368770478135,2.21446186828002,1.16522727547613,4.4076144536719,0.039641195329949,0.578412652015686
0049,4,circular,1,0.826213424688389,4333,253.145,74.2761532885048,0.949386503067485,0.148598684548056,0.721445221445221,74.7711539008636,73.9410134193535,0.849688705447587,1.01122706388675,1.5325292751867,0.634946359500643,4.07279348373413,1.23724681138992,0.600602891775122,2.75178023744342,1.60889895657232,3.6521472351498,0.0342571004002134,0.617874145507812
0049,16,circular,1,0.760628899291019,62,26.043,8.88486644658096,0.953846153846154,0.487144966937952,0.688888888888889,9.60592327663378,8.38905568860231,1.14873414870462,1.1450541793023,1.41552974314525,0.163219822796019,1.92215025424957,1.36642038822174,0.29335355106701,2.03033454277604,1.15760536588021,4.12269750245092,0.0501408320349966,0.128927707672119
0049,3,irregular,1,3.40121662637859,671,104.445,29.229158977249,0.87597911227154,0.607049819896353,0.582465277777778,33.6008271298897,26.7013601484809,0.772960098932528,1.25839383997827,1.52556154513732,0.310978840005557,2.54092955589294,1.39856314659119,0.343674302587389,2.4240206825999,1.72740762230103,3.94857078650462,0.0415783446860437,0.228972554206848
0049,11,circular,1,0.622276375914997,4188,243.716,73.0227855764957,0.959450171821306,0.336051014933954,0.725194805194805,75.7790803450305,71.3720558567362,0.886030054868659,1.06174719833124,1.50428910552172,0.686759682123662,4.43517255783081,1.18126618862152,0.699605209294897,2.73449750408234,1.82790087870086,3.59100450588439,0.0427643044408965,0.613977313041687
0049,1,irregular,1,3.93467927946374,4745,288.143,77.7272258592081,0.8942706370147,0.483187943034265,0.714393255043662,85.1613036744492,74.5601396567043,0.718174422361647,1.14218272748087,1.77854180196347,0.910876459856443,4.36943912506104,1.32019335031509,0.657557545991684,3.99285432744974,1.28318266018231,4.09954521354484,0.0512251236215931,1.0252879858017
0049,NaN,unmatched,0,NaN,437,76.741,23.5882530308895,0.962555066079295,0.656385222237607,0.599451303155007,27.557292727652,20.7899353938724,0.93247327309937,1.32551122480997,2.27920696167667,0.881279785962407,4.13394498825073,1.95728325843811,0.568378511785347,5.97108684903554,0.519473014486709,4.70229730531799,0.0730965023561406,1.61290621757507
0049,2,circular,1,1.19880997935847,405,81.14,22.7081926981814,0.882352941176471,0.59967408310731,0.613636363636364,25.7137434803164,20.5772775252542,0.773027387035621,1.2496183447377,1.52654697180946,0.235273852387133,2.43195462226868,1.46930760145187,0.365403120660165,2.38567715862502,1.48695796572184,4.20092912293297,0.0448782658480569,0.228049278259277
0050,13,circular,1,0.809083061246696,5279,262.638,81.9843372642417,0.976507584165742,0.0733653429010588,0.757171543316122,82.1325684501562,81.9112320257546,0.96171502446844,1.00270214986306,1.59308415730922,0.848517581246595,4.7156810760498,1.1602503657341,0.65570988713136,3.2578642537892,1.84054327451411,3.18756452692786,0.040088148293802,0.557827830314636
0050,5,circular,1,0.706073011949306,4833,258.197,78.4446729848818,0.963901076984444,0.139610317811039,0.774395128985739,78.9123306296658,78.139504573237,0.911012372964097,1.00989033729673,1.49192560059203,0.491410684892508,3.52513790130615,1.26426458358765,0.561224259891809,2.46731359279484,1.44795388950899,3.71901516063068,0.0292953791057815,0.512189030647278
0050,1,irregular,1,3.88463257167368,82,56.387,10.2179079399006,0.546666666666667,0.899054490891956,0.325396825396825,18.7750531034733,8.22040829100225,0.324090080132958,2.28395627550809,1.27094135760534,0.157680386727243,1.81761300563812,1.22556573152542,0.273730964355691,1.6401360882933,1.30804838790686,4.33771587143233,0.0510263582704521,0.184683799743652
0050,NaN,unmatched,0,NaN,14,13.679,4.22200824564475,0.875,0.925617966801282,0.466666666666667,7.38926032017301,2.79653368086273,0.94021938407949,2.64229262488033,1.50051422064121,0.132813223289679,2.05241680145264,1.49534457921982,0.285194560041826,2.26915514116204,0.383797316338771,4.13589977138843,0.0447751502667893,0.156853437423706
0050,10,circular,1,2.79958879519706,215,53.376,16.5452864018143,0.918803418803419,0.529751217536395,0.665634674922601,18.4693909519681,15.6648708260479,0.94832298016382,1.1790324450845,1.54309900552138,0.15392888038801,2.19351625442505,1.52486395835876,0.276626088742297,2.40483222103069,1.47302418698231,4.13485139744461,0.0521967537414763,0.155309438705444
0050,19,circular,1,0.583663872455313,1747,168.44,47.1630097073154,0.920927780706378,0.424718200494681,0.699079631852741,50.388316463982,45.6178330626384,0.773770741033011,1.10457496731143,1.56928675747127,0.32751013460169,3.16492486000061,1.47684574127197,0.507428336041428,2.56990996255655,1.94718380275314,3.59230544275539,0.0323392645809118,0.235833168029785
0050,2,circular,1,0.365091049633757,56,24.728,8.4440164912895,0.949152542372881,0.531880611404887,0.691358024691358,9.30084145992636,7.8761325397414,1.15085313981913,1.18088940390428,1.36135745948617,0.159138340737868,1.8370109796524,1.34502172470093,0.296865384667579,1.87858903101701,0.620827843393779,4.49525753611394,0.0487993690267383,0.215916514396667
0050,NaN,unmatched,0,NaN,2351,200.439,54.7118467031809,0.925955100433241,0.856149309573503,0.583664349553128,77.3454404425496,39.9665946943645,0.735356674092853,1.93525220334711,1.75375465242969,0.666283396763332,3.66197443008423,1.44531613588333,0.6113099241728,3.51955809128949,1.11790587725802,4.1793174449626,0.04736980436399,0.752898335456848
0050,3,irregular,1,13.3531999594742,2652,218.376,58.1087882564905,0.870364292746964,0.863482088097502,0.549068322981366,85.6455134967978,43.197841573148,0.698833266154121,1.98263409415426,1.7478692513416,0.657061205316261,3.66197443008423,1.43814867734909,0.582453773595889,3.48674710131878,1.17359805854399,4.12687530638078,0.0465607374126116,0.719336867332458
0050,12,irregular,1,1.31803247152339,4515,251.687,75.8200273310374,0.961866212185769,0.241467621218058,0.732716650438169,77.4175965338078,75.1267228862,0.895665921308189,1.03049345904623,1.51947360099347,0.512176852874358,3.14303684234619,1.31704211235046,0.538215480819668,2.57111107345725,1.55184220130463,4.06081256155908,0.0368102675501729,0.413554430007935
0050,14,circular,1,2.56282414806133,1246,160.526,39.8303461288,0.844745762711864,0.289503633000806,0.60780487804878,43.0339255665324,41.1910801112001,0.607627104508744,1.04473894470253,1.56133630425938,0.265023543281908,2.93561339378357,1.49233204126358,0.445870460552683,2.50799843028742,1.95688280528197,3.50761355078205,0.0336535980240596,0.188274383544922
0050,NaN,unmatched,0,NaN,9,7.683,3.38513750128654,1,0.66581188486039,0.75,4.05369123455442,3.02453869019341,1.91597883403779,1.34026760765133,1.50980502906917,0.0948486160309238,2.10027289390564,1.511146068573,0.220780892743829,2.28849118819313,1.63332637618233,3.70732500182322,0.0275121472238784,0.124439001083374
0050,16,irregular,1,2.93058990658704,3587,221.543,67.5803983930624,0.964247311827957,0.40882210151262,0.754840067340067,70.9482788989354,64.7483994527456,0.918385833586249,1.09575340083448,1.41663332930178,0.565398989351483,3.51844143867493,1.18234986066818,0.771752709196721,2.32650415911616,1.62309891012481,3.91428088057256,0.0412524587363475,0.55243444442749
0050,4,irregular,1,2.41492624831515,402,84.836,22.6239319523273,0.87012987012987,0.874606967079055,0.531746031746032,33.3530999510455,16.1706702744366,0.701900497512422,2.06256756120813,1.42550850342731,0.274380739993767,2.75113797187805,1.32867395877838,0.420490302112315,2.10732855533718,1.93562645702519,3.77086762152384,0.0510483031010205,0.210952043533325
0050,20,circular,1,0.278929726314625,4765,257.451,77.890862305299,0.95855964594649,0.337294959625991,0.783717105263158,80.4796078455078,75.763423757151,0.903407315176759,1.06224882475578,1.57089144827908,0.651660302378315,3.63834261894226,1.27841514348984,0.623250207166887,2.89233812738478,1.64032257591273,3.82903273890592,0.0381800257351395,0.501545548439026
0050,9,circular,1,0.950618476644396,3568,217.962,67.4011772568926,0.96510684338653,0.208487139913642,0.749422390254148,68.2398271743235,66.7402643634272,0.94378515321998,1.02246863756383,1.39978409698644,0.453198268952431,3.32263970375061,1.19007229804993,0.58579237027733,2.16476968533228,1.438789952115,3.8871196110147,0.0391560029588714,0.541744947433472
0050,17,irregular,1,2.22615826773985,3649,219.666,68.1619475861614,0.967647838769557,0.288375433892935,0.73420523138833,69.8123290943339,66.8465212212307,0.950294123661128,1.04436742285044,1.40494856809944,0.513114598985693,3.30570650100708,1.1710307598114,0.613211002001165,2.23714952527564,1.64585440625527,3.82535050088826,0.0368691309356746,0.549720883369446
